2026-09-21 19:38:01,376 [BombeRLeWorld] INFO: Initializing game world
2026-09-21 19:38:02,597 [BombeRLeWorld] INFO: STARTING ROUND #1
2026-09-21 19:38:02,603 [BombeRLeWorld] INFO: STARTING STEP 1
2026-09-21 19:38:02,653 [BombeRLeWorld] INFO: Agent <rule_based_agent_1> chose action LEFT in 0.00s.
2026-09-21 19:38:02,653 [BombeRLeWorld] INFO: Agent <rule_based_agent_1> stayed within acceptable think time.
2026-09-21 19:38:02,654 [BombeRLeWorld] INFO: Agent <rule_based_agent_2> chose action LEFT in 0.00s.
2026-09-21 19:38:02,654 [BombeRLeWorld] INFO: Agent <rule_based_agent_2> stayed within acceptable think time.
2026-09-21 19:38:02,654 [BombeRLeWorld] INFO: Agent <final_code> chose action RIGHT in 0.05s.
2026-09-21 19:38:02,654 [BombeRLeWorld] INFO: Agent <final_code> stayed within acceptable think time.
2026-09-21 19:38:02,654 [BombeRLeWorld] INFO: Agent <rule_based_agent_0> chose action RIGHT in 0.00s.
2026-09-21 19:38:02,654 [BombeRLeWorld] INFO: Agent <rule_based_agent_0> stayed within acceptable think time.
2026-09-21 19:38:02,701 [BombeRLeWorld] INFO: STARTING STEP 2
2026-09-21 19:38:02,703 [BombeRLeWorld] INFO: Agent <final_code> chose action BOMB in 0.00s.
2026-09-21 19:38:02,703 [BombeRLeWorld] INFO: Agent <final_code> stayed within acceptable think time.
2026-09-21 19:38:02,703 [BombeRLeWorld] INFO: Agent <final_code> drops bomb at (np.int64(2), np.int64(1))
2026-09-21 19:38:02,703 [BombeRLeWorld] INFO: Agent <rule_based_agent_1> chose action BOMB in 0.00s.
2026-09-21 19:38:02,703 [BombeRLeWorld] INFO: Agent <rule_based_agent_1> stayed within acceptable think time.
2026-09-21 19:38:02,703 [BombeRLeWorld] INFO: Agent <rule_based_agent_1> drops bomb at (np.int64(14), np.int64(15))
2026-09-21 19:38:02,703 [BombeRLeWorld] INFO: Agent <rule_based_agent_2> chose action BOMB in 0.00s.
2026-09-21 19:38:02,703 [BombeRLeWorld] INFO: Agent <rule_based_agent_2> stayed within acceptable think time.
2026-09-21 19:38:02,703 [BombeRLeWorld] INFO: Agent <rule_based_agent_2> drops bomb at (np.int64(14), np.int64(1))
2026-09-21 19:38:02,703 [BombeRLeWorld] INFO: Agent <rule_based_agent_0> chose action BOMB in 0.00s.
2026-09-21 19:38:02,703 [BombeRLeWorld] INFO: Agent <rule_based_agent_0> stayed within acceptable think time.
2026-09-21 19:38:02,703 [BombeRLeWorld] INFO: Agent <rule_based_agent_0> drops bomb at (np.int64(2), np.int64(15))
2026-09-21 19:38:02,800 [BombeRLeWorld] INFO: STARTING STEP 3
2026-09-21 19:38:02,802 [BombeRLeWorld] INFO: Agent <rule_based_agent_1> chose action RIGHT in 0.00s.
2026-09-21 19:38:02,802 [BombeRLeWorld] INFO: Agent <rule_based_agent_1> stayed within acceptable think time.
2026-09-21 19:38:02,802 [BombeRLeWorld] INFO: Agent <rule_based_agent_0> chose action LEFT in 0.00s.
2026-09-21 19:38:02,802 [BombeRLeWorld] INFO: Agent <rule_based_agent_0> stayed within acceptable think time.
2026-09-21 19:38:02,802 [BombeRLeWorld] INFO: Agent <rule_based_agent_2> chose action RIGHT in 0.00s.
2026-09-21 19:38:02,802 [BombeRLeWorld] INFO: Agent <rule_based_agent_2> stayed within acceptable think time.
2026-09-21 19:38:02,802 [BombeRLeWorld] INFO: Agent <final_code> chose action LEFT in 0.00s.
2026-09-21 19:38:02,802 [BombeRLeWorld] INFO: Agent <final_code> stayed within acceptable think time.
2026-09-21 19:38:02,900 [BombeRLeWorld] INFO: STARTING STEP 4
2026-09-21 19:38:02,902 [BombeRLeWorld] INFO: Agent <final_code> chose action WAIT in 0.00s.
2026-09-21 19:38:02,902 [BombeRLeWorld] INFO: Agent <final_code> stayed within acceptable think time.
2026-09-21 19:38:02,902 [BombeRLeWorld] INFO: Agent <rule_based_agent_0> chose action UP in 0.00s.
2026-09-21 19:38:02,902 [BombeRLeWorld] INFO: Agent <rule_based_agent_0> stayed within acceptable think time.
2026-09-21 19:38:02,902 [BombeRLeWorld] INFO: Agent <rule_based_agent_1> chose action UP in 0.00s.
2026-09-21 19:38:02,902 [BombeRLeWorld] INFO: Agent <rule_based_agent_1> stayed within acceptable think time.
2026-09-21 19:38:02,902 [BombeRLeWorld] INFO: Agent <rule_based_agent_2> chose action DOWN in 0.00s.
2026-09-21 19:38:02,902 [BombeRLeWorld] INFO: Agent <rule_based_agent_2> stayed within acceptable think time.
2026-09-21 19:38:03,000 [BombeRLeWorld] INFO: STARTING STEP 5
2026-09-21 19:38:03,002 [BombeRLeWorld] INFO: Agent <final_code> chose action DOWN in 0.00s.
2026-09-21 19:38:03,002 [BombeRLeWorld] INFO: Agent <final_code> stayed within acceptable think time.
2026-09-21 19:38:03,002 [BombeRLeWorld] INFO: Agent <rule_based_agent_1> chose action DOWN in 0.00s.
2026-09-21 19:38:03,002 [BombeRLeWorld] INFO: Agent <rule_based_agent_1> stayed within acceptable think time.
2026-09-21 19:38:03,002 [BombeRLeWorld] INFO: Agent <rule_based_agent_0> chose action DOWN in 0.00s.
2026-09-21 19:38:03,002 [BombeRLeWorld] INFO: Agent <rule_based_agent_0> stayed within acceptable think time.
2026-09-21 19:38:03,002 [BombeRLeWorld] INFO: Agent <rule_based_agent_2> chose action DOWN in 0.00s.
2026-09-21 19:38:03,002 [BombeRLeWorld] INFO: Agent <rule_based_agent_2> stayed within acceptable think time.
2026-09-21 19:38:03,100 [BombeRLeWorld] INFO: STARTING STEP 6
2026-09-21 19:38:03,102 [BombeRLeWorld] INFO: Agent <rule_based_agent_1> chose action UP in 0.00s.
2026-09-21 19:38:03,102 [BombeRLeWorld] INFO: Agent <rule_based_agent_1> stayed within acceptable think time.
2026-09-21 19:38:03,102 [BombeRLeWorld] INFO: Agent <rule_based_agent_0> chose action UP in 0.00s.
2026-09-21 19:38:03,102 [BombeRLeWorld] INFO: Agent <rule_based_agent_0> stayed within acceptable think time.
2026-09-21 19:38:03,102 [BombeRLeWorld] INFO: Agent <rule_based_agent_2> chose action UP in 0.00s.
2026-09-21 19:38:03,102 [BombeRLeWorld] INFO: Agent <rule_based_agent_2> stayed within acceptable think time.
2026-09-21 19:38:03,102 [BombeRLeWorld] INFO: Agent <final_code> chose action DOWN in 0.00s.
2026-09-21 19:38:03,102 [BombeRLeWorld] INFO: Agent <final_code> stayed within acceptable think time.
2026-09-21 19:38:03,102 [BombeRLeWorld] INFO: Agent <final_code>'s bomb at (np.int64(2), np.int64(1)) explodes
2026-09-21 19:38:03,102 [BombeRLeWorld] INFO: Agent <rule_based_agent_1>'s bomb at (np.int64(14), np.int64(15)) explodes
2026-09-21 19:38:03,102 [BombeRLeWorld] INFO: Coin found at (np.int64(12), np.int64(15))
2026-09-21 19:38:03,102 [BombeRLeWorld] INFO: Agent <rule_based_agent_2>'s bomb at (np.int64(14), np.int64(1)) explodes
2026-09-21 19:38:03,102 [BombeRLeWorld] INFO: Agent <rule_based_agent_0>'s bomb at (np.int64(2), np.int64(15)) explodes
2026-09-21 19:38:03,202 [BombeRLeWorld] INFO: STARTING STEP 7
2026-09-21 19:38:03,203 [BombeRLeWorld] INFO: Agent <rule_based_agent_1> chose action None in 0.00s.
2026-09-21 19:38:03,203 [BombeRLeWorld] INFO: Agent <rule_based_agent_1> stayed within acceptable think time.
2026-09-21 19:38:03,203 [BombeRLeWorld] INFO: Agent <rule_based_agent_0> chose action None in 0.00s.
2026-09-21 19:38:03,203 [BombeRLeWorld] INFO: Agent <rule_based_agent_0> stayed within acceptable think time.
2026-09-21 19:38:03,203 [BombeRLeWorld] INFO: Agent <final_code> chose action UP in 0.00s.
2026-09-21 19:38:03,203 [BombeRLeWorld] INFO: Agent <final_code> stayed within acceptable think time.
2026-09-21 19:38:03,203 [BombeRLeWorld] INFO: Agent <rule_based_agent_2> chose action DOWN in 0.00s.
2026-09-21 19:38:03,203 [BombeRLeWorld] INFO: Agent <rule_based_agent_2> stayed within acceptable think time.
2026-09-21 19:38:03,301 [BombeRLeWorld] INFO: STARTING STEP 8
2026-09-21 19:38:03,303 [BombeRLeWorld] INFO: Agent <rule_based_agent_0> chose action DOWN in 0.00s.
2026-09-21 19:38:03,303 [BombeRLeWorld] INFO: Agent <rule_based_agent_0> stayed within acceptable think time.
2026-09-21 19:38:03,303 [BombeRLeWorld] INFO: Agent <rule_based_agent_2> chose action UP in 0.00s.
2026-09-21 19:38:03,303 [BombeRLeWorld] INFO: Agent <rule_based_agent_2> stayed within acceptable think time.
2026-09-21 19:38:03,303 [BombeRLeWorld] INFO: Agent <rule_based_agent_1> chose action DOWN in 0.00s.
2026-09-21 19:38:03,303 [BombeRLeWorld] INFO: Agent <rule_based_agent_1> stayed within acceptable think time.
2026-09-21 19:38:03,303 [BombeRLeWorld] INFO: Agent <final_code> chose action WAIT in 0.00s.
2026-09-21 19:38:03,303 [BombeRLeWorld] INFO: Agent <final_code> stayed within acceptable think time.
2026-09-21 19:38:03,402 [BombeRLeWorld] INFO: STARTING STEP 9
2026-09-21 19:38:03,403 [BombeRLeWorld] INFO: Agent <rule_based_agent_1> chose action UP in 0.00s.
2026-09-21 19:38:03,403 [BombeRLeWorld] INFO: Agent <rule_based_agent_1> stayed within acceptable think time.
2026-09-21 19:38:03,403 [BombeRLeWorld] INFO: Agent <rule_based_agent_0> chose action UP in 0.00s.
2026-09-21 19:38:03,403 [BombeRLeWorld] INFO: Agent <rule_based_agent_0> stayed within acceptable think time.
2026-09-21 19:38:03,403 [BombeRLeWorld] INFO: Agent <rule_based_agent_2> chose action DOWN in 0.00s.
2026-09-21 19:38:03,403 [BombeRLeWorld] INFO: Agent <rule_based_agent_2> stayed within acceptable think time.
2026-09-21 19:38:03,403 [BombeRLeWorld] INFO: Agent <final_code> chose action BOMB in 0.00s.
2026-09-21 19:38:03,403 [BombeRLeWorld] INFO: Agent <final_code> stayed within acceptable think time.
2026-09-21 19:38:03,403 [BombeRLeWorld] INFO: Agent <final_code> drops bomb at (np.int64(1), np.int64(2))
2026-09-21 19:38:03,503 [BombeRLeWorld] INFO: STARTING STEP 10
2026-09-21 19:38:03,505 [BombeRLeWorld] INFO: Agent <rule_based_agent_0> chose action BOMB in 0.00s.
2026-09-21 19:38:03,505 [BombeRLeWorld] INFO: Agent <rule_based_agent_0> stayed within acceptable think time.
2026-09-21 19:38:03,505 [BombeRLeWorld] INFO: Agent <rule_based_agent_0> drops bomb at (np.int64(1), np.int64(14))
2026-09-21 19:38:03,505 [BombeRLeWorld] INFO: Agent <rule_based_agent_1> chose action BOMB in 0.00s.
2026-09-21 19:38:03,505 [BombeRLeWorld] INFO: Agent <rule_based_agent_1> stayed within acceptable think time.
2026-09-21 19:38:03,505 [BombeRLeWorld] INFO: Agent <rule_based_agent_1> drops bomb at (np.int64(15), np.int64(14))
2026-09-21 19:38:03,505 [BombeRLeWorld] INFO: Agent <final_code> chose action UP in 0.00s.
2026-09-21 19:38:03,505 [BombeRLeWorld] INFO: Agent <final_code> stayed within acceptable think time.
2026-09-21 19:38:03,505 [BombeRLeWorld] INFO: Agent <rule_based_agent_2> chose action BOMB in 0.00s.
2026-09-21 19:38:03,505 [BombeRLeWorld] INFO: Agent <rule_based_agent_2> stayed within acceptable think time.
2026-09-21 19:38:03,505 [BombeRLeWorld] INFO: Agent <rule_based_agent_2> drops bomb at (np.int64(15), np.int64(3))
2026-09-21 19:38:03,602 [BombeRLeWorld] INFO: STARTING STEP 11
2026-09-21 19:38:03,604 [BombeRLeWorld] INFO: Agent <rule_based_agent_0> chose action DOWN in 0.00s.
2026-09-21 19:38:03,604 [BombeRLeWorld] INFO: Agent <rule_based_agent_0> stayed within acceptable think time.
2026-09-21 19:38:03,604 [BombeRLeWorld] INFO: Agent <rule_based_agent_2> chose action UP in 0.00s.
2026-09-21 19:38:03,604 [BombeRLeWorld] INFO: Agent <rule_based_agent_2> stayed within acceptable think time.
2026-09-21 19:38:03,604 [BombeRLeWorld] INFO: Agent <final_code> chose action RIGHT in 0.00s.
2026-09-21 19:38:03,604 [BombeRLeWorld] INFO: Agent <final_code> stayed within acceptable think time.
2026-09-21 19:38:03,604 [BombeRLeWorld] INFO: Agent <rule_based_agent_1> chose action DOWN in 0.00s.
2026-09-21 19:38:03,604 [BombeRLeWorld] INFO: Agent <rule_based_agent_1> stayed within acceptable think time.
2026-09-21 19:38:03,701 [BombeRLeWorld] INFO: STARTING STEP 12
2026-09-21 19:38:03,704 [BombeRLeWorld] INFO: Agent <final_code> chose action RIGHT in 0.00s.
2026-09-21 19:38:03,704 [BombeRLeWorld] INFO: Agent <final_code> stayed within acceptable think time.
2026-09-21 19:38:03,704 [BombeRLeWorld] INFO: Agent <rule_based_agent_1> chose action LEFT in 0.00s.
2026-09-21 19:38:03,704 [BombeRLeWorld] INFO: Agent <rule_based_agent_1> stayed within acceptable think time.
2026-09-21 19:38:03,704 [BombeRLeWorld] INFO: Agent <rule_based_agent_2> chose action UP in 0.00s.
2026-09-21 19:38:03,704 [BombeRLeWorld] INFO: Agent <rule_based_agent_2> stayed within acceptable think time.
2026-09-21 19:38:03,704 [BombeRLeWorld] INFO: Agent <rule_based_agent_0> chose action RIGHT in 0.00s.
2026-09-21 19:38:03,704 [BombeRLeWorld] INFO: Agent <rule_based_agent_0> stayed within acceptable think time.
2026-09-21 19:38:03,802 [BombeRLeWorld] INFO: STARTING STEP 13
2026-09-21 19:38:03,804 [BombeRLeWorld] INFO: Agent <final_code> chose action RIGHT in 0.00s.
2026-09-21 19:38:03,804 [BombeRLeWorld] INFO: Agent <final_code> stayed within acceptable think time.
2026-09-21 19:38:03,804 [BombeRLeWorld] INFO: Agent <rule_based_agent_1> chose action LEFT in 0.00s.
2026-09-21 19:38:03,804 [BombeRLeWorld] INFO: Agent <rule_based_agent_1> stayed within acceptable think time.
2026-09-21 19:38:03,804 [BombeRLeWorld] INFO: Agent <rule_based_agent_2> chose action LEFT in 0.00s.
2026-09-21 19:38:03,804 [BombeRLeWorld] INFO: Agent <rule_based_agent_2> stayed within acceptable think time.
2026-09-21 19:38:03,804 [BombeRLeWorld] INFO: Agent <rule_based_agent_0> chose action RIGHT in 0.00s.
2026-09-21 19:38:03,804 [BombeRLeWorld] INFO: Agent <rule_based_agent_0> stayed within acceptable think time.
2026-09-21 19:38:03,804 [BombeRLeWorld] INFO: Agent <final_code>'s bomb at (np.int64(1), np.int64(2)) explodes
2026-09-21 19:38:03,902 [BombeRLeWorld] INFO: STARTING STEP 14
2026-09-21 19:38:03,904 [BombeRLeWorld] INFO: Agent <rule_based_agent_1> chose action LEFT in 0.00s.
2026-09-21 19:38:03,904 [BombeRLeWorld] INFO: Agent <rule_based_agent_1> stayed within acceptable think time.
2026-09-21 19:38:03,904 [BombeRLeWorld] INFO: Agent <final_code> chose action RIGHT in 0.00s.
2026-09-21 19:38:03,904 [BombeRLeWorld] INFO: Agent <final_code> stayed within acceptable think time.
2026-09-21 19:38:03,904 [BombeRLeWorld] INFO: Agent <rule_based_agent_2> chose action LEFT in 0.00s.
2026-09-21 19:38:03,904 [BombeRLeWorld] INFO: Agent <rule_based_agent_2> stayed within acceptable think time.
2026-09-21 19:38:03,904 [BombeRLeWorld] INFO: Agent <rule_based_agent_0> chose action RIGHT in 0.00s.
2026-09-21 19:38:03,904 [BombeRLeWorld] INFO: Agent <rule_based_agent_0> stayed within acceptable think time.
2026-09-21 19:38:03,904 [BombeRLeWorld] INFO: Agent <rule_based_agent_1> picked up coin at (np.int64(12), np.int64(15)) and receives 1 point
2026-09-21 19:38:03,904 [BombeRLeWorld] INFO: Agent <rule_based_agent_0>'s bomb at (np.int64(1), np.int64(14)) explodes
2026-09-21 19:38:03,904 [BombeRLeWorld] INFO: Agent <rule_based_agent_1>'s bomb at (np.int64(15), np.int64(14)) explodes
2026-09-21 19:38:03,904 [BombeRLeWorld] INFO: Agent <rule_based_agent_2>'s bomb at (np.int64(15), np.int64(3)) explodes
2026-09-21 19:38:04,002 [BombeRLeWorld] INFO: STARTING STEP 15
2026-09-21 19:38:04,004 [BombeRLeWorld] INFO: Agent <rule_based_agent_0> chose action LEFT in 0.00s.
2026-09-21 19:38:04,004 [BombeRLeWorld] INFO: Agent <rule_based_agent_0> stayed within acceptable think time.
2026-09-21 19:38:04,004 [BombeRLeWorld] INFO: Agent <final_code> chose action LEFT in 0.00s.
2026-09-21 19:38:04,004 [BombeRLeWorld] INFO: Agent <final_code> stayed within acceptable think time.
2026-09-21 19:38:04,004 [BombeRLeWorld] INFO: Agent <rule_based_agent_2> chose action DOWN in 0.00s.
2026-09-21 19:38:04,004 [BombeRLeWorld] INFO: Agent <rule_based_agent_2> stayed within acceptable think time.
2026-09-21 19:38:04,004 [BombeRLeWorld] INFO: Agent <rule_based_agent_1> chose action LEFT in 0.00s.
2026-09-21 19:38:04,004 [BombeRLeWorld] INFO: Agent <rule_based_agent_1> stayed within acceptable think time.
2026-09-21 19:38:04,102 [BombeRLeWorld] INFO: STARTING STEP 16
2026-09-21 19:38:04,104 [BombeRLeWorld] INFO: Agent <rule_based_agent_1> chose action LEFT in 0.00s.
2026-09-21 19:38:04,104 [BombeRLeWorld] INFO: Agent <rule_based_agent_1> stayed within acceptable think time.
2026-09-21 19:38:04,104 [BombeRLeWorld] INFO: Agent <rule_based_agent_2> chose action DOWN in 0.00s.
2026-09-21 19:38:04,104 [BombeRLeWorld] INFO: Agent <rule_based_agent_2> stayed within acceptable think time.
2026-09-21 19:38:04,104 [BombeRLeWorld] INFO: Agent <rule_based_agent_0> chose action UP in 0.00s.
2026-09-21 19:38:04,104 [BombeRLeWorld] INFO: Agent <rule_based_agent_0> stayed within acceptable think time.
2026-09-21 19:38:04,104 [BombeRLeWorld] INFO: Agent <final_code> chose action BOMB in 0.00s.
2026-09-21 19:38:04,104 [BombeRLeWorld] INFO: Agent <final_code> stayed within acceptable think time.
2026-09-21 19:38:04,104 [BombeRLeWorld] INFO: Agent <final_code> drops bomb at (np.int64(4), np.int64(1))
2026-09-21 19:38:04,202 [BombeRLeWorld] INFO: STARTING STEP 17
2026-09-21 19:38:04,204 [BombeRLeWorld] INFO: Agent <final_code> chose action LEFT in 0.00s.
2026-09-21 19:38:04,204 [BombeRLeWorld] INFO: Agent <final_code> stayed within acceptable think time.
2026-09-21 19:38:04,204 [BombeRLeWorld] INFO: Agent <rule_based_agent_2> chose action LEFT in 0.00s.
2026-09-21 19:38:04,204 [BombeRLeWorld] INFO: Agent <rule_based_agent_2> stayed within acceptable think time.
2026-09-21 19:38:04,204 [BombeRLeWorld] INFO: Agent <rule_based_agent_1> chose action BOMB in 0.00s.
2026-09-21 19:38:04,204 [BombeRLeWorld] INFO: Agent <rule_based_agent_1> stayed within acceptable think time.
2026-09-21 19:38:04,204 [BombeRLeWorld] INFO: Agent <rule_based_agent_1> drops bomb at (np.int64(10), np.int64(15))
2026-09-21 19:38:04,204 [BombeRLeWorld] INFO: Agent <rule_based_agent_0> chose action UP in 0.00s.
2026-09-21 19:38:04,204 [BombeRLeWorld] INFO: Agent <rule_based_agent_0> stayed within acceptable think time.
2026-09-21 19:38:04,302 [BombeRLeWorld] INFO: STARTING STEP 18
2026-09-21 19:38:04,304 [BombeRLeWorld] INFO: Agent <rule_based_agent_2> chose action BOMB in 0.00s.
2026-09-21 19:38:04,304 [BombeRLeWorld] INFO: Agent <rule_based_agent_2> stayed within acceptable think time.
2026-09-21 19:38:04,304 [BombeRLeWorld] INFO: Agent <rule_based_agent_2> drops bomb at (np.int64(12), np.int64(3))
2026-09-21 19:38:04,304 [BombeRLeWorld] INFO: Agent <rule_based_agent_0> chose action BOMB in 0.00s.
2026-09-21 19:38:04,304 [BombeRLeWorld] INFO: Agent <rule_based_agent_0> stayed within acceptable think time.
2026-09-21 19:38:04,304 [BombeRLeWorld] INFO: Agent <rule_based_agent_0> drops bomb at (np.int64(3), np.int64(13))
2026-09-21 19:38:04,304 [BombeRLeWorld] INFO: Agent <final_code> chose action DOWN in 0.00s.
2026-09-21 19:38:04,304 [BombeRLeWorld] INFO: Agent <final_code> stayed within acceptable think time.
2026-09-21 19:38:04,304 [BombeRLeWorld] INFO: Agent <rule_based_agent_1> chose action RIGHT in 0.00s.
2026-09-21 19:38:04,304 [BombeRLeWorld] INFO: Agent <rule_based_agent_1> stayed within acceptable think time.
2026-09-21 19:38:04,402 [BombeRLeWorld] INFO: STARTING STEP 19
2026-09-21 19:38:04,405 [BombeRLeWorld] INFO: Agent <rule_based_agent_0> chose action DOWN in 0.00s.
2026-09-21 19:38:04,405 [BombeRLeWorld] INFO: Agent <rule_based_agent_0> stayed within acceptable think time.
2026-09-21 19:38:04,405 [BombeRLeWorld] INFO: Agent <rule_based_agent_2> chose action RIGHT in 0.00s.
2026-09-21 19:38:04,405 [BombeRLeWorld] INFO: Agent <rule_based_agent_2> stayed within acceptable think time.
2026-09-21 19:38:04,405 [BombeRLeWorld] INFO: Agent <final_code> chose action DOWN in 0.00s.
2026-09-21 19:38:04,405 [BombeRLeWorld] INFO: Agent <final_code> stayed within acceptable think time.
2026-09-21 19:38:04,405 [BombeRLeWorld] INFO: Agent <rule_based_agent_1> chose action RIGHT in 0.00s.
2026-09-21 19:38:04,405 [BombeRLeWorld] INFO: Agent <rule_based_agent_1> stayed within acceptable think time.
2026-09-21 19:38:04,502 [BombeRLeWorld] INFO: STARTING STEP 20
2026-09-21 19:38:04,504 [BombeRLeWorld] INFO: Agent <rule_based_agent_1> chose action RIGHT in 0.00s.
2026-09-21 19:38:04,504 [BombeRLeWorld] INFO: Agent <rule_based_agent_1> stayed within acceptable think time.
2026-09-21 19:38:04,504 [BombeRLeWorld] INFO: Agent <rule_based_agent_0> chose action DOWN in 0.00s.
2026-09-21 19:38:04,504 [BombeRLeWorld] INFO: Agent <rule_based_agent_0> stayed within acceptable think time.
2026-09-21 19:38:04,504 [BombeRLeWorld] INFO: Agent <final_code> chose action DOWN in 0.00s.
2026-09-21 19:38:04,504 [BombeRLeWorld] INFO: Agent <final_code> stayed within acceptable think time.
2026-09-21 19:38:04,504 [BombeRLeWorld] INFO: Agent <rule_based_agent_2> chose action UP in 0.00s.
2026-09-21 19:38:04,504 [BombeRLeWorld] INFO: Agent <rule_based_agent_2> stayed within acceptable think time.
2026-09-21 19:38:04,504 [BombeRLeWorld] INFO: Agent <final_code>'s bomb at (np.int64(4), np.int64(1)) explodes
2026-09-21 19:38:04,602 [BombeRLeWorld] INFO: STARTING STEP 21
2026-09-21 19:38:04,604 [BombeRLeWorld] INFO: Agent <rule_based_agent_2> chose action UP in 0.00s.
2026-09-21 19:38:04,604 [BombeRLeWorld] INFO: Agent <rule_based_agent_2> stayed within acceptable think time.
2026-09-21 19:38:04,604 [BombeRLeWorld] INFO: Agent <rule_based_agent_1> chose action RIGHT in 0.00s.
2026-09-21 19:38:04,604 [BombeRLeWorld] INFO: Agent <rule_based_agent_1> stayed within acceptable think time.
2026-09-21 19:38:04,604 [BombeRLeWorld] INFO: Agent <rule_based_agent_0> chose action RIGHT in 0.00s.
2026-09-21 19:38:04,604 [BombeRLeWorld] INFO: Agent <rule_based_agent_0> stayed within acceptable think time.
2026-09-21 19:38:04,604 [BombeRLeWorld] INFO: Agent <final_code> chose action UP in 0.00s.
2026-09-21 19:38:04,604 [BombeRLeWorld] INFO: Agent <final_code> stayed within acceptable think time.
2026-09-21 19:38:04,604 [BombeRLeWorld] INFO: Agent <rule_based_agent_1>'s bomb at (np.int64(10), np.int64(15)) explodes
2026-09-21 19:38:04,702 [BombeRLeWorld] INFO: STARTING STEP 22
2026-09-21 19:38:04,705 [BombeRLeWorld] INFO: Agent <rule_based_agent_0> chose action RIGHT in 0.00s.
2026-09-21 19:38:04,705 [BombeRLeWorld] INFO: Agent <rule_based_agent_0> stayed within acceptable think time.
2026-09-21 19:38:04,705 [BombeRLeWorld] INFO: Agent <rule_based_agent_2> chose action RIGHT in 0.00s.
2026-09-21 19:38:04,705 [BombeRLeWorld] INFO: Agent <rule_based_agent_2> stayed within acceptable think time.
2026-09-21 19:38:04,705 [BombeRLeWorld] INFO: Agent <final_code> chose action WAIT in 0.00s.
2026-09-21 19:38:04,705 [BombeRLeWorld] INFO: Agent <final_code> stayed within acceptable think time.
2026-09-21 19:38:04,705 [BombeRLeWorld] INFO: Agent <rule_based_agent_1> chose action RIGHT in 0.00s.
2026-09-21 19:38:04,705 [BombeRLeWorld] INFO: Agent <rule_based_agent_1> stayed within acceptable think time.
2026-09-21 19:38:04,705 [BombeRLeWorld] INFO: Agent <rule_based_agent_2>'s bomb at (np.int64(12), np.int64(3)) explodes
2026-09-21 19:38:04,705 [BombeRLeWorld] INFO: Agent <rule_based_agent_0>'s bomb at (np.int64(3), np.int64(13)) explodes
2026-09-21 19:38:04,802 [BombeRLeWorld] INFO: STARTING STEP 23
2026-09-21 19:38:04,805 [BombeRLeWorld] INFO: Agent <rule_based_agent_0> chose action LEFT in 0.00s.
2026-09-21 19:38:04,805 [BombeRLeWorld] INFO: Agent <rule_based_agent_0> stayed within acceptable think time.
2026-09-21 19:38:04,805 [BombeRLeWorld] INFO: Agent <rule_based_agent_2> chose action LEFT in 0.00s.
2026-09-21 19:38:04,805 [BombeRLeWorld] INFO: Agent <rule_based_agent_2> stayed within acceptable think time.
2026-09-21 19:38:04,805 [BombeRLeWorld] INFO: Agent <rule_based_agent_1> chose action UP in 0.00s.
2026-09-21 19:38:04,805 [BombeRLeWorld] INFO: Agent <rule_based_agent_1> stayed within acceptable think time.
2026-09-21 19:38:04,805 [BombeRLeWorld] INFO: Agent <final_code> chose action BOMB in 0.00s.
2026-09-21 19:38:04,805 [BombeRLeWorld] INFO: Agent <final_code> stayed within acceptable think time.
2026-09-21 19:38:04,805 [BombeRLeWorld] INFO: Agent <final_code> drops bomb at (np.int64(3), np.int64(3))
2026-09-21 19:38:04,903 [BombeRLeWorld] INFO: STARTING STEP 24
2026-09-21 19:38:04,905 [BombeRLeWorld] INFO: Agent <rule_based_agent_1> chose action UP in 0.00s.
2026-09-21 19:38:04,905 [BombeRLeWorld] INFO: Agent <rule_based_agent_1> stayed within acceptable think time.
2026-09-21 19:38:04,905 [BombeRLeWorld] INFO: Agent <rule_based_agent_2> chose action LEFT in 0.00s.
2026-09-21 19:38:04,905 [BombeRLeWorld] INFO: Agent <rule_based_agent_2> stayed within acceptable think time.
2026-09-21 19:38:04,905 [BombeRLeWorld] INFO: Agent <final_code> chose action UP in 0.00s.
2026-09-21 19:38:04,905 [BombeRLeWorld] INFO: Agent <final_code> stayed within acceptable think time.
2026-09-21 19:38:04,905 [BombeRLeWorld] INFO: Agent <rule_based_agent_0> chose action LEFT in 0.00s.
2026-09-21 19:38:04,905 [BombeRLeWorld] INFO: Agent <rule_based_agent_0> stayed within acceptable think time.
2026-09-21 19:38:05,003 [BombeRLeWorld] INFO: STARTING STEP 25
2026-09-21 19:38:05,005 [BombeRLeWorld] INFO: Agent <final_code> chose action UP in 0.00s.
2026-09-21 19:38:05,005 [BombeRLeWorld] INFO: Agent <final_code> stayed within acceptable think time.
2026-09-21 19:38:05,005 [BombeRLeWorld] INFO: Agent <rule_based_agent_0> chose action UP in 0.00s.
2026-09-21 19:38:05,005 [BombeRLeWorld] INFO: Agent <rule_based_agent_0> stayed within acceptable think time.
2026-09-21 19:38:05,005 [BombeRLeWorld] INFO: Agent <rule_based_agent_1> chose action LEFT in 0.00s.
2026-09-21 19:38:05,005 [BombeRLeWorld] INFO: Agent <rule_based_agent_1> stayed within acceptable think time.
2026-09-21 19:38:05,005 [BombeRLeWorld] INFO: Agent <rule_based_agent_2> chose action LEFT in 0.00s.
2026-09-21 19:38:05,005 [BombeRLeWorld] INFO: Agent <rule_based_agent_2> stayed within acceptable think time.
2026-09-21 19:38:05,103 [BombeRLeWorld] INFO: STARTING STEP 26
2026-09-21 19:38:05,105 [BombeRLeWorld] INFO: Agent <final_code> chose action LEFT in 0.00s.
2026-09-21 19:38:05,105 [BombeRLeWorld] INFO: Agent <final_code> stayed within acceptable think time.
2026-09-21 19:38:05,105 [BombeRLeWorld] INFO: Agent <rule_based_agent_1> chose action LEFT in 0.00s.
2026-09-21 19:38:05,105 [BombeRLeWorld] INFO: Agent <rule_based_agent_1> stayed within acceptable think time.
2026-09-21 19:38:05,105 [BombeRLeWorld] INFO: Agent <rule_based_agent_0> chose action UP in 0.00s.
2026-09-21 19:38:05,105 [BombeRLeWorld] INFO: Agent <rule_based_agent_0> stayed within acceptable think time.
2026-09-21 19:38:05,105 [BombeRLeWorld] INFO: Agent <rule_based_agent_2> chose action LEFT in 0.00s.
2026-09-21 19:38:05,105 [BombeRLeWorld] INFO: Agent <rule_based_agent_2> stayed within acceptable think time.
2026-09-21 19:38:05,202 [BombeRLeWorld] INFO: STARTING STEP 27
2026-09-21 19:38:05,204 [BombeRLeWorld] INFO: Agent <rule_based_agent_0> chose action LEFT in 0.00s.
2026-09-21 19:38:05,204 [BombeRLeWorld] INFO: Agent <rule_based_agent_0> stayed within acceptable think time.
2026-09-21 19:38:05,204 [BombeRLeWorld] INFO: Agent <final_code> chose action LEFT in 0.00s.
2026-09-21 19:38:05,204 [BombeRLeWorld] INFO: Agent <final_code> stayed within acceptable think time.
2026-09-21 19:38:05,204 [BombeRLeWorld] INFO: Agent <rule_based_agent_2> chose action BOMB in 0.00s.
2026-09-21 19:38:05,204 [BombeRLeWorld] INFO: Agent <rule_based_agent_2> stayed within acceptable think time.
2026-09-21 19:38:05,204 [BombeRLeWorld] INFO: Agent <rule_based_agent_2> drops bomb at (np.int64(10), np.int64(1))
2026-09-21 19:38:05,204 [BombeRLeWorld] INFO: Agent <rule_based_agent_1> chose action LEFT in 0.00s.
2026-09-21 19:38:05,204 [BombeRLeWorld] INFO: Agent <rule_based_agent_1> stayed within acceptable think time.
2026-09-21 19:38:05,204 [BombeRLeWorld] INFO: Agent <final_code>'s bomb at (np.int64(3), np.int64(3)) explodes
2026-09-21 19:38:05,303 [BombeRLeWorld] INFO: STARTING STEP 28
2026-09-21 19:38:05,306 [BombeRLeWorld] INFO: Agent <rule_based_agent_2> chose action RIGHT in 0.00s.
2026-09-21 19:38:05,306 [BombeRLeWorld] INFO: Agent <rule_based_agent_2> stayed within acceptable think time.
2026-09-21 19:38:05,306 [BombeRLeWorld] INFO: Agent <rule_based_agent_1> chose action BOMB in 0.00s.
2026-09-21 19:38:05,306 [BombeRLeWorld] INFO: Agent <rule_based_agent_1> stayed within acceptable think time.
2026-09-21 19:38:05,306 [BombeRLeWorld] INFO: Agent <rule_based_agent_1> drops bomb at (np.int64(12), np.int64(13))
2026-09-21 19:38:05,306 [BombeRLeWorld] INFO: Agent <final_code> chose action DOWN in 0.00s.
2026-09-21 19:38:05,306 [BombeRLeWorld] INFO: Agent <final_code> stayed within acceptable think time.
2026-09-21 19:38:05,306 [BombeRLeWorld] INFO: Agent <rule_based_agent_0> chose action LEFT in 0.00s.
2026-09-21 19:38:05,306 [BombeRLeWorld] INFO: Agent <rule_based_agent_0> stayed within acceptable think time.
2026-09-21 19:38:05,403 [BombeRLeWorld] INFO: STARTING STEP 29
2026-09-21 19:38:05,406 [BombeRLeWorld] INFO: Agent <rule_based_agent_0> chose action UP in 0.00s.
2026-09-21 19:38:05,406 [BombeRLeWorld] INFO: Agent <rule_based_agent_0> stayed within acceptable think time.
2026-09-21 19:38:05,406 [BombeRLeWorld] INFO: Agent <rule_based_agent_2> chose action RIGHT in 0.00s.
2026-09-21 19:38:05,406 [BombeRLeWorld] INFO: Agent <rule_based_agent_2> stayed within acceptable think time.
2026-09-21 19:38:05,406 [BombeRLeWorld] INFO: Agent <final_code> chose action DOWN in 0.00s.
2026-09-21 19:38:05,406 [BombeRLeWorld] INFO: Agent <final_code> stayed within acceptable think time.
2026-09-21 19:38:05,406 [BombeRLeWorld] INFO: Agent <rule_based_agent_1> chose action RIGHT in 0.00s.
2026-09-21 19:38:05,406 [BombeRLeWorld] INFO: Agent <rule_based_agent_1> stayed within acceptable think time.
2026-09-21 19:38:05,503 [BombeRLeWorld] INFO: STARTING STEP 30
2026-09-21 19:38:05,507 [BombeRLeWorld] INFO: Agent <rule_based_agent_2> chose action RIGHT in 0.00s.
2026-09-21 19:38:05,507 [BombeRLeWorld] INFO: Agent <rule_based_agent_2> stayed within acceptable think time.
2026-09-21 19:38:05,507 [BombeRLeWorld] INFO: Agent <final_code> chose action DOWN in 0.00s.
2026-09-21 19:38:05,507 [BombeRLeWorld] INFO: Agent <final_code> stayed within acceptable think time.
2026-09-21 19:38:05,507 [BombeRLeWorld] INFO: Agent <rule_based_agent_0> chose action UP in 0.00s.
2026-09-21 19:38:05,507 [BombeRLeWorld] INFO: Agent <rule_based_agent_0> stayed within acceptable think time.
2026-09-21 19:38:05,507 [BombeRLeWorld] INFO: Agent <rule_based_agent_1> chose action RIGHT in 0.00s.
2026-09-21 19:38:05,507 [BombeRLeWorld] INFO: Agent <rule_based_agent_1> stayed within acceptable think time.
2026-09-21 19:38:05,603 [BombeRLeWorld] INFO: STARTING STEP 31
2026-09-21 19:38:05,606 [BombeRLeWorld] INFO: Agent <rule_based_agent_2> chose action DOWN in 0.00s.
2026-09-21 19:38:05,606 [BombeRLeWorld] INFO: Agent <rule_based_agent_2> stayed within acceptable think time.
2026-09-21 19:38:05,606 [BombeRLeWorld] INFO: Agent <rule_based_agent_0> chose action BOMB in 0.00s.
2026-09-21 19:38:05,606 [BombeRLeWorld] INFO: Agent <rule_based_agent_0> stayed within acceptable think time.
2026-09-21 19:38:05,606 [BombeRLeWorld] INFO: Agent <rule_based_agent_0> drops bomb at (np.int64(1), np.int64(11))
2026-09-21 19:38:05,606 [BombeRLeWorld] INFO: Agent <final_code> chose action DOWN in 0.00s.
2026-09-21 19:38:05,606 [BombeRLeWorld] INFO: Agent <final_code> stayed within acceptable think time.
2026-09-21 19:38:05,606 [BombeRLeWorld] INFO: Agent <rule_based_agent_1> chose action RIGHT in 0.00s.
2026-09-21 19:38:05,606 [BombeRLeWorld] INFO: Agent <rule_based_agent_1> stayed within acceptable think time.
2026-09-21 19:38:05,606 [BombeRLeWorld] INFO: Agent <rule_based_agent_2>'s bomb at (np.int64(10), np.int64(1)) explodes
2026-09-21 19:38:05,703 [BombeRLeWorld] INFO: STARTING STEP 32
2026-09-21 19:38:05,707 [BombeRLeWorld] INFO: Agent <rule_based_agent_1> chose action DOWN in 0.00s.
2026-09-21 19:38:05,707 [BombeRLeWorld] INFO: Agent <rule_based_agent_1> stayed within acceptable think time.
2026-09-21 19:38:05,707 [BombeRLeWorld] INFO: Agent <rule_based_agent_2> chose action DOWN in 0.00s.
2026-09-21 19:38:05,707 [BombeRLeWorld] INFO: Agent <rule_based_agent_2> stayed within acceptable think time.
2026-09-21 19:38:05,707 [BombeRLeWorld] INFO: Agent <final_code> chose action BOMB in 0.00s.
2026-09-21 19:38:05,707 [BombeRLeWorld] INFO: Agent <final_code> stayed within acceptable think time.
2026-09-21 19:38:05,707 [BombeRLeWorld] INFO: Agent <final_code> drops bomb at (np.int64(1), np.int64(5))
2026-09-21 19:38:05,707 [BombeRLeWorld] INFO: Agent <rule_based_agent_0> chose action DOWN in 0.00s.
2026-09-21 19:38:05,707 [BombeRLeWorld] INFO: Agent <rule_based_agent_0> stayed within acceptable think time.
2026-09-21 19:38:05,707 [BombeRLeWorld] INFO: Agent <rule_based_agent_1>'s bomb at (np.int64(12), np.int64(13)) explodes
2026-09-21 19:38:05,803 [BombeRLeWorld] INFO: STARTING STEP 33
2026-09-21 19:38:05,808 [BombeRLeWorld] INFO: Agent <final_code> chose action UP in 0.00s.
2026-09-21 19:38:05,808 [BombeRLeWorld] INFO: Agent <final_code> stayed within acceptable think time.
2026-09-21 19:38:05,808 [BombeRLeWorld] INFO: Agent <rule_based_agent_1> chose action DOWN in 0.00s.
2026-09-21 19:38:05,808 [BombeRLeWorld] INFO: Agent <rule_based_agent_1> stayed within acceptable think time.
2026-09-21 19:38:05,808 [BombeRLeWorld] INFO: Agent <rule_based_agent_0> chose action DOWN in 0.00s.
2026-09-21 19:38:05,808 [BombeRLeWorld] INFO: Agent <rule_based_agent_0> stayed within acceptable think time.
2026-09-21 19:38:05,808 [BombeRLeWorld] INFO: Agent <rule_based_agent_2> chose action RIGHT in 0.00s.
2026-09-21 19:38:05,808 [BombeRLeWorld] INFO: Agent <rule_based_agent_2> stayed within acceptable think time.
2026-09-21 19:38:05,903 [BombeRLeWorld] INFO: STARTING STEP 34
2026-09-21 19:38:05,908 [BombeRLeWorld] INFO: Agent <rule_based_agent_0> chose action RIGHT in 0.00s.
2026-09-21 19:38:05,908 [BombeRLeWorld] INFO: Agent <rule_based_agent_0> stayed within acceptable think time.
2026-09-21 19:38:05,908 [BombeRLeWorld] INFO: Agent <rule_based_agent_2> chose action RIGHT in 0.00s.
2026-09-21 19:38:05,908 [BombeRLeWorld] INFO: Agent <rule_based_agent_2> stayed within acceptable think time.
2026-09-21 19:38:05,908 [BombeRLeWorld] INFO: Agent <rule_based_agent_1> chose action UP in 0.00s.
2026-09-21 19:38:05,908 [BombeRLeWorld] INFO: Agent <rule_based_agent_1> stayed within acceptable think time.
2026-09-21 19:38:05,908 [BombeRLeWorld] INFO: Agent <final_code> chose action UP in 0.00s.
2026-09-21 19:38:05,908 [BombeRLeWorld] INFO: Agent <final_code> stayed within acceptable think time.
2026-09-21 19:38:06,003 [BombeRLeWorld] INFO: STARTING STEP 35
2026-09-21 19:38:06,008 [BombeRLeWorld] INFO: Agent <rule_based_agent_0> chose action RIGHT in 0.00s.
2026-09-21 19:38:06,008 [BombeRLeWorld] INFO: Agent <rule_based_agent_0> stayed within acceptable think time.
2026-09-21 19:38:06,008 [BombeRLeWorld] INFO: Agent <rule_based_agent_1> chose action UP in 0.00s.
2026-09-21 19:38:06,008 [BombeRLeWorld] INFO: Agent <rule_based_agent_1> stayed within acceptable think time.
2026-09-21 19:38:06,008 [BombeRLeWorld] INFO: Agent <final_code> chose action RIGHT in 0.00s.
2026-09-21 19:38:06,008 [BombeRLeWorld] INFO: Agent <final_code> stayed within acceptable think time.
2026-09-21 19:38:06,008 [BombeRLeWorld] INFO: Agent <rule_based_agent_2> chose action DOWN in 0.00s.
2026-09-21 19:38:06,008 [BombeRLeWorld] INFO: Agent <rule_based_agent_2> stayed within acceptable think time.
2026-09-21 19:38:06,008 [BombeRLeWorld] INFO: Agent <rule_based_agent_0>'s bomb at (np.int64(1), np.int64(11)) explodes
2026-09-21 19:38:06,103 [BombeRLeWorld] INFO: STARTING STEP 36
2026-09-21 19:38:06,106 [BombeRLeWorld] INFO: Agent <final_code> chose action RIGHT in 0.00s.
2026-09-21 19:38:06,106 [BombeRLeWorld] INFO: Agent <final_code> stayed within acceptable think time.
2026-09-21 19:38:06,107 [BombeRLeWorld] INFO: Agent <rule_based_agent_1> chose action UP in 0.00s.
2026-09-21 19:38:06,107 [BombeRLeWorld] INFO: Agent <rule_based_agent_1> stayed within acceptable think time.
2026-09-21 19:38:06,107 [BombeRLeWorld] INFO: Agent <rule_based_agent_2> chose action DOWN in 0.00s.
2026-09-21 19:38:06,107 [BombeRLeWorld] INFO: Agent <rule_based_agent_2> stayed within acceptable think time.
2026-09-21 19:38:06,107 [BombeRLeWorld] INFO: Agent <rule_based_agent_0> chose action UP in 0.00s.
2026-09-21 19:38:06,107 [BombeRLeWorld] INFO: Agent <rule_based_agent_0> stayed within acceptable think time.
2026-09-21 19:38:06,107 [BombeRLeWorld] INFO: Agent <final_code>'s bomb at (np.int64(1), np.int64(5)) explodes
2026-09-21 19:38:06,204 [BombeRLeWorld] INFO: STARTING STEP 37
2026-09-21 19:38:06,208 [BombeRLeWorld] INFO: Agent <rule_based_agent_2> chose action DOWN in 0.00s.
2026-09-21 19:38:06,208 [BombeRLeWorld] INFO: Agent <rule_based_agent_2> stayed within acceptable think time.
2026-09-21 19:38:06,208 [BombeRLeWorld] INFO: Agent <final_code> chose action RIGHT in 0.00s.
2026-09-21 19:38:06,208 [BombeRLeWorld] INFO: Agent <final_code> stayed within acceptable think time.
2026-09-21 19:38:06,208 [BombeRLeWorld] INFO: Agent <rule_based_agent_1> chose action UP in 0.00s.
2026-09-21 19:38:06,208 [BombeRLeWorld] INFO: Agent <rule_based_agent_1> stayed within acceptable think time.
2026-09-21 19:38:06,208 [BombeRLeWorld] INFO: Agent <rule_based_agent_0> chose action UP in 0.00s.
2026-09-21 19:38:06,208 [BombeRLeWorld] INFO: Agent <rule_based_agent_0> stayed within acceptable think time.
2026-09-21 19:38:06,304 [BombeRLeWorld] INFO: STARTING STEP 38
2026-09-21 19:38:06,307 [BombeRLeWorld] INFO: Agent <rule_based_agent_1> chose action LEFT in 0.00s.
2026-09-21 19:38:06,307 [BombeRLeWorld] INFO: Agent <rule_based_agent_1> stayed within acceptable think time.
2026-09-21 19:38:06,307 [BombeRLeWorld] INFO: Agent <final_code> chose action RIGHT in 0.00s.
2026-09-21 19:38:06,307 [BombeRLeWorld] INFO: Agent <final_code> stayed within acceptable think time.
2026-09-21 19:38:06,307 [BombeRLeWorld] INFO: Agent <rule_based_agent_0> chose action RIGHT in 0.00s.
2026-09-21 19:38:06,307 [BombeRLeWorld] INFO: Agent <rule_based_agent_0> stayed within acceptable think time.
2026-09-21 19:38:06,307 [BombeRLeWorld] INFO: Agent <rule_based_agent_2> chose action BOMB in 0.00s.
2026-09-21 19:38:06,307 [BombeRLeWorld] INFO: Agent <rule_based_agent_2> stayed within acceptable think time.
2026-09-21 19:38:06,307 [BombeRLeWorld] INFO: Agent <rule_based_agent_2> drops bomb at (np.int64(15), np.int64(6))
2026-09-21 19:38:06,404 [BombeRLeWorld] INFO: STARTING STEP 39
2026-09-21 19:38:06,408 [BombeRLeWorld] INFO: Agent <rule_based_agent_0> chose action BOMB in 0.00s.
2026-09-21 19:38:06,408 [BombeRLeWorld] INFO: Agent <rule_based_agent_0> stayed within acceptable think time.
2026-09-21 19:38:06,408 [BombeRLeWorld] INFO: Agent <rule_based_agent_0> drops bomb at (np.int64(4), np.int64(11))
2026-09-21 19:38:06,408 [BombeRLeWorld] INFO: Agent <rule_based_agent_2> chose action UP in 0.00s.
2026-09-21 19:38:06,408 [BombeRLeWorld] INFO: Agent <rule_based_agent_2> stayed within acceptable think time.
2026-09-21 19:38:06,408 [BombeRLeWorld] INFO: Agent <rule_based_agent_1> chose action BOMB in 0.00s.
2026-09-21 19:38:06,408 [BombeRLeWorld] INFO: Agent <rule_based_agent_1> stayed within acceptable think time.
2026-09-21 19:38:06,408 [BombeRLeWorld] INFO: Agent <rule_based_agent_1> drops bomb at (np.int64(14), np.int64(11))
2026-09-21 19:38:06,408 [BombeRLeWorld] INFO: Agent <final_code> chose action BOMB in 0.00s.
2026-09-21 19:38:06,408 [BombeRLeWorld] INFO: Agent <final_code> stayed within acceptable think time.
2026-09-21 19:38:06,408 [BombeRLeWorld] INFO: Agent <final_code> drops bomb at (np.int64(5), np.int64(3))
2026-09-21 19:38:06,504 [BombeRLeWorld] INFO: STARTING STEP 40
2026-09-21 19:38:06,509 [BombeRLeWorld] INFO: Agent <rule_based_agent_0> chose action LEFT in 0.00s.
2026-09-21 19:38:06,509 [BombeRLeWorld] INFO: Agent <rule_based_agent_0> stayed within acceptable think time.
2026-09-21 19:38:06,509 [BombeRLeWorld] INFO: Agent <final_code> chose action LEFT in 0.00s.
2026-09-21 19:38:06,509 [BombeRLeWorld] INFO: Agent <final_code> stayed within acceptable think time.
2026-09-21 19:38:06,509 [BombeRLeWorld] INFO: Agent <rule_based_agent_1> chose action RIGHT in 0.00s.
2026-09-21 19:38:06,509 [BombeRLeWorld] INFO: Agent <rule_based_agent_1> stayed within acceptable think time.
2026-09-21 19:38:06,509 [BombeRLeWorld] INFO: Agent <rule_based_agent_2> chose action UP in 0.00s.
2026-09-21 19:38:06,509 [BombeRLeWorld] INFO: Agent <rule_based_agent_2> stayed within acceptable think time.
2026-09-21 19:38:06,604 [BombeRLeWorld] INFO: STARTING STEP 41
2026-09-21 19:38:06,609 [BombeRLeWorld] INFO: Agent <rule_based_agent_0> chose action DOWN in 0.00s.
2026-09-21 19:38:06,609 [BombeRLeWorld] INFO: Agent <rule_based_agent_0> stayed within acceptable think time.
2026-09-21 19:38:06,609 [BombeRLeWorld] INFO: Agent <rule_based_agent_2> chose action UP in 0.00s.
2026-09-21 19:38:06,609 [BombeRLeWorld] INFO: Agent <rule_based_agent_2> stayed within acceptable think time.
2026-09-21 19:38:06,609 [BombeRLeWorld] INFO: Agent <final_code> chose action LEFT in 0.00s.
2026-09-21 19:38:06,609 [BombeRLeWorld] INFO: Agent <final_code> stayed within acceptable think time.
2026-09-21 19:38:06,609 [BombeRLeWorld] INFO: Agent <rule_based_agent_1> chose action DOWN in 0.00s.
2026-09-21 19:38:06,609 [BombeRLeWorld] INFO: Agent <rule_based_agent_1> stayed within acceptable think time.
2026-09-21 19:38:06,705 [BombeRLeWorld] INFO: STARTING STEP 42
2026-09-21 19:38:06,710 [BombeRLeWorld] INFO: Agent <final_code> chose action UP in 0.00s.
2026-09-21 19:38:06,710 [BombeRLeWorld] INFO: Agent <final_code> stayed within acceptable think time.
2026-09-21 19:38:06,710 [BombeRLeWorld] INFO: Agent <rule_based_agent_2> chose action LEFT in 0.00s.
2026-09-21 19:38:06,710 [BombeRLeWorld] INFO: Agent <rule_based_agent_2> stayed within acceptable think time.
2026-09-21 19:38:06,710 [BombeRLeWorld] INFO: Agent <rule_based_agent_0> chose action UP in 0.00s.
2026-09-21 19:38:06,710 [BombeRLeWorld] INFO: Agent <rule_based_agent_0> stayed within acceptable think time.
2026-09-21 19:38:06,710 [BombeRLeWorld] INFO: Agent <rule_based_agent_1> chose action DOWN in 0.00s.
2026-09-21 19:38:06,710 [BombeRLeWorld] INFO: Agent <rule_based_agent_1> stayed within acceptable think time.
2026-09-21 19:38:06,710 [BombeRLeWorld] INFO: Agent <rule_based_agent_2>'s bomb at (np.int64(15), np.int64(6)) explodes
2026-09-21 19:38:06,804 [BombeRLeWorld] INFO: STARTING STEP 43
2026-09-21 19:38:06,809 [BombeRLeWorld] INFO: Agent <rule_based_agent_1> chose action DOWN in 0.00s.
2026-09-21 19:38:06,809 [BombeRLeWorld] INFO: Agent <rule_based_agent_1> stayed within acceptable think time.
2026-09-21 19:38:06,809 [BombeRLeWorld] INFO: Agent <rule_based_agent_0> chose action DOWN in 0.00s.
2026-09-21 19:38:06,809 [BombeRLeWorld] INFO: Agent <rule_based_agent_0> stayed within acceptable think time.
2026-09-21 19:38:06,809 [BombeRLeWorld] INFO: Agent <rule_based_agent_2> chose action LEFT in 0.00s.
2026-09-21 19:38:06,809 [BombeRLeWorld] INFO: Agent <rule_based_agent_2> stayed within acceptable think time.
2026-09-21 19:38:06,809 [BombeRLeWorld] INFO: Agent <final_code> chose action UP in 0.00s.
2026-09-21 19:38:06,809 [BombeRLeWorld] INFO: Agent <final_code> stayed within acceptable think time.
2026-09-21 19:38:06,809 [BombeRLeWorld] INFO: Agent <rule_based_agent_0>'s bomb at (np.int64(4), np.int64(11)) explodes
2026-09-21 19:38:06,809 [BombeRLeWorld] INFO: Agent <rule_based_agent_1>'s bomb at (np.int64(14), np.int64(11)) explodes
2026-09-21 19:38:06,809 [BombeRLeWorld] INFO: Agent <final_code>'s bomb at (np.int64(5), np.int64(3)) explodes
2026-09-21 19:38:06,904 [BombeRLeWorld] INFO: STARTING STEP 44
2026-09-21 19:38:06,909 [BombeRLeWorld] INFO: Agent <rule_based_agent_0> chose action DOWN in 0.00s.
2026-09-21 19:38:06,909 [BombeRLeWorld] INFO: Agent <rule_based_agent_0> stayed within acceptable think time.
2026-09-21 19:38:06,909 [BombeRLeWorld] INFO: Agent <final_code> chose action RIGHT in 0.00s.
2026-09-21 19:38:06,909 [BombeRLeWorld] INFO: Agent <final_code> stayed within acceptable think time.
2026-09-21 19:38:06,909 [BombeRLeWorld] INFO: Agent <rule_based_agent_1> chose action UP in 0.00s.
2026-09-21 19:38:06,909 [BombeRLeWorld] INFO: Agent <rule_based_agent_1> stayed within acceptable think time.
2026-09-21 19:38:06,909 [BombeRLeWorld] INFO: Agent <rule_based_agent_2> chose action LEFT in 0.00s.
2026-09-21 19:38:06,909 [BombeRLeWorld] INFO: Agent <rule_based_agent_2> stayed within acceptable think time.
2026-09-21 19:38:07,005 [BombeRLeWorld] INFO: STARTING STEP 45
2026-09-21 19:38:07,009 [BombeRLeWorld] INFO: Agent <rule_based_agent_1> chose action UP in 0.00s.
2026-09-21 19:38:07,009 [BombeRLeWorld] INFO: Agent <rule_based_agent_1> stayed within acceptable think time.
2026-09-21 19:38:07,009 [BombeRLeWorld] INFO: Agent <rule_based_agent_0> chose action UP in 0.00s.
2026-09-21 19:38:07,009 [BombeRLeWorld] INFO: Agent <rule_based_agent_0> stayed within acceptable think time.
2026-09-21 19:38:07,009 [BombeRLeWorld] INFO: Agent <rule_based_agent_2> chose action LEFT in 0.00s.
2026-09-21 19:38:07,009 [BombeRLeWorld] INFO: Agent <rule_based_agent_2> stayed within acceptable think time.
2026-09-21 19:38:07,009 [BombeRLeWorld] INFO: Agent <final_code> chose action RIGHT in 0.00s.
2026-09-21 19:38:07,009 [BombeRLeWorld] INFO: Agent <final_code> stayed within acceptable think time.
2026-09-21 19:38:07,105 [BombeRLeWorld] INFO: STARTING STEP 46
2026-09-21 19:38:07,110 [BombeRLeWorld] INFO: Agent <final_code> chose action RIGHT in 0.00s.
2026-09-21 19:38:07,110 [BombeRLeWorld] INFO: Agent <final_code> stayed within acceptable think time.
2026-09-21 19:38:07,110 [BombeRLeWorld] INFO: Agent <rule_based_agent_1> chose action UP in 0.00s.
2026-09-21 19:38:07,110 [BombeRLeWorld] INFO: Agent <rule_based_agent_1> stayed within acceptable think time.
2026-09-21 19:38:07,110 [BombeRLeWorld] INFO: Agent <rule_based_agent_0> chose action UP in 0.00s.
2026-09-21 19:38:07,110 [BombeRLeWorld] INFO: Agent <rule_based_agent_0> stayed within acceptable think time.
2026-09-21 19:38:07,110 [BombeRLeWorld] INFO: Agent <rule_based_agent_2> chose action LEFT in 0.00s.
2026-09-21 19:38:07,110 [BombeRLeWorld] INFO: Agent <rule_based_agent_2> stayed within acceptable think time.
2026-09-21 19:38:07,204 [BombeRLeWorld] INFO: STARTING STEP 47
2026-09-21 19:38:07,209 [BombeRLeWorld] INFO: Agent <rule_based_agent_0> chose action RIGHT in 0.00s.
2026-09-21 19:38:07,209 [BombeRLeWorld] INFO: Agent <rule_based_agent_0> stayed within acceptable think time.
2026-09-21 19:38:07,209 [BombeRLeWorld] INFO: Agent <rule_based_agent_2> chose action LEFT in 0.00s.
2026-09-21 19:38:07,209 [BombeRLeWorld] INFO: Agent <rule_based_agent_2> stayed within acceptable think time.
2026-09-21 19:38:07,209 [BombeRLeWorld] INFO: Agent <rule_based_agent_1> chose action LEFT in 0.00s.
2026-09-21 19:38:07,209 [BombeRLeWorld] INFO: Agent <rule_based_agent_1> stayed within acceptable think time.
2026-09-21 19:38:07,209 [BombeRLeWorld] INFO: Agent <final_code> chose action RIGHT in 0.00s.
2026-09-21 19:38:07,209 [BombeRLeWorld] INFO: Agent <final_code> stayed within acceptable think time.
2026-09-21 19:38:07,304 [BombeRLeWorld] INFO: STARTING STEP 48
2026-09-21 19:38:07,308 [BombeRLeWorld] INFO: Agent <rule_based_agent_1> chose action LEFT in 0.00s.
2026-09-21 19:38:07,308 [BombeRLeWorld] INFO: Agent <rule_based_agent_1> stayed within acceptable think time.
2026-09-21 19:38:07,308 [BombeRLeWorld] INFO: Agent <rule_based_agent_0> chose action RIGHT in 0.00s.
2026-09-21 19:38:07,308 [BombeRLeWorld] INFO: Agent <rule_based_agent_0> stayed within acceptable think time.
2026-09-21 19:38:07,308 [BombeRLeWorld] INFO: Agent <rule_based_agent_2> chose action LEFT in 0.00s.
2026-09-21 19:38:07,308 [BombeRLeWorld] INFO: Agent <rule_based_agent_2> stayed within acceptable think time.
2026-09-21 19:38:07,308 [BombeRLeWorld] INFO: Agent <final_code> chose action BOMB in 0.00s.
2026-09-21 19:38:07,308 [BombeRLeWorld] INFO: Agent <final_code> stayed within acceptable think time.
2026-09-21 19:38:07,308 [BombeRLeWorld] INFO: Agent <final_code> drops bomb at (np.int64(7), np.int64(1))
2026-09-21 19:38:07,404 [BombeRLeWorld] INFO: STARTING STEP 49
2026-09-21 19:38:07,407 [BombeRLeWorld] INFO: Agent <rule_based_agent_1> chose action LEFT in 0.00s.
2026-09-21 19:38:07,407 [BombeRLeWorld] INFO: Agent <rule_based_agent_1> stayed within acceptable think time.
2026-09-21 19:38:07,407 [BombeRLeWorld] INFO: Agent <rule_based_agent_0> chose action RIGHT in 0.00s.
2026-09-21 19:38:07,407 [BombeRLeWorld] INFO: Agent <rule_based_agent_0> stayed within acceptable think time.
2026-09-21 19:38:07,407 [BombeRLeWorld] INFO: Agent <final_code> chose action LEFT in 0.00s.
2026-09-21 19:38:07,407 [BombeRLeWorld] INFO: Agent <final_code> stayed within acceptable think time.
2026-09-21 19:38:07,407 [BombeRLeWorld] INFO: Agent <rule_based_agent_2> chose action LEFT in 0.00s.
2026-09-21 19:38:07,407 [BombeRLeWorld] INFO: Agent <rule_based_agent_2> stayed within acceptable think time.
2026-09-21 19:38:07,504 [BombeRLeWorld] INFO: STARTING STEP 50
2026-09-21 19:38:07,507 [BombeRLeWorld] INFO: Agent <rule_based_agent_2> chose action RIGHT in 0.00s.
2026-09-21 19:38:07,507 [BombeRLeWorld] INFO: Agent <rule_based_agent_2> stayed within acceptable think time.
2026-09-21 19:38:07,507 [BombeRLeWorld] INFO: Agent <rule_based_agent_0> chose action RIGHT in 0.00s.
2026-09-21 19:38:07,507 [BombeRLeWorld] INFO: Agent <rule_based_agent_0> stayed within acceptable think time.
2026-09-21 19:38:07,507 [BombeRLeWorld] INFO: Agent <rule_based_agent_1> chose action LEFT in 0.00s.
2026-09-21 19:38:07,507 [BombeRLeWorld] INFO: Agent <rule_based_agent_1> stayed within acceptable think time.
2026-09-21 19:38:07,507 [BombeRLeWorld] INFO: Agent <final_code> chose action LEFT in 0.00s.
2026-09-21 19:38:07,507 [BombeRLeWorld] INFO: Agent <final_code> stayed within acceptable think time.
2026-09-21 19:38:07,604 [BombeRLeWorld] INFO: STARTING STEP 51
2026-09-21 19:38:07,608 [BombeRLeWorld] INFO: Agent <rule_based_agent_1> chose action LEFT in 0.00s.
2026-09-21 19:38:07,608 [BombeRLeWorld] INFO: Agent <rule_based_agent_1> stayed within acceptable think time.
2026-09-21 19:38:07,608 [BombeRLeWorld] INFO: Agent <rule_based_agent_2> chose action LEFT in 0.00s.
2026-09-21 19:38:07,608 [BombeRLeWorld] INFO: Agent <rule_based_agent_2> stayed within acceptable think time.
2026-09-21 19:38:07,608 [BombeRLeWorld] INFO: Agent <rule_based_agent_0> chose action RIGHT in 0.00s.
2026-09-21 19:38:07,608 [BombeRLeWorld] INFO: Agent <rule_based_agent_0> stayed within acceptable think time.
2026-09-21 19:38:07,608 [BombeRLeWorld] INFO: Agent <final_code> chose action DOWN in 0.00s.
2026-09-21 19:38:07,608 [BombeRLeWorld] INFO: Agent <final_code> stayed within acceptable think time.
2026-09-21 19:38:07,704 [BombeRLeWorld] INFO: STARTING STEP 52
2026-09-21 19:38:07,707 [BombeRLeWorld] INFO: Agent <rule_based_agent_0> chose action BOMB in 0.00s.
2026-09-21 19:38:07,707 [BombeRLeWorld] INFO: Agent <rule_based_agent_0> stayed within acceptable think time.
2026-09-21 19:38:07,707 [BombeRLeWorld] INFO: Agent <rule_based_agent_0> drops bomb at (np.int64(8), np.int64(11))
2026-09-21 19:38:07,707 [BombeRLeWorld] INFO: Agent <final_code> chose action DOWN in 0.00s.
2026-09-21 19:38:07,707 [BombeRLeWorld] INFO: Agent <final_code> stayed within acceptable think time.
2026-09-21 19:38:07,707 [BombeRLeWorld] INFO: Agent <rule_based_agent_2> chose action RIGHT in 0.00s.
2026-09-21 19:38:07,707 [BombeRLeWorld] INFO: Agent <rule_based_agent_2> stayed within acceptable think time.
2026-09-21 19:38:07,707 [BombeRLeWorld] INFO: Agent <rule_based_agent_1> chose action BOMB in 0.00s.
2026-09-21 19:38:07,707 [BombeRLeWorld] INFO: Agent <rule_based_agent_1> stayed within acceptable think time.
2026-09-21 19:38:07,707 [BombeRLeWorld] INFO: Agent <rule_based_agent_1> drops bomb at (np.int64(10), np.int64(11))
2026-09-21 19:38:07,707 [BombeRLeWorld] INFO: Agent <final_code>'s bomb at (np.int64(7), np.int64(1)) explodes
2026-09-21 19:38:07,804 [BombeRLeWorld] INFO: STARTING STEP 53
2026-09-21 19:38:07,811 [BombeRLeWorld] INFO: Agent <rule_based_agent_0> chose action LEFT in 0.00s.
2026-09-21 19:38:07,811 [BombeRLeWorld] INFO: Agent <rule_based_agent_0> stayed within acceptable think time.
2026-09-21 19:38:07,811 [BombeRLeWorld] INFO: Agent <final_code> chose action DOWN in 0.00s.
2026-09-21 19:38:07,811 [BombeRLeWorld] INFO: Agent <final_code> stayed within acceptable think time.
2026-09-21 19:38:07,811 [BombeRLeWorld] INFO: Agent <rule_based_agent_2> chose action RIGHT in 0.00s.
2026-09-21 19:38:07,811 [BombeRLeWorld] INFO: Agent <rule_based_agent_2> stayed within acceptable think time.
2026-09-21 19:38:07,811 [BombeRLeWorld] INFO: Agent <rule_based_agent_1> chose action RIGHT in 0.00s.
2026-09-21 19:38:07,811 [BombeRLeWorld] INFO: Agent <rule_based_agent_1> stayed within acceptable think time.
2026-09-21 19:38:07,904 [BombeRLeWorld] INFO: STARTING STEP 54
2026-09-21 19:38:07,910 [BombeRLeWorld] INFO: Agent <final_code> chose action DOWN in 0.00s.
2026-09-21 19:38:07,910 [BombeRLeWorld] INFO: Agent <final_code> stayed within acceptable think time.
2026-09-21 19:38:07,910 [BombeRLeWorld] INFO: Agent <rule_based_agent_2> chose action LEFT in 0.00s.
2026-09-21 19:38:07,910 [BombeRLeWorld] INFO: Agent <rule_based_agent_2> stayed within acceptable think time.
2026-09-21 19:38:07,910 [BombeRLeWorld] INFO: Agent <rule_based_agent_1> chose action RIGHT in 0.00s.
2026-09-21 19:38:07,910 [BombeRLeWorld] INFO: Agent <rule_based_agent_1> stayed within acceptable think time.
2026-09-21 19:38:07,910 [BombeRLeWorld] INFO: Agent <rule_based_agent_0> chose action LEFT in 0.00s.
2026-09-21 19:38:07,910 [BombeRLeWorld] INFO: Agent <rule_based_agent_0> stayed within acceptable think time.
2026-09-21 19:38:08,004 [BombeRLeWorld] INFO: STARTING STEP 55
2026-09-21 19:38:08,010 [BombeRLeWorld] INFO: Agent <final_code> chose action BOMB in 0.00s.
2026-09-21 19:38:08,010 [BombeRLeWorld] INFO: Agent <final_code> stayed within acceptable think time.
2026-09-21 19:38:08,010 [BombeRLeWorld] INFO: Agent <final_code> drops bomb at (np.int64(5), np.int64(5))
2026-09-21 19:38:08,010 [BombeRLeWorld] INFO: Agent <rule_based_agent_1> chose action RIGHT in 0.00s.
2026-09-21 19:38:08,010 [BombeRLeWorld] INFO: Agent <rule_based_agent_1> stayed within acceptable think time.
2026-09-21 19:38:08,010 [BombeRLeWorld] INFO: Agent <rule_based_agent_0> chose action LEFT in 0.00s.
2026-09-21 19:38:08,010 [BombeRLeWorld] INFO: Agent <rule_based_agent_0> stayed within acceptable think time.
2026-09-21 19:38:08,010 [BombeRLeWorld] INFO: Agent <rule_based_agent_2> chose action LEFT in 0.00s.
2026-09-21 19:38:08,010 [BombeRLeWorld] INFO: Agent <rule_based_agent_2> stayed within acceptable think time.
2026-09-21 19:38:08,105 [BombeRLeWorld] INFO: STARTING STEP 56
2026-09-21 19:38:08,110 [BombeRLeWorld] INFO: Agent <rule_based_agent_1> chose action RIGHT in 0.00s.
2026-09-21 19:38:08,110 [BombeRLeWorld] INFO: Agent <rule_based_agent_1> stayed within acceptable think time.
2026-09-21 19:38:08,110 [BombeRLeWorld] INFO: Agent <rule_based_agent_2> chose action DOWN in 0.00s.
2026-09-21 19:38:08,110 [BombeRLeWorld] INFO: Agent <rule_based_agent_2> stayed within acceptable think time.
2026-09-21 19:38:08,110 [BombeRLeWorld] INFO: Agent <final_code> chose action LEFT in 0.00s.
2026-09-21 19:38:08,110 [BombeRLeWorld] INFO: Agent <final_code> stayed within acceptable think time.
2026-09-21 19:38:08,110 [BombeRLeWorld] INFO: Agent <rule_based_agent_0> chose action LEFT in 0.00s.
2026-09-21 19:38:08,110 [BombeRLeWorld] INFO: Agent <rule_based_agent_0> stayed within acceptable think time.
2026-09-21 19:38:08,111 [BombeRLeWorld] INFO: Agent <rule_based_agent_0>'s bomb at (np.int64(8), np.int64(11)) explodes
2026-09-21 19:38:08,111 [BombeRLeWorld] INFO: Agent <rule_based_agent_1>'s bomb at (np.int64(10), np.int64(11)) explodes
2026-09-21 19:38:08,205 [BombeRLeWorld] INFO: STARTING STEP 57
2026-09-21 19:38:08,211 [BombeRLeWorld] INFO: Agent <final_code> chose action LEFT in 0.00s.
2026-09-21 19:38:08,211 [BombeRLeWorld] INFO: Agent <final_code> stayed within acceptable think time.
2026-09-21 19:38:08,211 [BombeRLeWorld] INFO: Agent <rule_based_agent_1> chose action RIGHT in 0.00s.
2026-09-21 19:38:08,211 [BombeRLeWorld] INFO: Agent <rule_based_agent_1> stayed within acceptable think time.
2026-09-21 19:38:08,211 [BombeRLeWorld] INFO: Agent <rule_based_agent_2> chose action BOMB in 0.00s.
2026-09-21 19:38:08,211 [BombeRLeWorld] INFO: Agent <rule_based_agent_2> stayed within acceptable think time.
2026-09-21 19:38:08,211 [BombeRLeWorld] INFO: Agent <rule_based_agent_2> drops bomb at (np.int64(7), np.int64(4))
2026-09-21 19:38:08,211 [BombeRLeWorld] INFO: Agent <rule_based_agent_0> chose action LEFT in 0.00s.
2026-09-21 19:38:08,211 [BombeRLeWorld] INFO: Agent <rule_based_agent_0> stayed within acceptable think time.
2026-09-21 19:38:08,305 [BombeRLeWorld] INFO: STARTING STEP 58
2026-09-21 19:38:08,312 [BombeRLeWorld] INFO: Agent <rule_based_agent_2> chose action UP in 0.00s.
2026-09-21 19:38:08,312 [BombeRLeWorld] INFO: Agent <rule_based_agent_2> stayed within acceptable think time.
2026-09-21 19:38:08,312 [BombeRLeWorld] INFO: Agent <final_code> chose action DOWN in 0.00s.
2026-09-21 19:38:08,312 [BombeRLeWorld] INFO: Agent <final_code> stayed within acceptable think time.
2026-09-21 19:38:08,312 [BombeRLeWorld] INFO: Agent <rule_based_agent_1> chose action DOWN in 0.00s.
2026-09-21 19:38:08,312 [BombeRLeWorld] INFO: Agent <rule_based_agent_1> stayed within acceptable think time.
2026-09-21 19:38:08,312 [BombeRLeWorld] INFO: Agent <rule_based_agent_0> chose action LEFT in 0.00s.
2026-09-21 19:38:08,312 [BombeRLeWorld] INFO: Agent <rule_based_agent_0> stayed within acceptable think time.
2026-09-21 19:38:08,405 [BombeRLeWorld] INFO: STARTING STEP 59
2026-09-21 19:38:08,410 [BombeRLeWorld] INFO: Agent <rule_based_agent_2> chose action RIGHT in 0.00s.
2026-09-21 19:38:08,410 [BombeRLeWorld] INFO: Agent <rule_based_agent_2> stayed within acceptable think time.
2026-09-21 19:38:08,410 [BombeRLeWorld] INFO: Agent <rule_based_agent_1> chose action DOWN in 0.00s.
2026-09-21 19:38:08,410 [BombeRLeWorld] INFO: Agent <rule_based_agent_1> stayed within acceptable think time.
2026-09-21 19:38:08,410 [BombeRLeWorld] INFO: Agent <final_code> chose action DOWN in 0.00s.
2026-09-21 19:38:08,410 [BombeRLeWorld] INFO: Agent <final_code> stayed within acceptable think time.
2026-09-21 19:38:08,410 [BombeRLeWorld] INFO: Agent <rule_based_agent_0> chose action LEFT in 0.00s.
2026-09-21 19:38:08,410 [BombeRLeWorld] INFO: Agent <rule_based_agent_0> stayed within acceptable think time.
2026-09-21 19:38:08,410 [BombeRLeWorld] INFO: Agent <final_code>'s bomb at (np.int64(5), np.int64(5)) explodes
2026-09-21 19:38:08,410 [BombeRLeWorld] INFO: Coin found at (np.int64(5), np.int64(8))
2026-09-21 19:38:08,505 [BombeRLeWorld] INFO: STARTING STEP 60
2026-09-21 19:38:08,511 [BombeRLeWorld] INFO: Agent <rule_based_agent_1> chose action LEFT in 0.00s.
2026-09-21 19:38:08,511 [BombeRLeWorld] INFO: Agent <rule_based_agent_1> stayed within acceptable think time.
2026-09-21 19:38:08,511 [BombeRLeWorld] INFO: Agent <rule_based_agent_2> chose action LEFT in 0.00s.
2026-09-21 19:38:08,511 [BombeRLeWorld] INFO: Agent <rule_based_agent_2> stayed within acceptable think time.
2026-09-21 19:38:08,511 [BombeRLeWorld] INFO: Agent <final_code> chose action UP in 0.00s.
2026-09-21 19:38:08,511 [BombeRLeWorld] INFO: Agent <final_code> stayed within acceptable think time.
2026-09-21 19:38:08,511 [BombeRLeWorld] INFO: Agent <rule_based_agent_0> chose action UP in 0.00s.
2026-09-21 19:38:08,511 [BombeRLeWorld] INFO: Agent <rule_based_agent_0> stayed within acceptable think time.
2026-09-21 19:38:08,605 [BombeRLeWorld] INFO: STARTING STEP 61
2026-09-21 19:38:08,611 [BombeRLeWorld] INFO: Agent <final_code> chose action DOWN in 0.00s.
2026-09-21 19:38:08,611 [BombeRLeWorld] INFO: Agent <final_code> stayed within acceptable think time.
2026-09-21 19:38:08,611 [BombeRLeWorld] INFO: Agent <rule_based_agent_0> chose action UP in 0.00s.
2026-09-21 19:38:08,611 [BombeRLeWorld] INFO: Agent <rule_based_agent_0> stayed within acceptable think time.
2026-09-21 19:38:08,611 [BombeRLeWorld] INFO: Agent <rule_based_agent_1> chose action LEFT in 0.00s.
2026-09-21 19:38:08,611 [BombeRLeWorld] INFO: Agent <rule_based_agent_1> stayed within acceptable think time.
2026-09-21 19:38:08,611 [BombeRLeWorld] INFO: Agent <rule_based_agent_2> chose action RIGHT in 0.00s.
2026-09-21 19:38:08,611 [BombeRLeWorld] INFO: Agent <rule_based_agent_2> stayed within acceptable think time.
2026-09-21 19:38:08,611 [BombeRLeWorld] INFO: Agent <rule_based_agent_2>'s bomb at (np.int64(7), np.int64(4)) explodes
2026-09-21 19:38:08,705 [BombeRLeWorld] INFO: STARTING STEP 62
2026-09-21 19:38:08,711 [BombeRLeWorld] INFO: Agent <rule_based_agent_1> chose action BOMB in 0.00s.
2026-09-21 19:38:08,711 [BombeRLeWorld] INFO: Agent <rule_based_agent_1> stayed within acceptable think time.
2026-09-21 19:38:08,711 [BombeRLeWorld] INFO: Agent <rule_based_agent_1> drops bomb at (np.int64(13), np.int64(13))
2026-09-21 19:38:08,711 [BombeRLeWorld] INFO: Agent <rule_based_agent_2> chose action RIGHT in 0.00s.
2026-09-21 19:38:08,711 [BombeRLeWorld] INFO: Agent <rule_based_agent_2> stayed within acceptable think time.
2026-09-21 19:38:08,711 [BombeRLeWorld] INFO: Agent <rule_based_agent_0> chose action UP in 0.00s.
2026-09-21 19:38:08,711 [BombeRLeWorld] INFO: Agent <rule_based_agent_0> stayed within acceptable think time.
2026-09-21 19:38:08,711 [BombeRLeWorld] INFO: Agent <final_code> chose action BOMB in 0.00s.
2026-09-21 19:38:08,711 [BombeRLeWorld] INFO: Agent <final_code> stayed within acceptable think time.
2026-09-21 19:38:08,711 [BombeRLeWorld] INFO: Agent <final_code> drops bomb at (np.int64(3), np.int64(7))
2026-09-21 19:38:08,805 [BombeRLeWorld] INFO: STARTING STEP 63
2026-09-21 19:38:08,818 [BombeRLeWorld] INFO: Agent <final_code> chose action UP in 0.00s.
2026-09-21 19:38:08,818 [BombeRLeWorld] INFO: Agent <final_code> stayed within acceptable think time.
2026-09-21 19:38:08,818 [BombeRLeWorld] INFO: Agent <rule_based_agent_2> chose action LEFT in 0.00s.
2026-09-21 19:38:08,818 [BombeRLeWorld] INFO: Agent <rule_based_agent_2> stayed within acceptable think time.
2026-09-21 19:38:08,818 [BombeRLeWorld] INFO: Agent <rule_based_agent_1> chose action RIGHT in 0.00s.
2026-09-21 19:38:08,818 [BombeRLeWorld] INFO: Agent <rule_based_agent_1> stayed within acceptable think time.
2026-09-21 19:38:08,818 [BombeRLeWorld] INFO: Agent <rule_based_agent_0> chose action UP in 0.01s.
2026-09-21 19:38:08,818 [BombeRLeWorld] INFO: Agent <rule_based_agent_0> stayed within acceptable think time.
2026-09-21 19:38:08,905 [BombeRLeWorld] INFO: STARTING STEP 64
2026-09-21 19:38:08,910 [BombeRLeWorld] INFO: Agent <rule_based_agent_1> chose action RIGHT in 0.00s.
2026-09-21 19:38:08,910 [BombeRLeWorld] INFO: Agent <rule_based_agent_1> stayed within acceptable think time.
2026-09-21 19:38:08,910 [BombeRLeWorld] INFO: Agent <rule_based_agent_0> chose action DOWN in 0.00s.
2026-09-21 19:38:08,910 [BombeRLeWorld] INFO: Agent <rule_based_agent_0> stayed within acceptable think time.
2026-09-21 19:38:08,910 [BombeRLeWorld] INFO: Agent <final_code> chose action UP in 0.00s.
2026-09-21 19:38:08,910 [BombeRLeWorld] INFO: Agent <final_code> stayed within acceptable think time.
2026-09-21 19:38:08,910 [BombeRLeWorld] INFO: Agent <rule_based_agent_2> chose action LEFT in 0.00s.
2026-09-21 19:38:08,910 [BombeRLeWorld] INFO: Agent <rule_based_agent_2> stayed within acceptable think time.
2026-09-21 19:38:09,005 [BombeRLeWorld] INFO: STARTING STEP 65
2026-09-21 19:38:09,012 [BombeRLeWorld] INFO: Agent <rule_based_agent_0> chose action UP in 0.00s.
2026-09-21 19:38:09,012 [BombeRLeWorld] INFO: Agent <rule_based_agent_0> stayed within acceptable think time.
2026-09-21 19:38:09,012 [BombeRLeWorld] INFO: Agent <final_code> chose action RIGHT in 0.00s.
2026-09-21 19:38:09,012 [BombeRLeWorld] INFO: Agent <final_code> stayed within acceptable think time.
2026-09-21 19:38:09,012 [BombeRLeWorld] INFO: Agent <rule_based_agent_1> chose action DOWN in 0.00s.
2026-09-21 19:38:09,012 [BombeRLeWorld] INFO: Agent <rule_based_agent_1> stayed within acceptable think time.
2026-09-21 19:38:09,012 [BombeRLeWorld] INFO: Agent <rule_based_agent_2> chose action DOWN in 0.00s.
2026-09-21 19:38:09,012 [BombeRLeWorld] INFO: Agent <rule_based_agent_2> stayed within acceptable think time.
2026-09-21 19:38:09,105 [BombeRLeWorld] INFO: STARTING STEP 66
2026-09-21 19:38:09,110 [BombeRLeWorld] INFO: Agent <rule_based_agent_2> chose action DOWN in 0.00s.
2026-09-21 19:38:09,110 [BombeRLeWorld] INFO: Agent <rule_based_agent_2> stayed within acceptable think time.
2026-09-21 19:38:09,110 [BombeRLeWorld] INFO: Agent <rule_based_agent_0> chose action DOWN in 0.00s.
2026-09-21 19:38:09,110 [BombeRLeWorld] INFO: Agent <rule_based_agent_0> stayed within acceptable think time.
2026-09-21 19:38:09,110 [BombeRLeWorld] INFO: Agent <final_code> chose action RIGHT in 0.00s.
2026-09-21 19:38:09,110 [BombeRLeWorld] INFO: Agent <final_code> stayed within acceptable think time.
2026-09-21 19:38:09,110 [BombeRLeWorld] INFO: Agent <rule_based_agent_1> chose action DOWN in 0.00s.
2026-09-21 19:38:09,110 [BombeRLeWorld] INFO: Agent <rule_based_agent_1> stayed within acceptable think time.
2026-09-21 19:38:09,110 [BombeRLeWorld] INFO: Agent <rule_based_agent_1>'s bomb at (np.int64(13), np.int64(13)) explodes
2026-09-21 19:38:09,110 [BombeRLeWorld] INFO: Agent <final_code>'s bomb at (np.int64(3), np.int64(7)) explodes
2026-09-21 19:38:09,110 [BombeRLeWorld] INFO: Coin found at (np.int64(6), np.int64(7))
2026-09-21 19:38:09,110 [BombeRLeWorld] INFO: Coin found at (np.int64(2), np.int64(7))
2026-09-21 19:38:09,206 [BombeRLeWorld] INFO: STARTING STEP 67
2026-09-21 19:38:09,212 [BombeRLeWorld] INFO: Agent <rule_based_agent_1> chose action LEFT in 0.00s.
2026-09-21 19:38:09,212 [BombeRLeWorld] INFO: Agent <rule_based_agent_1> stayed within acceptable think time.
2026-09-21 19:38:09,212 [BombeRLeWorld] INFO: Agent <rule_based_agent_2> chose action RIGHT in 0.00s.
2026-09-21 19:38:09,212 [BombeRLeWorld] INFO: Agent <rule_based_agent_2> stayed within acceptable think time.
2026-09-21 19:38:09,212 [BombeRLeWorld] INFO: Agent <rule_based_agent_0> chose action DOWN in 0.00s.
2026-09-21 19:38:09,212 [BombeRLeWorld] INFO: Agent <rule_based_agent_0> stayed within acceptable think time.
2026-09-21 19:38:09,212 [BombeRLeWorld] INFO: Agent <final_code> chose action DOWN in 0.00s.
2026-09-21 19:38:09,212 [BombeRLeWorld] INFO: Agent <final_code> stayed within acceptable think time.
2026-09-21 19:38:09,306 [BombeRLeWorld] INFO: STARTING STEP 68
2026-09-21 19:38:09,311 [BombeRLeWorld] INFO: Agent <rule_based_agent_2> chose action BOMB in 0.00s.
2026-09-21 19:38:09,311 [BombeRLeWorld] INFO: Agent <rule_based_agent_2> stayed within acceptable think time.
2026-09-21 19:38:09,311 [BombeRLeWorld] INFO: Agent <rule_based_agent_2> drops bomb at (np.int64(8), np.int64(5))
2026-09-21 19:38:09,311 [BombeRLeWorld] INFO: Agent <final_code> chose action DOWN in 0.00s.
2026-09-21 19:38:09,311 [BombeRLeWorld] INFO: Agent <final_code> stayed within acceptable think time.
2026-09-21 19:38:09,311 [BombeRLeWorld] INFO: Agent <rule_based_agent_1> chose action LEFT in 0.00s.
2026-09-21 19:38:09,311 [BombeRLeWorld] INFO: Agent <rule_based_agent_1> stayed within acceptable think time.
2026-09-21 19:38:09,311 [BombeRLeWorld] INFO: Agent <rule_based_agent_0> chose action UP in 0.00s.
2026-09-21 19:38:09,311 [BombeRLeWorld] INFO: Agent <rule_based_agent_0> stayed within acceptable think time.
2026-09-21 19:38:09,406 [BombeRLeWorld] INFO: STARTING STEP 69
2026-09-21 19:38:09,412 [BombeRLeWorld] INFO: Agent <final_code> chose action DOWN in 0.00s.
2026-09-21 19:38:09,412 [BombeRLeWorld] INFO: Agent <final_code> stayed within acceptable think time.
2026-09-21 19:38:09,412 [BombeRLeWorld] INFO: Agent <rule_based_agent_2> chose action LEFT in 0.00s.
2026-09-21 19:38:09,412 [BombeRLeWorld] INFO: Agent <rule_based_agent_2> stayed within acceptable think time.
2026-09-21 19:38:09,412 [BombeRLeWorld] INFO: Agent <rule_based_agent_1> chose action UP in 0.00s.
2026-09-21 19:38:09,412 [BombeRLeWorld] INFO: Agent <rule_based_agent_1> stayed within acceptable think time.
2026-09-21 19:38:09,412 [BombeRLeWorld] INFO: Agent <rule_based_agent_0> chose action UP in 0.00s.
2026-09-21 19:38:09,412 [BombeRLeWorld] INFO: Agent <rule_based_agent_0> stayed within acceptable think time.
2026-09-21 19:38:09,412 [BombeRLeWorld] INFO: Agent <final_code> picked up coin at (np.int64(5), np.int64(8)) and receives 1 point
2026-09-21 19:38:09,506 [BombeRLeWorld] INFO: STARTING STEP 70
2026-09-21 19:38:09,511 [BombeRLeWorld] INFO: Agent <rule_based_agent_2> chose action DOWN in 0.00s.
2026-09-21 19:38:09,511 [BombeRLeWorld] INFO: Agent <rule_based_agent_2> stayed within acceptable think time.
2026-09-21 19:38:09,511 [BombeRLeWorld] INFO: Agent <rule_based_agent_0> chose action RIGHT in 0.00s.
2026-09-21 19:38:09,511 [BombeRLeWorld] INFO: Agent <rule_based_agent_0> stayed within acceptable think time.
2026-09-21 19:38:09,511 [BombeRLeWorld] INFO: Agent <rule_based_agent_1> chose action UP in 0.00s.
2026-09-21 19:38:09,511 [BombeRLeWorld] INFO: Agent <rule_based_agent_1> stayed within acceptable think time.
2026-09-21 19:38:09,511 [BombeRLeWorld] INFO: Agent <final_code> chose action DOWN in 0.00s.
2026-09-21 19:38:09,511 [BombeRLeWorld] INFO: Agent <final_code> stayed within acceptable think time.
2026-09-21 19:38:09,511 [BombeRLeWorld] INFO: Agent <rule_based_agent_0> picked up coin at (np.int64(2), np.int64(7)) and receives 1 point
2026-09-21 19:38:09,606 [BombeRLeWorld] INFO: STARTING STEP 71
2026-09-21 19:38:09,610 [BombeRLeWorld] INFO: Agent <rule_based_agent_0> chose action RIGHT in 0.00s.
2026-09-21 19:38:09,610 [BombeRLeWorld] INFO: Agent <rule_based_agent_0> stayed within acceptable think time.
2026-09-21 19:38:09,610 [BombeRLeWorld] INFO: Agent <rule_based_agent_2> chose action DOWN in 0.00s.
2026-09-21 19:38:09,610 [BombeRLeWorld] INFO: Agent <rule_based_agent_2> stayed within acceptable think time.
2026-09-21 19:38:09,610 [BombeRLeWorld] INFO: Agent <rule_based_agent_1> chose action UP in 0.00s.
2026-09-21 19:38:09,610 [BombeRLeWorld] INFO: Agent <rule_based_agent_1> stayed within acceptable think time.
2026-09-21 19:38:09,610 [BombeRLeWorld] INFO: Agent <final_code> chose action UP in 0.00s.
2026-09-21 19:38:09,610 [BombeRLeWorld] INFO: Agent <final_code> stayed within acceptable think time.
2026-09-21 19:38:09,706 [BombeRLeWorld] INFO: STARTING STEP 72
2026-09-21 19:38:09,710 [BombeRLeWorld] INFO: Agent <final_code> chose action UP in 0.00s.
2026-09-21 19:38:09,710 [BombeRLeWorld] INFO: Agent <final_code> stayed within acceptable think time.
2026-09-21 19:38:09,710 [BombeRLeWorld] INFO: Agent <rule_based_agent_0> chose action RIGHT in 0.00s.
2026-09-21 19:38:09,710 [BombeRLeWorld] INFO: Agent <rule_based_agent_0> stayed within acceptable think time.
2026-09-21 19:38:09,710 [BombeRLeWorld] INFO: Agent <rule_based_agent_2> chose action LEFT in 0.00s.
2026-09-21 19:38:09,710 [BombeRLeWorld] INFO: Agent <rule_based_agent_2> stayed within acceptable think time.
2026-09-21 19:38:09,710 [BombeRLeWorld] INFO: Agent <rule_based_agent_1> chose action UP in 0.00s.
2026-09-21 19:38:09,710 [BombeRLeWorld] INFO: Agent <rule_based_agent_1> stayed within acceptable think time.
2026-09-21 19:38:09,710 [BombeRLeWorld] INFO: Agent <rule_based_agent_2> picked up coin at (np.int64(6), np.int64(7)) and receives 1 point
2026-09-21 19:38:09,710 [BombeRLeWorld] INFO: Agent <rule_based_agent_2>'s bomb at (np.int64(8), np.int64(5)) explodes
2026-09-21 19:38:09,806 [BombeRLeWorld] INFO: STARTING STEP 73
2026-09-21 19:38:09,812 [BombeRLeWorld] INFO: Agent <rule_based_agent_0> chose action BOMB in 0.00s.
2026-09-21 19:38:09,812 [BombeRLeWorld] INFO: Agent <rule_based_agent_0> stayed within acceptable think time.
2026-09-21 19:38:09,812 [BombeRLeWorld] INFO: Agent <rule_based_agent_0> drops bomb at (np.int64(4), np.int64(7))
2026-09-21 19:38:09,812 [BombeRLeWorld] INFO: Agent <rule_based_agent_2> chose action RIGHT in 0.00s.
2026-09-21 19:38:09,812 [BombeRLeWorld] INFO: Agent <rule_based_agent_2> stayed within acceptable think time.
2026-09-21 19:38:09,812 [BombeRLeWorld] INFO: Agent <rule_based_agent_1> chose action UP in 0.00s.
2026-09-21 19:38:09,812 [BombeRLeWorld] INFO: Agent <rule_based_agent_1> stayed within acceptable think time.
2026-09-21 19:38:09,812 [BombeRLeWorld] INFO: Agent <final_code> chose action BOMB in 0.00s.
2026-09-21 19:38:09,812 [BombeRLeWorld] INFO: Agent <final_code> stayed within acceptable think time.
2026-09-21 19:38:09,812 [BombeRLeWorld] INFO: Agent <final_code> drops bomb at (np.int64(5), np.int64(7))
2026-09-21 19:38:09,906 [BombeRLeWorld] INFO: STARTING STEP 74
2026-09-21 19:38:09,911 [BombeRLeWorld] INFO: Agent <rule_based_agent_1> chose action BOMB in 0.00s.
2026-09-21 19:38:09,911 [BombeRLeWorld] INFO: Agent <rule_based_agent_1> stayed within acceptable think time.
2026-09-21 19:38:09,911 [BombeRLeWorld] INFO: Agent <rule_based_agent_1> drops bomb at (np.int64(13), np.int64(10))
2026-09-21 19:38:09,911 [BombeRLeWorld] INFO: Agent <final_code> chose action UP in 0.00s.
2026-09-21 19:38:09,911 [BombeRLeWorld] INFO: Agent <final_code> stayed within acceptable think time.
2026-09-21 19:38:09,911 [BombeRLeWorld] INFO: Agent <rule_based_agent_0> chose action LEFT in 0.00s.
2026-09-21 19:38:09,911 [BombeRLeWorld] INFO: Agent <rule_based_agent_0> stayed within acceptable think time.
2026-09-21 19:38:09,911 [BombeRLeWorld] INFO: Agent <rule_based_agent_2> chose action UP in 0.00s.
2026-09-21 19:38:09,911 [BombeRLeWorld] INFO: Agent <rule_based_agent_2> stayed within acceptable think time.
2026-09-21 19:38:10,006 [BombeRLeWorld] INFO: STARTING STEP 75
2026-09-21 19:38:10,011 [BombeRLeWorld] INFO: Agent <rule_based_agent_2> chose action UP in 0.00s.
2026-09-21 19:38:10,011 [BombeRLeWorld] INFO: Agent <rule_based_agent_2> stayed within acceptable think time.
2026-09-21 19:38:10,011 [BombeRLeWorld] INFO: Agent <final_code> chose action UP in 0.00s.
2026-09-21 19:38:10,011 [BombeRLeWorld] INFO: Agent <final_code> stayed within acceptable think time.
2026-09-21 19:38:10,011 [BombeRLeWorld] INFO: Agent <rule_based_agent_1> chose action DOWN in 0.00s.
2026-09-21 19:38:10,011 [BombeRLeWorld] INFO: Agent <rule_based_agent_1> stayed within acceptable think time.
2026-09-21 19:38:10,011 [BombeRLeWorld] INFO: Agent <rule_based_agent_0> chose action DOWN in 0.00s.
2026-09-21 19:38:10,011 [BombeRLeWorld] INFO: Agent <rule_based_agent_0> stayed within acceptable think time.
2026-09-21 19:38:10,106 [BombeRLeWorld] INFO: STARTING STEP 76
2026-09-21 19:38:10,112 [BombeRLeWorld] INFO: Agent <rule_based_agent_2> chose action LEFT in 0.00s.
2026-09-21 19:38:10,112 [BombeRLeWorld] INFO: Agent <rule_based_agent_2> stayed within acceptable think time.
2026-09-21 19:38:10,112 [BombeRLeWorld] INFO: Agent <final_code> chose action LEFT in 0.00s.
2026-09-21 19:38:10,112 [BombeRLeWorld] INFO: Agent <final_code> stayed within acceptable think time.
2026-09-21 19:38:10,112 [BombeRLeWorld] INFO: Agent <rule_based_agent_1> chose action RIGHT in 0.00s.
2026-09-21 19:38:10,112 [BombeRLeWorld] INFO: Agent <rule_based_agent_1> stayed within acceptable think time.
2026-09-21 19:38:10,112 [BombeRLeWorld] INFO: Agent <rule_based_agent_0> chose action UP in 0.00s.
2026-09-21 19:38:10,112 [BombeRLeWorld] INFO: Agent <rule_based_agent_0> stayed within acceptable think time.
2026-09-21 19:38:10,206 [BombeRLeWorld] INFO: STARTING STEP 77
2026-09-21 19:38:10,210 [BombeRLeWorld] INFO: Agent <final_code> chose action LEFT in 0.00s.
2026-09-21 19:38:10,210 [BombeRLeWorld] INFO: Agent <final_code> stayed within acceptable think time.
2026-09-21 19:38:10,210 [BombeRLeWorld] INFO: Agent <rule_based_agent_1> chose action LEFT in 0.00s.
2026-09-21 19:38:10,210 [BombeRLeWorld] INFO: Agent <rule_based_agent_1> stayed within acceptable think time.
2026-09-21 19:38:10,210 [BombeRLeWorld] INFO: Agent <rule_based_agent_2> chose action RIGHT in 0.00s.
2026-09-21 19:38:10,210 [BombeRLeWorld] INFO: Agent <rule_based_agent_2> stayed within acceptable think time.
2026-09-21 19:38:10,210 [BombeRLeWorld] INFO: Agent <rule_based_agent_0> chose action DOWN in 0.00s.
2026-09-21 19:38:10,210 [BombeRLeWorld] INFO: Agent <rule_based_agent_0> stayed within acceptable think time.
2026-09-21 19:38:10,210 [BombeRLeWorld] INFO: Agent <rule_based_agent_0>'s bomb at (np.int64(4), np.int64(7)) explodes
2026-09-21 19:38:10,211 [BombeRLeWorld] INFO: Agent <final_code>'s bomb at (np.int64(5), np.int64(7)) explodes
2026-09-21 19:38:10,307 [BombeRLeWorld] INFO: STARTING STEP 78
2026-09-21 19:38:10,313 [BombeRLeWorld] INFO: Agent <rule_based_agent_2> chose action DOWN in 0.00s.
2026-09-21 19:38:10,313 [BombeRLeWorld] INFO: Agent <rule_based_agent_2> stayed within acceptable think time.
2026-09-21 19:38:10,313 [BombeRLeWorld] INFO: Agent <rule_based_agent_0> chose action DOWN in 0.00s.
2026-09-21 19:38:10,313 [BombeRLeWorld] INFO: Agent <rule_based_agent_0> stayed within acceptable think time.
2026-09-21 19:38:10,313 [BombeRLeWorld] INFO: Agent <final_code> chose action LEFT in 0.00s.
2026-09-21 19:38:10,313 [BombeRLeWorld] INFO: Agent <final_code> stayed within acceptable think time.
2026-09-21 19:38:10,313 [BombeRLeWorld] INFO: Agent <rule_based_agent_1> chose action RIGHT in 0.00s.
2026-09-21 19:38:10,313 [BombeRLeWorld] INFO: Agent <rule_based_agent_1> stayed within acceptable think time.
2026-09-21 19:38:10,313 [BombeRLeWorld] INFO: Agent <rule_based_agent_1>'s bomb at (np.int64(13), np.int64(10)) explodes
2026-09-21 19:38:10,407 [BombeRLeWorld] INFO: STARTING STEP 79
2026-09-21 19:38:10,411 [BombeRLeWorld] INFO: Agent <final_code> chose action LEFT in 0.00s.
2026-09-21 19:38:10,411 [BombeRLeWorld] INFO: Agent <final_code> stayed within acceptable think time.
2026-09-21 19:38:10,411 [BombeRLeWorld] INFO: Agent <rule_based_agent_2> chose action DOWN in 0.00s.
2026-09-21 19:38:10,411 [BombeRLeWorld] INFO: Agent <rule_based_agent_2> stayed within acceptable think time.
2026-09-21 19:38:10,411 [BombeRLeWorld] INFO: Agent <rule_based_agent_0> chose action UP in 0.00s.
2026-09-21 19:38:10,411 [BombeRLeWorld] INFO: Agent <rule_based_agent_0> stayed within acceptable think time.
2026-09-21 19:38:10,411 [BombeRLeWorld] INFO: Agent <rule_based_agent_1> chose action RIGHT in 0.00s.
2026-09-21 19:38:10,411 [BombeRLeWorld] INFO: Agent <rule_based_agent_1> stayed within acceptable think time.
2026-09-21 19:38:10,507 [BombeRLeWorld] INFO: STARTING STEP 80
2026-09-21 19:38:10,512 [BombeRLeWorld] INFO: Agent <rule_based_agent_2> chose action RIGHT in 0.00s.
2026-09-21 19:38:10,512 [BombeRLeWorld] INFO: Agent <rule_based_agent_2> stayed within acceptable think time.
2026-09-21 19:38:10,512 [BombeRLeWorld] INFO: Agent <final_code> chose action BOMB in 0.00s.
2026-09-21 19:38:10,512 [BombeRLeWorld] INFO: Agent <final_code> stayed within acceptable think time.
2026-09-21 19:38:10,512 [BombeRLeWorld] INFO: Agent <final_code> drops bomb at (np.int64(1), np.int64(5))
2026-09-21 19:38:10,512 [BombeRLeWorld] INFO: Agent <rule_based_agent_0> chose action UP in 0.00s.
2026-09-21 19:38:10,512 [BombeRLeWorld] INFO: Agent <rule_based_agent_0> stayed within acceptable think time.
2026-09-21 19:38:10,512 [BombeRLeWorld] INFO: Agent <rule_based_agent_1> chose action LEFT in 0.00s.
2026-09-21 19:38:10,512 [BombeRLeWorld] INFO: Agent <rule_based_agent_1> stayed within acceptable think time.
2026-09-21 19:38:10,607 [BombeRLeWorld] INFO: STARTING STEP 81
2026-09-21 19:38:10,612 [BombeRLeWorld] INFO: Agent <rule_based_agent_1> chose action LEFT in 0.00s.
2026-09-21 19:38:10,612 [BombeRLeWorld] INFO: Agent <rule_based_agent_1> stayed within acceptable think time.
2026-09-21 19:38:10,612 [BombeRLeWorld] INFO: Agent <rule_based_agent_0> chose action UP in 0.00s.
2026-09-21 19:38:10,612 [BombeRLeWorld] INFO: Agent <rule_based_agent_0> stayed within acceptable think time.
2026-09-21 19:38:10,612 [BombeRLeWorld] INFO: Agent <rule_based_agent_2> chose action BOMB in 0.00s.
2026-09-21 19:38:10,612 [BombeRLeWorld] INFO: Agent <rule_based_agent_2> stayed within acceptable think time.
2026-09-21 19:38:10,612 [BombeRLeWorld] INFO: Agent <rule_based_agent_2> drops bomb at (np.int64(8), np.int64(7))
2026-09-21 19:38:10,612 [BombeRLeWorld] INFO: Agent <final_code> chose action DOWN in 0.00s.
2026-09-21 19:38:10,612 [BombeRLeWorld] INFO: Agent <final_code> stayed within acceptable think time.
2026-09-21 19:38:10,706 [BombeRLeWorld] INFO: STARTING STEP 82
2026-09-21 19:38:10,711 [BombeRLeWorld] INFO: Agent <rule_based_agent_0> chose action UP in 0.00s.
2026-09-21 19:38:10,711 [BombeRLeWorld] INFO: Agent <rule_based_agent_0> stayed within acceptable think time.
2026-09-21 19:38:10,711 [BombeRLeWorld] INFO: Agent <rule_based_agent_1> chose action UP in 0.00s.
2026-09-21 19:38:10,711 [BombeRLeWorld] INFO: Agent <rule_based_agent_1> stayed within acceptable think time.
2026-09-21 19:38:10,711 [BombeRLeWorld] INFO: Agent <rule_based_agent_2> chose action LEFT in 0.00s.
2026-09-21 19:38:10,711 [BombeRLeWorld] INFO: Agent <rule_based_agent_2> stayed within acceptable think time.
2026-09-21 19:38:10,711 [BombeRLeWorld] INFO: Agent <final_code> chose action DOWN in 0.00s.
2026-09-21 19:38:10,711 [BombeRLeWorld] INFO: Agent <final_code> stayed within acceptable think time.
2026-09-21 19:38:10,806 [BombeRLeWorld] INFO: STARTING STEP 83
2026-09-21 19:38:10,812 [BombeRLeWorld] INFO: Agent <rule_based_agent_2> chose action UP in 0.00s.
2026-09-21 19:38:10,812 [BombeRLeWorld] INFO: Agent <rule_based_agent_2> stayed within acceptable think time.
2026-09-21 19:38:10,812 [BombeRLeWorld] INFO: Agent <rule_based_agent_1> chose action UP in 0.00s.
2026-09-21 19:38:10,812 [BombeRLeWorld] INFO: Agent <rule_based_agent_1> stayed within acceptable think time.
2026-09-21 19:38:10,812 [BombeRLeWorld] INFO: Agent <rule_based_agent_0> chose action DOWN in 0.00s.
2026-09-21 19:38:10,812 [BombeRLeWorld] INFO: Agent <rule_based_agent_0> stayed within acceptable think time.
2026-09-21 19:38:10,812 [BombeRLeWorld] INFO: Agent <final_code> chose action RIGHT in 0.00s.
2026-09-21 19:38:10,812 [BombeRLeWorld] INFO: Agent <final_code> stayed within acceptable think time.
2026-09-21 19:38:10,907 [BombeRLeWorld] INFO: STARTING STEP 84
2026-09-21 19:38:10,911 [BombeRLeWorld] INFO: Agent <rule_based_agent_0> chose action DOWN in 0.00s.
2026-09-21 19:38:10,911 [BombeRLeWorld] INFO: Agent <rule_based_agent_0> stayed within acceptable think time.
2026-09-21 19:38:10,911 [BombeRLeWorld] INFO: Agent <rule_based_agent_2> chose action UP in 0.00s.
2026-09-21 19:38:10,911 [BombeRLeWorld] INFO: Agent <rule_based_agent_2> stayed within acceptable think time.
2026-09-21 19:38:10,911 [BombeRLeWorld] INFO: Agent <final_code> chose action RIGHT in 0.00s.
2026-09-21 19:38:10,911 [BombeRLeWorld] INFO: Agent <final_code> stayed within acceptable think time.
2026-09-21 19:38:10,912 [BombeRLeWorld] INFO: Agent <rule_based_agent_1> chose action LEFT in 0.00s.
2026-09-21 19:38:10,912 [BombeRLeWorld] INFO: Agent <rule_based_agent_1> stayed within acceptable think time.
2026-09-21 19:38:10,912 [BombeRLeWorld] INFO: Agent <final_code>'s bomb at (np.int64(1), np.int64(5)) explodes
2026-09-21 19:38:11,007 [BombeRLeWorld] INFO: STARTING STEP 85
2026-09-21 19:38:11,012 [BombeRLeWorld] INFO: Agent <rule_based_agent_1> chose action BOMB in 0.00s.
2026-09-21 19:38:11,012 [BombeRLeWorld] INFO: Agent <rule_based_agent_1> stayed within acceptable think time.
2026-09-21 19:38:11,012 [BombeRLeWorld] INFO: Agent <rule_based_agent_1> drops bomb at (np.int64(12), np.int64(9))
2026-09-21 19:38:11,012 [BombeRLeWorld] INFO: Agent <rule_based_agent_0> chose action BOMB in 0.00s.
2026-09-21 19:38:11,012 [BombeRLeWorld] INFO: Agent <rule_based_agent_0> stayed within acceptable think time.
2026-09-21 19:38:11,012 [BombeRLeWorld] INFO: Agent <rule_based_agent_0> drops bomb at (np.int64(3), np.int64(7))
2026-09-21 19:38:11,012 [BombeRLeWorld] INFO: Agent <final_code> chose action WAIT in 0.00s.
2026-09-21 19:38:11,012 [BombeRLeWorld] INFO: Agent <final_code> stayed within acceptable think time.
2026-09-21 19:38:11,012 [BombeRLeWorld] INFO: Agent <rule_based_agent_2> chose action DOWN in 0.00s.
2026-09-21 19:38:11,012 [BombeRLeWorld] INFO: Agent <rule_based_agent_2> stayed within acceptable think time.
2026-09-21 19:38:11,012 [BombeRLeWorld] INFO: Agent <rule_based_agent_2>'s bomb at (np.int64(8), np.int64(7)) explodes
2026-09-21 19:38:11,107 [BombeRLeWorld] INFO: STARTING STEP 86
2026-09-21 19:38:11,113 [BombeRLeWorld] INFO: Agent <rule_based_agent_1> chose action RIGHT in 0.00s.
2026-09-21 19:38:11,113 [BombeRLeWorld] INFO: Agent <rule_based_agent_1> stayed within acceptable think time.
2026-09-21 19:38:11,113 [BombeRLeWorld] INFO: Agent <final_code> chose action LEFT in 0.00s.
2026-09-21 19:38:11,113 [BombeRLeWorld] INFO: Agent <final_code> stayed within acceptable think time.
2026-09-21 19:38:11,113 [BombeRLeWorld] INFO: Agent <rule_based_agent_0> chose action RIGHT in 0.00s.
2026-09-21 19:38:11,113 [BombeRLeWorld] INFO: Agent <rule_based_agent_0> stayed within acceptable think time.
2026-09-21 19:38:11,113 [BombeRLeWorld] INFO: Agent <rule_based_agent_2> chose action UP in 0.00s.
2026-09-21 19:38:11,113 [BombeRLeWorld] INFO: Agent <rule_based_agent_2> stayed within acceptable think time.
2026-09-21 19:38:11,207 [BombeRLeWorld] INFO: STARTING STEP 87
2026-09-21 19:38:11,213 [BombeRLeWorld] INFO: Agent <final_code> chose action DOWN in 0.00s.
2026-09-21 19:38:11,213 [BombeRLeWorld] INFO: Agent <final_code> stayed within acceptable think time.
2026-09-21 19:38:11,213 [BombeRLeWorld] INFO: Agent <rule_based_agent_2> chose action RIGHT in 0.00s.
2026-09-21 19:38:11,213 [BombeRLeWorld] INFO: Agent <rule_based_agent_2> stayed within acceptable think time.
2026-09-21 19:38:11,213 [BombeRLeWorld] INFO: Agent <rule_based_agent_0> chose action RIGHT in 0.00s.
2026-09-21 19:38:11,213 [BombeRLeWorld] INFO: Agent <rule_based_agent_0> stayed within acceptable think time.
2026-09-21 19:38:11,213 [BombeRLeWorld] INFO: Agent <rule_based_agent_1> chose action DOWN in 0.00s.
2026-09-21 19:38:11,213 [BombeRLeWorld] INFO: Agent <rule_based_agent_1> stayed within acceptable think time.
2026-09-21 19:38:11,307 [BombeRLeWorld] INFO: STARTING STEP 88
2026-09-21 19:38:11,314 [BombeRLeWorld] INFO: Agent <final_code> chose action DOWN in 0.00s.
2026-09-21 19:38:11,314 [BombeRLeWorld] INFO: Agent <final_code> stayed within acceptable think time.
2026-09-21 19:38:11,314 [BombeRLeWorld] INFO: Agent <rule_based_agent_0> chose action DOWN in 0.00s.
2026-09-21 19:38:11,314 [BombeRLeWorld] INFO: Agent <rule_based_agent_0> stayed within acceptable think time.
2026-09-21 19:38:11,314 [BombeRLeWorld] INFO: Agent <rule_based_agent_1> chose action UP in 0.00s.
2026-09-21 19:38:11,314 [BombeRLeWorld] INFO: Agent <rule_based_agent_1> stayed within acceptable think time.
2026-09-21 19:38:11,314 [BombeRLeWorld] INFO: Agent <rule_based_agent_2> chose action RIGHT in 0.00s.
2026-09-21 19:38:11,314 [BombeRLeWorld] INFO: Agent <rule_based_agent_2> stayed within acceptable think time.
2026-09-21 19:38:11,407 [BombeRLeWorld] INFO: STARTING STEP 89
2026-09-21 19:38:11,414 [BombeRLeWorld] INFO: Agent <rule_based_agent_2> chose action RIGHT in 0.00s.
2026-09-21 19:38:11,414 [BombeRLeWorld] INFO: Agent <rule_based_agent_2> stayed within acceptable think time.
2026-09-21 19:38:11,414 [BombeRLeWorld] INFO: Agent <final_code> chose action BOMB in 0.00s.
2026-09-21 19:38:11,414 [BombeRLeWorld] INFO: Agent <final_code> stayed within acceptable think time.
2026-09-21 19:38:11,414 [BombeRLeWorld] INFO: Agent <final_code> drops bomb at (np.int64(1), np.int64(9))
2026-09-21 19:38:11,414 [BombeRLeWorld] INFO: Agent <rule_based_agent_1> chose action DOWN in 0.00s.
2026-09-21 19:38:11,414 [BombeRLeWorld] INFO: Agent <rule_based_agent_1> stayed within acceptable think time.
2026-09-21 19:38:11,414 [BombeRLeWorld] INFO: Agent <rule_based_agent_0> chose action DOWN in 0.00s.
2026-09-21 19:38:11,414 [BombeRLeWorld] INFO: Agent <rule_based_agent_0> stayed within acceptable think time.
2026-09-21 19:38:11,414 [BombeRLeWorld] INFO: Agent <rule_based_agent_1>'s bomb at (np.int64(12), np.int64(9)) explodes
2026-09-21 19:38:11,414 [BombeRLeWorld] INFO: Agent <rule_based_agent_0>'s bomb at (np.int64(3), np.int64(7)) explodes
2026-09-21 19:38:11,507 [BombeRLeWorld] INFO: STARTING STEP 90
2026-09-21 19:38:11,512 [BombeRLeWorld] INFO: Agent <rule_based_agent_0> chose action UP in 0.00s.
2026-09-21 19:38:11,512 [BombeRLeWorld] INFO: Agent <rule_based_agent_0> stayed within acceptable think time.
2026-09-21 19:38:11,512 [BombeRLeWorld] INFO: Agent <rule_based_agent_2> chose action RIGHT in 0.00s.
2026-09-21 19:38:11,512 [BombeRLeWorld] INFO: Agent <rule_based_agent_2> stayed within acceptable think time.
2026-09-21 19:38:11,512 [BombeRLeWorld] INFO: Agent <rule_based_agent_1> chose action DOWN in 0.00s.
2026-09-21 19:38:11,512 [BombeRLeWorld] INFO: Agent <rule_based_agent_1> stayed within acceptable think time.
2026-09-21 19:38:11,512 [BombeRLeWorld] INFO: Agent <final_code> chose action DOWN in 0.00s.
2026-09-21 19:38:11,512 [BombeRLeWorld] INFO: Agent <final_code> stayed within acceptable think time.
2026-09-21 19:38:11,607 [BombeRLeWorld] INFO: STARTING STEP 91
2026-09-21 19:38:11,612 [BombeRLeWorld] INFO: Agent <rule_based_agent_0> chose action UP in 0.00s.
2026-09-21 19:38:11,612 [BombeRLeWorld] INFO: Agent <rule_based_agent_0> stayed within acceptable think time.
2026-09-21 19:38:11,612 [BombeRLeWorld] INFO: Agent <final_code> chose action DOWN in 0.00s.
2026-09-21 19:38:11,612 [BombeRLeWorld] INFO: Agent <final_code> stayed within acceptable think time.
2026-09-21 19:38:11,612 [BombeRLeWorld] INFO: Agent <rule_based_agent_1> chose action UP in 0.00s.
2026-09-21 19:38:11,612 [BombeRLeWorld] INFO: Agent <rule_based_agent_1> stayed within acceptable think time.
2026-09-21 19:38:11,612 [BombeRLeWorld] INFO: Agent <rule_based_agent_2> chose action BOMB in 0.00s.
2026-09-21 19:38:11,612 [BombeRLeWorld] INFO: Agent <rule_based_agent_2> stayed within acceptable think time.
2026-09-21 19:38:11,612 [BombeRLeWorld] INFO: Agent <rule_based_agent_2> drops bomb at (np.int64(11), np.int64(5))
2026-09-21 19:38:11,707 [BombeRLeWorld] INFO: STARTING STEP 92
2026-09-21 19:38:11,713 [BombeRLeWorld] INFO: Agent <rule_based_agent_2> chose action LEFT in 0.00s.
2026-09-21 19:38:11,713 [BombeRLeWorld] INFO: Agent <rule_based_agent_2> stayed within acceptable think time.
2026-09-21 19:38:11,713 [BombeRLeWorld] INFO: Agent <rule_based_agent_1> chose action UP in 0.00s.
2026-09-21 19:38:11,713 [BombeRLeWorld] INFO: Agent <rule_based_agent_1> stayed within acceptable think time.
2026-09-21 19:38:11,713 [BombeRLeWorld] INFO: Agent <rule_based_agent_0> chose action LEFT in 0.00s.
2026-09-21 19:38:11,713 [BombeRLeWorld] INFO: Agent <rule_based_agent_0> stayed within acceptable think time.
2026-09-21 19:38:11,713 [BombeRLeWorld] INFO: Agent <final_code> chose action RIGHT in 0.00s.
2026-09-21 19:38:11,713 [BombeRLeWorld] INFO: Agent <final_code> stayed within acceptable think time.
2026-09-21 19:38:11,807 [BombeRLeWorld] INFO: STARTING STEP 93
2026-09-21 19:38:11,813 [BombeRLeWorld] INFO: Agent <rule_based_agent_1> chose action LEFT in 0.00s.
2026-09-21 19:38:11,813 [BombeRLeWorld] INFO: Agent <rule_based_agent_1> stayed within acceptable think time.
2026-09-21 19:38:11,813 [BombeRLeWorld] INFO: Agent <rule_based_agent_2> chose action LEFT in 0.00s.
2026-09-21 19:38:11,813 [BombeRLeWorld] INFO: Agent <rule_based_agent_2> stayed within acceptable think time.
2026-09-21 19:38:11,813 [BombeRLeWorld] INFO: Agent <rule_based_agent_0> chose action LEFT in 0.00s.
2026-09-21 19:38:11,813 [BombeRLeWorld] INFO: Agent <rule_based_agent_0> stayed within acceptable think time.
2026-09-21 19:38:11,813 [BombeRLeWorld] INFO: Agent <final_code> chose action RIGHT in 0.00s.
2026-09-21 19:38:11,813 [BombeRLeWorld] INFO: Agent <final_code> stayed within acceptable think time.
2026-09-21 19:38:11,813 [BombeRLeWorld] INFO: Agent <final_code>'s bomb at (np.int64(1), np.int64(9)) explodes
2026-09-21 19:38:11,907 [BombeRLeWorld] INFO: STARTING STEP 94
2026-09-21 19:38:11,914 [BombeRLeWorld] INFO: Agent <rule_based_agent_0> chose action RIGHT in 0.00s.
2026-09-21 19:38:11,914 [BombeRLeWorld] INFO: Agent <rule_based_agent_0> stayed within acceptable think time.
2026-09-21 19:38:11,914 [BombeRLeWorld] INFO: Agent <final_code> chose action RIGHT in 0.00s.
2026-09-21 19:38:11,914 [BombeRLeWorld] INFO: Agent <final_code> stayed within acceptable think time.
2026-09-21 19:38:11,914 [BombeRLeWorld] INFO: Agent <rule_based_agent_2> chose action LEFT in 0.00s.
2026-09-21 19:38:11,914 [BombeRLeWorld] INFO: Agent <rule_based_agent_2> stayed within acceptable think time.
2026-09-21 19:38:11,914 [BombeRLeWorld] INFO: Agent <rule_based_agent_1> chose action LEFT in 0.00s.
2026-09-21 19:38:11,914 [BombeRLeWorld] INFO: Agent <rule_based_agent_1> stayed within acceptable think time.
2026-09-21 19:38:12,007 [BombeRLeWorld] INFO: STARTING STEP 95
2026-09-21 19:38:12,013 [BombeRLeWorld] INFO: Agent <final_code> chose action RIGHT in 0.00s.
2026-09-21 19:38:12,013 [BombeRLeWorld] INFO: Agent <final_code> stayed within acceptable think time.
2026-09-21 19:38:12,013 [BombeRLeWorld] INFO: Agent <rule_based_agent_2> chose action LEFT in 0.00s.
2026-09-21 19:38:12,013 [BombeRLeWorld] INFO: Agent <rule_based_agent_2> stayed within acceptable think time.
2026-09-21 19:38:12,013 [BombeRLeWorld] INFO: Agent <rule_based_agent_0> chose action RIGHT in 0.00s.
2026-09-21 19:38:12,013 [BombeRLeWorld] INFO: Agent <rule_based_agent_0> stayed within acceptable think time.
2026-09-21 19:38:12,013 [BombeRLeWorld] INFO: Agent <rule_based_agent_1> chose action LEFT in 0.00s.
2026-09-21 19:38:12,013 [BombeRLeWorld] INFO: Agent <rule_based_agent_1> stayed within acceptable think time.
2026-09-21 19:38:12,013 [BombeRLeWorld] INFO: Agent <rule_based_agent_2>'s bomb at (np.int64(11), np.int64(5)) explodes
2026-09-21 19:38:12,013 [BombeRLeWorld] INFO: Coin found at (np.int64(12), np.int64(5))
2026-09-21 19:38:12,013 [BombeRLeWorld] INFO: Coin found at (np.int64(14), np.int64(5))
2026-09-21 19:38:12,013 [BombeRLeWorld] INFO: Coin found at (np.int64(11), np.int64(6))
2026-09-21 19:38:12,108 [BombeRLeWorld] INFO: STARTING STEP 96
2026-09-21 19:38:12,114 [BombeRLeWorld] INFO: Agent <final_code> chose action BOMB in 0.00s.
2026-09-21 19:38:12,114 [BombeRLeWorld] INFO: Agent <final_code> stayed within acceptable think time.
2026-09-21 19:38:12,114 [BombeRLeWorld] INFO: Agent <final_code> drops bomb at (np.int64(5), np.int64(11))
2026-09-21 19:38:12,114 [BombeRLeWorld] INFO: Agent <rule_based_agent_2> chose action DOWN in 0.00s.
2026-09-21 19:38:12,114 [BombeRLeWorld] INFO: Agent <rule_based_agent_2> stayed within acceptable think time.
2026-09-21 19:38:12,114 [BombeRLeWorld] INFO: Agent <rule_based_agent_1> chose action LEFT in 0.00s.
2026-09-21 19:38:12,114 [BombeRLeWorld] INFO: Agent <rule_based_agent_1> stayed within acceptable think time.
2026-09-21 19:38:12,114 [BombeRLeWorld] INFO: Agent <rule_based_agent_0> chose action RIGHT in 0.00s.
2026-09-21 19:38:12,114 [BombeRLeWorld] INFO: Agent <rule_based_agent_0> stayed within acceptable think time.
2026-09-21 19:38:12,208 [BombeRLeWorld] INFO: STARTING STEP 97
2026-09-21 19:38:12,213 [BombeRLeWorld] INFO: Agent <final_code> chose action UP in 0.00s.
2026-09-21 19:38:12,213 [BombeRLeWorld] INFO: Agent <final_code> stayed within acceptable think time.
2026-09-21 19:38:12,213 [BombeRLeWorld] INFO: Agent <rule_based_agent_1> chose action BOMB in 0.00s.
2026-09-21 19:38:12,213 [BombeRLeWorld] INFO: Agent <rule_based_agent_1> stayed within acceptable think time.
2026-09-21 19:38:12,213 [BombeRLeWorld] INFO: Agent <rule_based_agent_1> drops bomb at (np.int64(9), np.int64(9))
2026-09-21 19:38:12,213 [BombeRLeWorld] INFO: Agent <rule_based_agent_0> chose action RIGHT in 0.00s.
2026-09-21 19:38:12,213 [BombeRLeWorld] INFO: Agent <rule_based_agent_0> stayed within acceptable think time.
2026-09-21 19:38:12,213 [BombeRLeWorld] INFO: Agent <rule_based_agent_2> chose action UP in 0.00s.
2026-09-21 19:38:12,213 [BombeRLeWorld] INFO: Agent <rule_based_agent_2> stayed within acceptable think time.
2026-09-21 19:38:12,307 [BombeRLeWorld] INFO: STARTING STEP 98
2026-09-21 19:38:12,312 [BombeRLeWorld] INFO: Agent <final_code> chose action UP in 0.00s.
2026-09-21 19:38:12,312 [BombeRLeWorld] INFO: Agent <final_code> stayed within acceptable think time.
2026-09-21 19:38:12,312 [BombeRLeWorld] INFO: Agent <rule_based_agent_2> chose action RIGHT in 0.00s.
2026-09-21 19:38:12,312 [BombeRLeWorld] INFO: Agent <rule_based_agent_2> stayed within acceptable think time.
2026-09-21 19:38:12,312 [BombeRLeWorld] INFO: Agent <rule_based_agent_0> chose action RIGHT in 0.00s.
2026-09-21 19:38:12,312 [BombeRLeWorld] INFO: Agent <rule_based_agent_0> stayed within acceptable think time.
2026-09-21 19:38:12,312 [BombeRLeWorld] INFO: Agent <rule_based_agent_1> chose action RIGHT in 0.00s.
2026-09-21 19:38:12,312 [BombeRLeWorld] INFO: Agent <rule_based_agent_1> stayed within acceptable think time.
2026-09-21 19:38:12,408 [BombeRLeWorld] INFO: STARTING STEP 99
2026-09-21 19:38:12,413 [BombeRLeWorld] INFO: Agent <rule_based_agent_2> chose action RIGHT in 0.00s.
2026-09-21 19:38:12,413 [BombeRLeWorld] INFO: Agent <rule_based_agent_2> stayed within acceptable think time.
2026-09-21 19:38:12,413 [BombeRLeWorld] INFO: Agent <rule_based_agent_0> chose action LEFT in 0.00s.
2026-09-21 19:38:12,413 [BombeRLeWorld] INFO: Agent <rule_based_agent_0> stayed within acceptable think time.
2026-09-21 19:38:12,413 [BombeRLeWorld] INFO: Agent <final_code> chose action LEFT in 0.00s.
2026-09-21 19:38:12,413 [BombeRLeWorld] INFO: Agent <final_code> stayed within acceptable think time.
2026-09-21 19:38:12,413 [BombeRLeWorld] INFO: Agent <rule_based_agent_1> chose action RIGHT in 0.00s.
2026-09-21 19:38:12,413 [BombeRLeWorld] INFO: Agent <rule_based_agent_1> stayed within acceptable think time.
2026-09-21 19:38:12,507 [BombeRLeWorld] INFO: STARTING STEP 100
2026-09-21 19:38:12,512 [BombeRLeWorld] INFO: Agent <rule_based_agent_2> chose action RIGHT in 0.00s.
2026-09-21 19:38:12,512 [BombeRLeWorld] INFO: Agent <rule_based_agent_2> stayed within acceptable think time.
2026-09-21 19:38:12,512 [BombeRLeWorld] INFO: Agent <rule_based_agent_1> chose action UP in 0.00s.
2026-09-21 19:38:12,512 [BombeRLeWorld] INFO: Agent <rule_based_agent_1> stayed within acceptable think time.
2026-09-21 19:38:12,512 [BombeRLeWorld] INFO: Agent <rule_based_agent_0> chose action UP in 0.00s.
2026-09-21 19:38:12,512 [BombeRLeWorld] INFO: Agent <rule_based_agent_0> stayed within acceptable think time.
2026-09-21 19:38:12,512 [BombeRLeWorld] INFO: Agent <final_code> chose action LEFT in 0.00s.
2026-09-21 19:38:12,512 [BombeRLeWorld] INFO: Agent <final_code> stayed within acceptable think time.
2026-09-21 19:38:12,512 [BombeRLeWorld] INFO: Agent <final_code>'s bomb at (np.int64(5), np.int64(11)) explodes
2026-09-21 19:38:12,608 [BombeRLeWorld] INFO: STARTING STEP 101
2026-09-21 19:38:12,614 [BombeRLeWorld] INFO: Agent <rule_based_agent_0> chose action UP in 0.00s.
2026-09-21 19:38:12,614 [BombeRLeWorld] INFO: Agent <rule_based_agent_0> stayed within acceptable think time.
2026-09-21 19:38:12,614 [BombeRLeWorld] INFO: Agent <rule_based_agent_2> chose action RIGHT in 0.00s.
2026-09-21 19:38:12,614 [BombeRLeWorld] INFO: Agent <rule_based_agent_2> stayed within acceptable think time.
2026-09-21 19:38:12,614 [BombeRLeWorld] INFO: Agent <final_code> chose action RIGHT in 0.01s.
2026-09-21 19:38:12,614 [BombeRLeWorld] INFO: Agent <final_code> stayed within acceptable think time.
2026-09-21 19:38:12,614 [BombeRLeWorld] INFO: Agent <rule_based_agent_1> chose action UP in 0.00s.
2026-09-21 19:38:12,614 [BombeRLeWorld] INFO: Agent <rule_based_agent_1> stayed within acceptable think time.
2026-09-21 19:38:12,615 [BombeRLeWorld] INFO: Agent <rule_based_agent_1>'s bomb at (np.int64(9), np.int64(9)) explodes
2026-09-21 19:38:12,708 [BombeRLeWorld] INFO: STARTING STEP 102
2026-09-21 19:38:12,713 [BombeRLeWorld] INFO: Agent <rule_based_agent_2> chose action DOWN in 0.00s.
2026-09-21 19:38:12,713 [BombeRLeWorld] INFO: Agent <rule_based_agent_2> stayed within acceptable think time.
2026-09-21 19:38:12,713 [BombeRLeWorld] INFO: Agent <final_code> chose action RIGHT in 0.00s.
2026-09-21 19:38:12,713 [BombeRLeWorld] INFO: Agent <final_code> stayed within acceptable think time.
2026-09-21 19:38:12,713 [BombeRLeWorld] INFO: Agent <rule_based_agent_1> chose action UP in 0.00s.
2026-09-21 19:38:12,713 [BombeRLeWorld] INFO: Agent <rule_based_agent_1> stayed within acceptable think time.
2026-09-21 19:38:12,713 [BombeRLeWorld] INFO: Agent <rule_based_agent_0> chose action RIGHT in 0.00s.
2026-09-21 19:38:12,713 [BombeRLeWorld] INFO: Agent <rule_based_agent_0> stayed within acceptable think time.
2026-09-21 19:38:12,713 [BombeRLeWorld] INFO: Agent <rule_based_agent_2> picked up coin at (np.int64(11), np.int64(6)) and receives 1 point
2026-09-21 19:38:12,808 [BombeRLeWorld] INFO: STARTING STEP 103
2026-09-21 19:38:12,814 [BombeRLeWorld] INFO: Agent <final_code> chose action UP in 0.01s.
2026-09-21 19:38:12,814 [BombeRLeWorld] INFO: Agent <final_code> stayed within acceptable think time.
2026-09-21 19:38:12,814 [BombeRLeWorld] INFO: Agent <rule_based_agent_1> chose action DOWN in 0.00s.
2026-09-21 19:38:12,814 [BombeRLeWorld] INFO: Agent <rule_based_agent_1> stayed within acceptable think time.
2026-09-21 19:38:12,814 [BombeRLeWorld] INFO: Agent <rule_based_agent_2> chose action BOMB in 0.00s.
2026-09-21 19:38:12,814 [BombeRLeWorld] INFO: Agent <rule_based_agent_2> stayed within acceptable think time.
2026-09-21 19:38:12,814 [BombeRLeWorld] INFO: Agent <rule_based_agent_2> drops bomb at (np.int64(11), np.int64(6))
2026-09-21 19:38:12,814 [BombeRLeWorld] INFO: Agent <rule_based_agent_0> chose action RIGHT in 0.00s.
2026-09-21 19:38:12,814 [BombeRLeWorld] INFO: Agent <rule_based_agent_0> stayed within acceptable think time.
2026-09-21 19:38:12,908 [BombeRLeWorld] INFO: STARTING STEP 104
2026-09-21 19:38:12,913 [BombeRLeWorld] INFO: Agent <rule_based_agent_2> chose action DOWN in 0.00s.
2026-09-21 19:38:12,913 [BombeRLeWorld] INFO: Agent <rule_based_agent_2> stayed within acceptable think time.
2026-09-21 19:38:12,913 [BombeRLeWorld] INFO: Agent <final_code> chose action UP in 0.00s.
2026-09-21 19:38:12,913 [BombeRLeWorld] INFO: Agent <final_code> stayed within acceptable think time.
2026-09-21 19:38:12,913 [BombeRLeWorld] INFO: Agent <rule_based_agent_0> chose action RIGHT in 0.00s.
2026-09-21 19:38:12,913 [BombeRLeWorld] INFO: Agent <rule_based_agent_0> stayed within acceptable think time.
2026-09-21 19:38:12,913 [BombeRLeWorld] INFO: Agent <rule_based_agent_1> chose action DOWN in 0.00s.
2026-09-21 19:38:12,913 [BombeRLeWorld] INFO: Agent <rule_based_agent_1> stayed within acceptable think time.
2026-09-21 19:38:13,008 [BombeRLeWorld] INFO: STARTING STEP 105
2026-09-21 19:38:13,014 [BombeRLeWorld] INFO: Agent <rule_based_agent_2> chose action RIGHT in 0.00s.
2026-09-21 19:38:13,014 [BombeRLeWorld] INFO: Agent <rule_based_agent_2> stayed within acceptable think time.
2026-09-21 19:38:13,014 [BombeRLeWorld] INFO: Agent <rule_based_agent_1> chose action RIGHT in 0.00s.
2026-09-21 19:38:13,014 [BombeRLeWorld] INFO: Agent <rule_based_agent_1> stayed within acceptable think time.
2026-09-21 19:38:13,014 [BombeRLeWorld] INFO: Agent <final_code> chose action UP in 0.01s.
2026-09-21 19:38:13,014 [BombeRLeWorld] INFO: Agent <final_code> stayed within acceptable think time.
2026-09-21 19:38:13,014 [BombeRLeWorld] INFO: Agent <rule_based_agent_0> chose action RIGHT in 0.00s.
2026-09-21 19:38:13,014 [BombeRLeWorld] INFO: Agent <rule_based_agent_0> stayed within acceptable think time.
2026-09-21 19:38:13,108 [BombeRLeWorld] INFO: STARTING STEP 106
2026-09-21 19:38:13,113 [BombeRLeWorld] INFO: Agent <final_code> chose action UP in 0.00s.
2026-09-21 19:38:13,113 [BombeRLeWorld] INFO: Agent <final_code> stayed within acceptable think time.
2026-09-21 19:38:13,113 [BombeRLeWorld] INFO: Agent <rule_based_agent_0> chose action RIGHT in 0.00s.
2026-09-21 19:38:13,113 [BombeRLeWorld] INFO: Agent <rule_based_agent_0> stayed within acceptable think time.
2026-09-21 19:38:13,113 [BombeRLeWorld] INFO: Agent <rule_based_agent_2> chose action LEFT in 0.00s.
2026-09-21 19:38:13,113 [BombeRLeWorld] INFO: Agent <rule_based_agent_2> stayed within acceptable think time.
2026-09-21 19:38:13,113 [BombeRLeWorld] INFO: Agent <rule_based_agent_1> chose action LEFT in 0.00s.
2026-09-21 19:38:13,113 [BombeRLeWorld] INFO: Agent <rule_based_agent_1> stayed within acceptable think time.
2026-09-21 19:38:13,113 [BombeRLeWorld] INFO: Agent <rule_based_agent_0> picked up coin at (np.int64(12), np.int64(5)) and receives 1 point
2026-09-21 19:38:13,208 [BombeRLeWorld] INFO: STARTING STEP 107
2026-09-21 19:38:13,214 [BombeRLeWorld] INFO: Agent <rule_based_agent_2> chose action RIGHT in 0.00s.
2026-09-21 19:38:13,214 [BombeRLeWorld] INFO: Agent <rule_based_agent_2> stayed within acceptable think time.
2026-09-21 19:38:13,214 [BombeRLeWorld] INFO: Agent <final_code> chose action RIGHT in 0.01s.
2026-09-21 19:38:13,214 [BombeRLeWorld] INFO: Agent <final_code> stayed within acceptable think time.
2026-09-21 19:38:13,214 [BombeRLeWorld] INFO: Agent <rule_based_agent_0> chose action RIGHT in 0.00s.
2026-09-21 19:38:13,214 [BombeRLeWorld] INFO: Agent <rule_based_agent_0> stayed within acceptable think time.
2026-09-21 19:38:13,214 [BombeRLeWorld] INFO: Agent <rule_based_agent_1> chose action RIGHT in 0.00s.
2026-09-21 19:38:13,214 [BombeRLeWorld] INFO: Agent <rule_based_agent_1> stayed within acceptable think time.
2026-09-21 19:38:13,214 [BombeRLeWorld] INFO: Agent <rule_based_agent_2>'s bomb at (np.int64(11), np.int64(6)) explodes
2026-09-21 19:38:13,308 [BombeRLeWorld] INFO: STARTING STEP 108
2026-09-21 19:38:13,313 [BombeRLeWorld] INFO: Agent <rule_based_agent_1> chose action RIGHT in 0.00s.
2026-09-21 19:38:13,313 [BombeRLeWorld] INFO: Agent <rule_based_agent_1> stayed within acceptable think time.
2026-09-21 19:38:13,313 [BombeRLeWorld] INFO: Agent <rule_based_agent_2> chose action RIGHT in 0.00s.
2026-09-21 19:38:13,313 [BombeRLeWorld] INFO: Agent <rule_based_agent_2> stayed within acceptable think time.
2026-09-21 19:38:13,313 [BombeRLeWorld] INFO: Agent <rule_based_agent_0> chose action RIGHT in 0.00s.
2026-09-21 19:38:13,313 [BombeRLeWorld] INFO: Agent <rule_based_agent_0> stayed within acceptable think time.
2026-09-21 19:38:13,313 [BombeRLeWorld] INFO: Agent <final_code> chose action RIGHT in 0.00s.
2026-09-21 19:38:13,313 [BombeRLeWorld] INFO: Agent <final_code> stayed within acceptable think time.
2026-09-21 19:38:13,313 [BombeRLeWorld] INFO: Agent <rule_based_agent_0> picked up coin at (np.int64(14), np.int64(5)) and receives 1 point
2026-09-21 19:38:13,408 [BombeRLeWorld] INFO: STARTING STEP 109
2026-09-21 19:38:13,415 [BombeRLeWorld] INFO: Agent <final_code> chose action BOMB in 0.00s.
2026-09-21 19:38:13,415 [BombeRLeWorld] INFO: Agent <final_code> stayed within acceptable think time.
2026-09-21 19:38:13,415 [BombeRLeWorld] INFO: Agent <final_code> drops bomb at (np.int64(7), np.int64(5))
2026-09-21 19:38:13,415 [BombeRLeWorld] INFO: Agent <rule_based_agent_1> chose action LEFT in 0.00s.
2026-09-21 19:38:13,415 [BombeRLeWorld] INFO: Agent <rule_based_agent_1> stayed within acceptable think time.
2026-09-21 19:38:13,415 [BombeRLeWorld] INFO: Agent <rule_based_agent_2> chose action DOWN in 0.00s.
2026-09-21 19:38:13,415 [BombeRLeWorld] INFO: Agent <rule_based_agent_2> stayed within acceptable think time.
2026-09-21 19:38:13,415 [BombeRLeWorld] INFO: Agent <rule_based_agent_0> chose action LEFT in 0.00s.
2026-09-21 19:38:13,415 [BombeRLeWorld] INFO: Agent <rule_based_agent_0> stayed within acceptable think time.
2026-09-21 19:38:13,508 [BombeRLeWorld] INFO: STARTING STEP 110
2026-09-21 19:38:13,514 [BombeRLeWorld] INFO: Agent <final_code> chose action DOWN in 0.00s.
2026-09-21 19:38:13,514 [BombeRLeWorld] INFO: Agent <final_code> stayed within acceptable think time.
2026-09-21 19:38:13,514 [BombeRLeWorld] INFO: Agent <rule_based_agent_1> chose action LEFT in 0.00s.
2026-09-21 19:38:13,514 [BombeRLeWorld] INFO: Agent <rule_based_agent_1> stayed within acceptable think time.
2026-09-21 19:38:13,514 [BombeRLeWorld] INFO: Agent <rule_based_agent_0> chose action LEFT in 0.00s.
2026-09-21 19:38:13,514 [BombeRLeWorld] INFO: Agent <rule_based_agent_0> stayed within acceptable think time.
2026-09-21 19:38:13,514 [BombeRLeWorld] INFO: Agent <rule_based_agent_2> chose action DOWN in 0.00s.
2026-09-21 19:38:13,514 [BombeRLeWorld] INFO: Agent <rule_based_agent_2> stayed within acceptable think time.
2026-09-21 19:38:13,608 [BombeRLeWorld] INFO: STARTING STEP 111
2026-09-21 19:38:13,613 [BombeRLeWorld] INFO: Agent <rule_based_agent_0> chose action LEFT in 0.00s.
2026-09-21 19:38:13,613 [BombeRLeWorld] INFO: Agent <rule_based_agent_0> stayed within acceptable think time.
2026-09-21 19:38:13,613 [BombeRLeWorld] INFO: Agent <rule_based_agent_2> chose action LEFT in 0.00s.
2026-09-21 19:38:13,613 [BombeRLeWorld] INFO: Agent <rule_based_agent_2> stayed within acceptable think time.
2026-09-21 19:38:13,613 [BombeRLeWorld] INFO: Agent <final_code> chose action DOWN in 0.00s.
2026-09-21 19:38:13,613 [BombeRLeWorld] INFO: Agent <final_code> stayed within acceptable think time.
2026-09-21 19:38:13,613 [BombeRLeWorld] INFO: Agent <rule_based_agent_1> chose action BOMB in 0.00s.
2026-09-21 19:38:13,613 [BombeRLeWorld] INFO: Agent <rule_based_agent_1> stayed within acceptable think time.
2026-09-21 19:38:13,613 [BombeRLeWorld] INFO: Agent <rule_based_agent_1> drops bomb at (np.int64(11), np.int64(9))
2026-09-21 19:38:13,708 [BombeRLeWorld] INFO: STARTING STEP 112
2026-09-21 19:38:13,715 [BombeRLeWorld] INFO: Agent <rule_based_agent_2> chose action RIGHT in 0.00s.
2026-09-21 19:38:13,715 [BombeRLeWorld] INFO: Agent <rule_based_agent_2> stayed within acceptable think time.
2026-09-21 19:38:13,715 [BombeRLeWorld] INFO: Agent <rule_based_agent_0> chose action DOWN in 0.00s.
2026-09-21 19:38:13,715 [BombeRLeWorld] INFO: Agent <rule_based_agent_0> stayed within acceptable think time.
2026-09-21 19:38:13,715 [BombeRLeWorld] INFO: Agent <final_code> chose action RIGHT in 0.00s.
2026-09-21 19:38:13,715 [BombeRLeWorld] INFO: Agent <final_code> stayed within acceptable think time.
2026-09-21 19:38:13,715 [BombeRLeWorld] INFO: Agent <rule_based_agent_1> chose action LEFT in 0.00s.
2026-09-21 19:38:13,715 [BombeRLeWorld] INFO: Agent <rule_based_agent_1> stayed within acceptable think time.
2026-09-21 19:38:13,808 [BombeRLeWorld] INFO: STARTING STEP 113
2026-09-21 19:38:13,823 [BombeRLeWorld] INFO: Agent <final_code> chose action RIGHT in 0.00s.
2026-09-21 19:38:13,823 [BombeRLeWorld] INFO: Agent <final_code> stayed within acceptable think time.
2026-09-21 19:38:13,823 [BombeRLeWorld] INFO: Agent <rule_based_agent_2> chose action DOWN in 0.00s.
2026-09-21 19:38:13,823 [BombeRLeWorld] INFO: Agent <rule_based_agent_2> stayed within acceptable think time.
2026-09-21 19:38:13,823 [BombeRLeWorld] INFO: Agent <rule_based_agent_1> chose action LEFT in 0.01s.
2026-09-21 19:38:13,823 [BombeRLeWorld] INFO: Agent <rule_based_agent_1> stayed within acceptable think time.
2026-09-21 19:38:13,823 [BombeRLeWorld] INFO: Agent <rule_based_agent_0> chose action UP in 0.00s.
2026-09-21 19:38:13,823 [BombeRLeWorld] INFO: Agent <rule_based_agent_0> stayed within acceptable think time.
2026-09-21 19:38:13,823 [BombeRLeWorld] INFO: Agent <final_code>'s bomb at (np.int64(7), np.int64(5)) explodes
2026-09-21 19:38:13,908 [BombeRLeWorld] INFO: STARTING STEP 114
2026-09-21 19:38:13,916 [BombeRLeWorld] INFO: Agent <rule_based_agent_0> chose action DOWN in 0.00s.
2026-09-21 19:38:13,916 [BombeRLeWorld] INFO: Agent <rule_based_agent_0> stayed within acceptable think time.
2026-09-21 19:38:13,916 [BombeRLeWorld] INFO: Agent <rule_based_agent_2> chose action UP in 0.00s.
2026-09-21 19:38:13,916 [BombeRLeWorld] INFO: Agent <rule_based_agent_2> stayed within acceptable think time.
2026-09-21 19:38:13,916 [BombeRLeWorld] INFO: Agent <rule_based_agent_1> chose action DOWN in 0.00s.
2026-09-21 19:38:13,916 [BombeRLeWorld] INFO: Agent <rule_based_agent_1> stayed within acceptable think time.
2026-09-21 19:38:13,916 [BombeRLeWorld] INFO: Agent <final_code> chose action LEFT in 0.01s.
2026-09-21 19:38:13,916 [BombeRLeWorld] INFO: Agent <final_code> stayed within acceptable think time.
2026-09-21 19:38:14,008 [BombeRLeWorld] INFO: STARTING STEP 115
2026-09-21 19:38:14,014 [BombeRLeWorld] INFO: Agent <final_code> chose action LEFT in 0.00s.
2026-09-21 19:38:14,014 [BombeRLeWorld] INFO: Agent <final_code> stayed within acceptable think time.
2026-09-21 19:38:14,014 [BombeRLeWorld] INFO: Agent <rule_based_agent_2> chose action DOWN in 0.00s.
2026-09-21 19:38:14,014 [BombeRLeWorld] INFO: Agent <rule_based_agent_2> stayed within acceptable think time.
2026-09-21 19:38:14,014 [BombeRLeWorld] INFO: Agent <rule_based_agent_1> chose action DOWN in 0.00s.
2026-09-21 19:38:14,014 [BombeRLeWorld] INFO: Agent <rule_based_agent_1> stayed within acceptable think time.
2026-09-21 19:38:14,014 [BombeRLeWorld] INFO: Agent <rule_based_agent_0> chose action UP in 0.00s.
2026-09-21 19:38:14,014 [BombeRLeWorld] INFO: Agent <rule_based_agent_0> stayed within acceptable think time.
2026-09-21 19:38:14,014 [BombeRLeWorld] INFO: Agent <rule_based_agent_1>'s bomb at (np.int64(11), np.int64(9)) explodes
2026-09-21 19:38:14,109 [BombeRLeWorld] INFO: STARTING STEP 116
2026-09-21 19:38:14,117 [BombeRLeWorld] INFO: Agent <rule_based_agent_1> chose action DOWN in 0.00s.
2026-09-21 19:38:14,117 [BombeRLeWorld] INFO: Agent <rule_based_agent_1> stayed within acceptable think time.
2026-09-21 19:38:14,117 [BombeRLeWorld] INFO: Agent <rule_based_agent_2> chose action DOWN in 0.00s.
2026-09-21 19:38:14,117 [BombeRLeWorld] INFO: Agent <rule_based_agent_2> stayed within acceptable think time.
2026-09-21 19:38:14,117 [BombeRLeWorld] INFO: Agent <final_code> chose action BOMB in 0.01s.
2026-09-21 19:38:14,117 [BombeRLeWorld] INFO: Agent <final_code> stayed within acceptable think time.
2026-09-21 19:38:14,117 [BombeRLeWorld] INFO: Agent <final_code> drops bomb at (np.int64(7), np.int64(7))
2026-09-21 19:38:14,117 [BombeRLeWorld] INFO: Agent <rule_based_agent_0> chose action LEFT in 0.00s.
2026-09-21 19:38:14,117 [BombeRLeWorld] INFO: Agent <rule_based_agent_0> stayed within acceptable think time.
2026-09-21 19:38:14,209 [BombeRLeWorld] INFO: STARTING STEP 117
2026-09-21 19:38:14,215 [BombeRLeWorld] INFO: Agent <rule_based_agent_0> chose action LEFT in 0.00s.
2026-09-21 19:38:14,215 [BombeRLeWorld] INFO: Agent <rule_based_agent_0> stayed within acceptable think time.
2026-09-21 19:38:14,215 [BombeRLeWorld] INFO: Agent <final_code> chose action DOWN in 0.00s.
2026-09-21 19:38:14,215 [BombeRLeWorld] INFO: Agent <final_code> stayed within acceptable think time.
2026-09-21 19:38:14,215 [BombeRLeWorld] INFO: Agent <rule_based_agent_1> chose action UP in 0.00s.
2026-09-21 19:38:14,215 [BombeRLeWorld] INFO: Agent <rule_based_agent_1> stayed within acceptable think time.
2026-09-21 19:38:14,215 [BombeRLeWorld] INFO: Agent <rule_based_agent_2> chose action LEFT in 0.00s.
2026-09-21 19:38:14,215 [BombeRLeWorld] INFO: Agent <rule_based_agent_2> stayed within acceptable think time.
2026-09-21 19:38:14,309 [BombeRLeWorld] INFO: STARTING STEP 118
2026-09-21 19:38:14,314 [BombeRLeWorld] INFO: Agent <rule_based_agent_1> chose action RIGHT in 0.00s.
2026-09-21 19:38:14,314 [BombeRLeWorld] INFO: Agent <rule_based_agent_1> stayed within acceptable think time.
2026-09-21 19:38:14,314 [BombeRLeWorld] INFO: Agent <rule_based_agent_0> chose action BOMB in 0.00s.
2026-09-21 19:38:14,314 [BombeRLeWorld] INFO: Agent <rule_based_agent_0> stayed within acceptable think time.
2026-09-21 19:38:14,314 [BombeRLeWorld] INFO: Agent <rule_based_agent_0> drops bomb at (np.int64(9), np.int64(5))
2026-09-21 19:38:14,314 [BombeRLeWorld] INFO: Agent <final_code> chose action DOWN in 0.00s.
2026-09-21 19:38:14,314 [BombeRLeWorld] INFO: Agent <final_code> stayed within acceptable think time.
2026-09-21 19:38:14,314 [BombeRLeWorld] INFO: Agent <rule_based_agent_2> chose action LEFT in 0.00s.
2026-09-21 19:38:14,315 [BombeRLeWorld] INFO: Agent <rule_based_agent_2> stayed within acceptable think time.
2026-09-21 19:38:14,409 [BombeRLeWorld] INFO: STARTING STEP 119
2026-09-21 19:38:14,415 [BombeRLeWorld] INFO: Agent <rule_based_agent_0> chose action DOWN in 0.00s.
2026-09-21 19:38:14,415 [BombeRLeWorld] INFO: Agent <rule_based_agent_0> stayed within acceptable think time.
2026-09-21 19:38:14,416 [BombeRLeWorld] INFO: Agent <rule_based_agent_2> chose action BOMB in 0.00s.
2026-09-21 19:38:14,416 [BombeRLeWorld] INFO: Agent <rule_based_agent_2> stayed within acceptable think time.
2026-09-21 19:38:14,416 [BombeRLeWorld] INFO: Agent <rule_based_agent_2> drops bomb at (np.int64(11), np.int64(11))
2026-09-21 19:38:14,416 [BombeRLeWorld] INFO: Agent <rule_based_agent_1> chose action BOMB in 0.00s.
2026-09-21 19:38:14,416 [BombeRLeWorld] INFO: Agent <rule_based_agent_1> stayed within acceptable think time.
2026-09-21 19:38:14,416 [BombeRLeWorld] INFO: Agent <rule_based_agent_1> drops bomb at (np.int64(10), np.int64(11))
2026-09-21 19:38:14,416 [BombeRLeWorld] INFO: Agent <final_code> chose action LEFT in 0.00s.
2026-09-21 19:38:14,416 [BombeRLeWorld] INFO: Agent <final_code> stayed within acceptable think time.
2026-09-21 19:38:14,509 [BombeRLeWorld] INFO: STARTING STEP 120
2026-09-21 19:38:14,515 [BombeRLeWorld] INFO: Agent <final_code> chose action LEFT in 0.00s.
2026-09-21 19:38:14,515 [BombeRLeWorld] INFO: Agent <final_code> stayed within acceptable think time.
2026-09-21 19:38:14,515 [BombeRLeWorld] INFO: Agent <rule_based_agent_1> chose action LEFT in 0.00s.
2026-09-21 19:38:14,515 [BombeRLeWorld] INFO: Agent <rule_based_agent_1> stayed within acceptable think time.
2026-09-21 19:38:14,515 [BombeRLeWorld] INFO: Agent <rule_based_agent_0> chose action None in 0.00s.
2026-09-21 19:38:14,515 [BombeRLeWorld] INFO: Agent <rule_based_agent_0> stayed within acceptable think time.
2026-09-21 19:38:14,515 [BombeRLeWorld] INFO: Agent <rule_based_agent_2> chose action DOWN in 0.00s.
2026-09-21 19:38:14,515 [BombeRLeWorld] INFO: Agent <rule_based_agent_2> stayed within acceptable think time.
2026-09-21 19:38:14,515 [BombeRLeWorld] INFO: Agent <final_code>'s bomb at (np.int64(7), np.int64(7)) explodes
2026-09-21 19:38:14,515 [BombeRLeWorld] INFO: Coin found at (np.int64(7), np.int64(10))
2026-09-21 19:38:14,609 [BombeRLeWorld] INFO: STARTING STEP 121
2026-09-21 19:38:14,616 [BombeRLeWorld] INFO: Agent <final_code> chose action RIGHT in 0.01s.
2026-09-21 19:38:14,616 [BombeRLeWorld] INFO: Agent <final_code> stayed within acceptable think time.
2026-09-21 19:38:14,616 [BombeRLeWorld] INFO: Agent <rule_based_agent_2> chose action DOWN in 0.00s.
2026-09-21 19:38:14,616 [BombeRLeWorld] INFO: Agent <rule_based_agent_2> stayed within acceptable think time.
2026-09-21 19:38:14,616 [BombeRLeWorld] INFO: Agent <rule_based_agent_0> chose action None in 0.00s.
2026-09-21 19:38:14,616 [BombeRLeWorld] INFO: Agent <rule_based_agent_0> stayed within acceptable think time.
2026-09-21 19:38:14,616 [BombeRLeWorld] INFO: Agent <rule_based_agent_1> chose action DOWN in 0.00s.
2026-09-21 19:38:14,616 [BombeRLeWorld] INFO: Agent <rule_based_agent_1> stayed within acceptable think time.
2026-09-21 19:38:14,709 [BombeRLeWorld] INFO: STARTING STEP 122
2026-09-21 19:38:14,715 [BombeRLeWorld] INFO: Agent <rule_based_agent_0> chose action None in 0.00s.
2026-09-21 19:38:14,715 [BombeRLeWorld] INFO: Agent <rule_based_agent_0> stayed within acceptable think time.
2026-09-21 19:38:14,715 [BombeRLeWorld] INFO: Agent <rule_based_agent_1> chose action DOWN in 0.00s.
2026-09-21 19:38:14,715 [BombeRLeWorld] INFO: Agent <rule_based_agent_1> stayed within acceptable think time.
2026-09-21 19:38:14,715 [BombeRLeWorld] INFO: Agent <rule_based_agent_2> chose action RIGHT in 0.00s.
2026-09-21 19:38:14,715 [BombeRLeWorld] INFO: Agent <rule_based_agent_2> stayed within acceptable think time.
2026-09-21 19:38:14,715 [BombeRLeWorld] INFO: Agent <final_code> chose action RIGHT in 0.00s.
2026-09-21 19:38:14,715 [BombeRLeWorld] INFO: Agent <final_code> stayed within acceptable think time.
2026-09-21 19:38:14,715 [BombeRLeWorld] INFO: Agent <rule_based_agent_0>'s bomb at (np.int64(9), np.int64(5)) explodes
2026-09-21 19:38:14,715 [BombeRLeWorld] INFO: Agent <rule_based_agent_0> blown up by own bomb
2026-09-21 19:38:14,809 [BombeRLeWorld] INFO: STARTING STEP 123
2026-09-21 19:38:14,816 [BombeRLeWorld] INFO: Agent <final_code> chose action DOWN in 0.01s.
2026-09-21 19:38:14,816 [BombeRLeWorld] INFO: Agent <final_code> stayed within acceptable think time.
2026-09-21 19:38:14,816 [BombeRLeWorld] INFO: Agent <rule_based_agent_2> chose action RIGHT in 0.00s.
2026-09-21 19:38:14,816 [BombeRLeWorld] INFO: Agent <rule_based_agent_2> stayed within acceptable think time.
2026-09-21 19:38:14,816 [BombeRLeWorld] INFO: Agent <rule_based_agent_1> chose action LEFT in 0.00s.
2026-09-21 19:38:14,816 [BombeRLeWorld] INFO: Agent <rule_based_agent_1> stayed within acceptable think time.
2026-09-21 19:38:14,816 [BombeRLeWorld] INFO: Agent <final_code> picked up coin at (np.int64(7), np.int64(10)) and receives 1 point
2026-09-21 19:38:14,816 [BombeRLeWorld] INFO: Agent <rule_based_agent_2>'s bomb at (np.int64(11), np.int64(11)) explodes
2026-09-21 19:38:14,816 [BombeRLeWorld] INFO: Coin found at (np.int64(11), np.int64(14))
2026-09-21 19:38:14,816 [BombeRLeWorld] INFO: Agent <rule_based_agent_1>'s bomb at (np.int64(10), np.int64(11)) explodes
2026-09-21 19:38:14,909 [BombeRLeWorld] INFO: STARTING STEP 124
2026-09-21 19:38:14,914 [BombeRLeWorld] INFO: Agent <rule_based_agent_2> chose action LEFT in 0.00s.
2026-09-21 19:38:14,914 [BombeRLeWorld] INFO: Agent <rule_based_agent_2> stayed within acceptable think time.
2026-09-21 19:38:14,914 [BombeRLeWorld] INFO: Agent <rule_based_agent_1> chose action RIGHT in 0.00s.
2026-09-21 19:38:14,914 [BombeRLeWorld] INFO: Agent <rule_based_agent_1> stayed within acceptable think time.
2026-09-21 19:38:14,914 [BombeRLeWorld] INFO: Agent <final_code> chose action BOMB in 0.00s.
2026-09-21 19:38:14,914 [BombeRLeWorld] INFO: Agent <final_code> stayed within acceptable think time.
2026-09-21 19:38:14,914 [BombeRLeWorld] INFO: Agent <final_code> drops bomb at (np.int64(7), np.int64(10))
2026-09-21 19:38:15,009 [BombeRLeWorld] INFO: STARTING STEP 125
2026-09-21 19:38:15,013 [BombeRLeWorld] INFO: Agent <rule_based_agent_2> chose action LEFT in 0.00s.
2026-09-21 19:38:15,013 [BombeRLeWorld] INFO: Agent <rule_based_agent_2> stayed within acceptable think time.
2026-09-21 19:38:15,013 [BombeRLeWorld] INFO: Agent <rule_based_agent_1> chose action RIGHT in 0.00s.
2026-09-21 19:38:15,013 [BombeRLeWorld] INFO: Agent <rule_based_agent_1> stayed within acceptable think time.
2026-09-21 19:38:15,013 [BombeRLeWorld] INFO: Agent <final_code> chose action UP in 0.00s.
2026-09-21 19:38:15,013 [BombeRLeWorld] INFO: Agent <final_code> stayed within acceptable think time.
2026-09-21 19:38:15,109 [BombeRLeWorld] INFO: STARTING STEP 126
2026-09-21 19:38:15,115 [BombeRLeWorld] INFO: Agent <rule_based_agent_1> chose action BOMB in 0.00s.
2026-09-21 19:38:15,115 [BombeRLeWorld] INFO: Agent <rule_based_agent_1> stayed within acceptable think time.
2026-09-21 19:38:15,115 [BombeRLeWorld] INFO: Agent <rule_based_agent_1> drops bomb at (np.int64(10), np.int64(13))
2026-09-21 19:38:15,115 [BombeRLeWorld] INFO: Agent <final_code> chose action RIGHT in 0.00s.
2026-09-21 19:38:15,115 [BombeRLeWorld] INFO: Agent <final_code> stayed within acceptable think time.
2026-09-21 19:38:15,115 [BombeRLeWorld] INFO: Agent <rule_based_agent_2> chose action BOMB in 0.00s.
2026-09-21 19:38:15,115 [BombeRLeWorld] INFO: Agent <rule_based_agent_2> stayed within acceptable think time.
2026-09-21 19:38:15,115 [BombeRLeWorld] INFO: Agent <rule_based_agent_2> drops bomb at (np.int64(11), np.int64(13))
2026-09-21 19:38:15,209 [BombeRLeWorld] INFO: STARTING STEP 127
2026-09-21 19:38:15,213 [BombeRLeWorld] INFO: Agent <final_code> chose action RIGHT in 0.00s.
2026-09-21 19:38:15,213 [BombeRLeWorld] INFO: Agent <final_code> stayed within acceptable think time.
2026-09-21 19:38:15,213 [BombeRLeWorld] INFO: Agent <rule_based_agent_1> chose action LEFT in 0.00s.
2026-09-21 19:38:15,213 [BombeRLeWorld] INFO: Agent <rule_based_agent_1> stayed within acceptable think time.
2026-09-21 19:38:15,213 [BombeRLeWorld] INFO: Agent <rule_based_agent_2> chose action UP in 0.00s.
2026-09-21 19:38:15,213 [BombeRLeWorld] INFO: Agent <rule_based_agent_2> stayed within acceptable think time.
2026-09-21 19:38:15,309 [BombeRLeWorld] INFO: STARTING STEP 128
2026-09-21 19:38:15,315 [BombeRLeWorld] INFO: Agent <final_code> chose action DOWN in 0.01s.
2026-09-21 19:38:15,315 [BombeRLeWorld] INFO: Agent <final_code> stayed within acceptable think time.
2026-09-21 19:38:15,315 [BombeRLeWorld] INFO: Agent <rule_based_agent_2> chose action UP in 0.00s.
2026-09-21 19:38:15,315 [BombeRLeWorld] INFO: Agent <rule_based_agent_2> stayed within acceptable think time.
2026-09-21 19:38:15,315 [BombeRLeWorld] INFO: Agent <rule_based_agent_1> chose action UP in 0.00s.
2026-09-21 19:38:15,315 [BombeRLeWorld] INFO: Agent <rule_based_agent_1> stayed within acceptable think time.
2026-09-21 19:38:15,315 [BombeRLeWorld] INFO: Agent <final_code>'s bomb at (np.int64(7), np.int64(10)) explodes
2026-09-21 19:38:15,409 [BombeRLeWorld] INFO: STARTING STEP 129
2026-09-21 19:38:15,414 [BombeRLeWorld] INFO: Agent <rule_based_agent_1> chose action UP in 0.00s.
2026-09-21 19:38:15,414 [BombeRLeWorld] INFO: Agent <rule_based_agent_1> stayed within acceptable think time.
2026-09-21 19:38:15,414 [BombeRLeWorld] INFO: Agent <final_code> chose action UP in 0.00s.
2026-09-21 19:38:15,414 [BombeRLeWorld] INFO: Agent <final_code> stayed within acceptable think time.
2026-09-21 19:38:15,414 [BombeRLeWorld] INFO: Agent <rule_based_agent_2> chose action RIGHT in 0.00s.
2026-09-21 19:38:15,414 [BombeRLeWorld] INFO: Agent <rule_based_agent_2> stayed within acceptable think time.
2026-09-21 19:38:15,509 [BombeRLeWorld] INFO: STARTING STEP 130
2026-09-21 19:38:15,515 [BombeRLeWorld] INFO: Agent <final_code> chose action RIGHT in 0.01s.
2026-09-21 19:38:15,515 [BombeRLeWorld] INFO: Agent <final_code> stayed within acceptable think time.
2026-09-21 19:38:15,516 [BombeRLeWorld] INFO: Agent <rule_based_agent_2> chose action RIGHT in 0.00s.
2026-09-21 19:38:15,516 [BombeRLeWorld] INFO: Agent <rule_based_agent_2> stayed within acceptable think time.
2026-09-21 19:38:15,516 [BombeRLeWorld] INFO: Agent <rule_based_agent_1> chose action UP in 0.00s.
2026-09-21 19:38:15,516 [BombeRLeWorld] INFO: Agent <rule_based_agent_1> stayed within acceptable think time.
2026-09-21 19:38:15,516 [BombeRLeWorld] INFO: Agent <rule_based_agent_1>'s bomb at (np.int64(10), np.int64(13)) explodes
2026-09-21 19:38:15,516 [BombeRLeWorld] INFO: Agent <rule_based_agent_2>'s bomb at (np.int64(11), np.int64(13)) explodes
2026-09-21 19:38:15,610 [BombeRLeWorld] INFO: STARTING STEP 131
2026-09-21 19:38:15,615 [BombeRLeWorld] INFO: Agent <final_code> chose action RIGHT in 0.00s.
2026-09-21 19:38:15,615 [BombeRLeWorld] INFO: Agent <final_code> stayed within acceptable think time.
2026-09-21 19:38:15,615 [BombeRLeWorld] INFO: Agent <rule_based_agent_1> chose action DOWN in 0.00s.
2026-09-21 19:38:15,615 [BombeRLeWorld] INFO: Agent <rule_based_agent_1> stayed within acceptable think time.
2026-09-21 19:38:15,615 [BombeRLeWorld] INFO: Agent <rule_based_agent_2> chose action LEFT in 0.00s.
2026-09-21 19:38:15,615 [BombeRLeWorld] INFO: Agent <rule_based_agent_2> stayed within acceptable think time.
2026-09-21 19:38:15,710 [BombeRLeWorld] INFO: STARTING STEP 132
2026-09-21 19:38:15,716 [BombeRLeWorld] INFO: Agent <rule_based_agent_2> chose action LEFT in 0.00s.
2026-09-21 19:38:15,716 [BombeRLeWorld] INFO: Agent <rule_based_agent_2> stayed within acceptable think time.
2026-09-21 19:38:15,716 [BombeRLeWorld] INFO: Agent <final_code> chose action BOMB in 0.01s.
2026-09-21 19:38:15,716 [BombeRLeWorld] INFO: Agent <final_code> stayed within acceptable think time.
2026-09-21 19:38:15,716 [BombeRLeWorld] INFO: Agent <final_code> drops bomb at (np.int64(11), np.int64(9))
2026-09-21 19:38:15,716 [BombeRLeWorld] INFO: Agent <rule_based_agent_1> chose action DOWN in 0.00s.
2026-09-21 19:38:15,716 [BombeRLeWorld] INFO: Agent <rule_based_agent_1> stayed within acceptable think time.
2026-09-21 19:38:15,810 [BombeRLeWorld] INFO: STARTING STEP 133
2026-09-21 19:38:15,815 [BombeRLeWorld] INFO: Agent <rule_based_agent_1> chose action DOWN in 0.00s.
2026-09-21 19:38:15,815 [BombeRLeWorld] INFO: Agent <rule_based_agent_1> stayed within acceptable think time.
2026-09-21 19:38:15,815 [BombeRLeWorld] INFO: Agent <final_code> chose action UP in 0.00s.
2026-09-21 19:38:15,815 [BombeRLeWorld] INFO: Agent <final_code> stayed within acceptable think time.
2026-09-21 19:38:15,815 [BombeRLeWorld] INFO: Agent <rule_based_agent_2> chose action RIGHT in 0.00s.
2026-09-21 19:38:15,815 [BombeRLeWorld] INFO: Agent <rule_based_agent_2> stayed within acceptable think time.
2026-09-21 19:38:15,910 [BombeRLeWorld] INFO: STARTING STEP 134
2026-09-21 19:38:15,914 [BombeRLeWorld] INFO: Agent <final_code> chose action UP in 0.00s.
2026-09-21 19:38:15,914 [BombeRLeWorld] INFO: Agent <final_code> stayed within acceptable think time.
2026-09-21 19:38:15,914 [BombeRLeWorld] INFO: Agent <rule_based_agent_1> chose action RIGHT in 0.00s.
2026-09-21 19:38:15,914 [BombeRLeWorld] INFO: Agent <rule_based_agent_1> stayed within acceptable think time.
2026-09-21 19:38:15,914 [BombeRLeWorld] INFO: Agent <rule_based_agent_2> chose action LEFT in 0.00s.
2026-09-21 19:38:15,914 [BombeRLeWorld] INFO: Agent <rule_based_agent_2> stayed within acceptable think time.
2026-09-21 19:38:16,010 [BombeRLeWorld] INFO: STARTING STEP 135
2026-09-21 19:38:16,016 [BombeRLeWorld] INFO: Agent <rule_based_agent_1> chose action RIGHT in 0.00s.
2026-09-21 19:38:16,016 [BombeRLeWorld] INFO: Agent <rule_based_agent_1> stayed within acceptable think time.
2026-09-21 19:38:16,016 [BombeRLeWorld] INFO: Agent <final_code> chose action RIGHT in 0.01s.
2026-09-21 19:38:16,016 [BombeRLeWorld] INFO: Agent <final_code> stayed within acceptable think time.
2026-09-21 19:38:16,016 [BombeRLeWorld] INFO: Agent <rule_based_agent_2> chose action RIGHT in 0.00s.
2026-09-21 19:38:16,016 [BombeRLeWorld] INFO: Agent <rule_based_agent_2> stayed within acceptable think time.
2026-09-21 19:38:16,109 [BombeRLeWorld] INFO: STARTING STEP 136
2026-09-21 19:38:16,114 [BombeRLeWorld] INFO: Agent <rule_based_agent_2> chose action RIGHT in 0.00s.
2026-09-21 19:38:16,114 [BombeRLeWorld] INFO: Agent <rule_based_agent_2> stayed within acceptable think time.
2026-09-21 19:38:16,114 [BombeRLeWorld] INFO: Agent <rule_based_agent_1> chose action DOWN in 0.00s.
2026-09-21 19:38:16,114 [BombeRLeWorld] INFO: Agent <rule_based_agent_1> stayed within acceptable think time.
2026-09-21 19:38:16,114 [BombeRLeWorld] INFO: Agent <final_code> chose action RIGHT in 0.00s.
2026-09-21 19:38:16,114 [BombeRLeWorld] INFO: Agent <final_code> stayed within acceptable think time.
2026-09-21 19:38:16,114 [BombeRLeWorld] INFO: Agent <rule_based_agent_1> picked up coin at (np.int64(11), np.int64(14)) and receives 1 point
2026-09-21 19:38:16,114 [BombeRLeWorld] INFO: Agent <final_code>'s bomb at (np.int64(11), np.int64(9)) explodes
2026-09-21 19:38:16,210 [BombeRLeWorld] INFO: STARTING STEP 137
2026-09-21 19:38:16,217 [BombeRLeWorld] INFO: Agent <rule_based_agent_1> chose action UP in 0.00s.
2026-09-21 19:38:16,217 [BombeRLeWorld] INFO: Agent <rule_based_agent_1> stayed within acceptable think time.
2026-09-21 19:38:16,217 [BombeRLeWorld] INFO: Agent <final_code> chose action DOWN in 0.00s.
2026-09-21 19:38:16,217 [BombeRLeWorld] INFO: Agent <final_code> stayed within acceptable think time.
2026-09-21 19:38:16,217 [BombeRLeWorld] INFO: Agent <rule_based_agent_2> chose action RIGHT in 0.00s.
2026-09-21 19:38:16,217 [BombeRLeWorld] INFO: Agent <rule_based_agent_2> stayed within acceptable think time.
2026-09-21 19:38:16,310 [BombeRLeWorld] INFO: STARTING STEP 138
2026-09-21 19:38:16,317 [BombeRLeWorld] INFO: Agent <rule_based_agent_2> chose action RIGHT in 0.00s.
2026-09-21 19:38:16,317 [BombeRLeWorld] INFO: Agent <rule_based_agent_2> stayed within acceptable think time.
2026-09-21 19:38:16,317 [BombeRLeWorld] INFO: Agent <final_code> chose action UP in 0.00s.
2026-09-21 19:38:16,317 [BombeRLeWorld] INFO: Agent <final_code> stayed within acceptable think time.
2026-09-21 19:38:16,317 [BombeRLeWorld] INFO: Agent <rule_based_agent_1> chose action LEFT in 0.00s.
2026-09-21 19:38:16,317 [BombeRLeWorld] INFO: Agent <rule_based_agent_1> stayed within acceptable think time.
2026-09-21 19:38:16,410 [BombeRLeWorld] INFO: STARTING STEP 139
2026-09-21 19:38:16,417 [BombeRLeWorld] INFO: Agent <rule_based_agent_1> chose action LEFT in 0.00s.
2026-09-21 19:38:16,417 [BombeRLeWorld] INFO: Agent <rule_based_agent_1> stayed within acceptable think time.
2026-09-21 19:38:16,417 [BombeRLeWorld] INFO: Agent <rule_based_agent_2> chose action BOMB in 0.00s.
2026-09-21 19:38:16,417 [BombeRLeWorld] INFO: Agent <rule_based_agent_2> stayed within acceptable think time.
2026-09-21 19:38:16,417 [BombeRLeWorld] INFO: Agent <rule_based_agent_2> drops bomb at (np.int64(15), np.int64(11))
2026-09-21 19:38:16,417 [BombeRLeWorld] INFO: Agent <final_code> chose action BOMB in 0.00s.
2026-09-21 19:38:16,417 [BombeRLeWorld] INFO: Agent <final_code> stayed within acceptable think time.
2026-09-21 19:38:16,417 [BombeRLeWorld] INFO: Agent <final_code> drops bomb at (np.int64(13), np.int64(7))
2026-09-21 19:38:16,510 [BombeRLeWorld] INFO: STARTING STEP 140
2026-09-21 19:38:16,517 [BombeRLeWorld] INFO: Agent <final_code> chose action LEFT in 0.00s.
2026-09-21 19:38:16,517 [BombeRLeWorld] INFO: Agent <final_code> stayed within acceptable think time.
2026-09-21 19:38:16,517 [BombeRLeWorld] INFO: Agent <rule_based_agent_1> chose action BOMB in 0.00s.
2026-09-21 19:38:16,517 [BombeRLeWorld] INFO: Agent <rule_based_agent_1> stayed within acceptable think time.
2026-09-21 19:38:16,517 [BombeRLeWorld] INFO: Agent <rule_based_agent_1> drops bomb at (np.int64(9), np.int64(13))
2026-09-21 19:38:16,517 [BombeRLeWorld] INFO: Agent <rule_based_agent_2> chose action DOWN in 0.00s.
2026-09-21 19:38:16,517 [BombeRLeWorld] INFO: Agent <rule_based_agent_2> stayed within acceptable think time.
2026-09-21 19:38:16,610 [BombeRLeWorld] INFO: STARTING STEP 141
2026-09-21 19:38:16,616 [BombeRLeWorld] INFO: Agent <rule_based_agent_1> chose action UP in 0.00s.
2026-09-21 19:38:16,616 [BombeRLeWorld] INFO: Agent <rule_based_agent_1> stayed within acceptable think time.
2026-09-21 19:38:16,616 [BombeRLeWorld] INFO: Agent <final_code> chose action LEFT in 0.00s.
2026-09-21 19:38:16,616 [BombeRLeWorld] INFO: Agent <final_code> stayed within acceptable think time.
2026-09-21 19:38:16,616 [BombeRLeWorld] INFO: Agent <rule_based_agent_2> chose action DOWN in 0.00s.
2026-09-21 19:38:16,616 [BombeRLeWorld] INFO: Agent <rule_based_agent_2> stayed within acceptable think time.
2026-09-21 19:38:16,710 [BombeRLeWorld] INFO: STARTING STEP 142
2026-09-21 19:38:16,717 [BombeRLeWorld] INFO: Agent <rule_based_agent_2> chose action LEFT in 0.00s.
2026-09-21 19:38:16,717 [BombeRLeWorld] INFO: Agent <rule_based_agent_2> stayed within acceptable think time.
2026-09-21 19:38:16,717 [BombeRLeWorld] INFO: Agent <final_code> chose action DOWN in 0.01s.
2026-09-21 19:38:16,717 [BombeRLeWorld] INFO: Agent <final_code> stayed within acceptable think time.
2026-09-21 19:38:16,717 [BombeRLeWorld] INFO: Agent <rule_based_agent_1> chose action UP in 0.00s.
2026-09-21 19:38:16,717 [BombeRLeWorld] INFO: Agent <rule_based_agent_1> stayed within acceptable think time.
2026-09-21 19:38:16,810 [BombeRLeWorld] INFO: STARTING STEP 143
2026-09-21 19:38:16,816 [BombeRLeWorld] INFO: Agent <rule_based_agent_1> chose action RIGHT in 0.00s.
2026-09-21 19:38:16,816 [BombeRLeWorld] INFO: Agent <rule_based_agent_1> stayed within acceptable think time.
2026-09-21 19:38:16,816 [BombeRLeWorld] INFO: Agent <rule_based_agent_2> chose action LEFT in 0.00s.
2026-09-21 19:38:16,816 [BombeRLeWorld] INFO: Agent <rule_based_agent_2> stayed within acceptable think time.
2026-09-21 19:38:16,816 [BombeRLeWorld] INFO: Agent <final_code> chose action DOWN in 0.00s.
2026-09-21 19:38:16,816 [BombeRLeWorld] INFO: Agent <final_code> stayed within acceptable think time.
2026-09-21 19:38:16,816 [BombeRLeWorld] INFO: Agent <rule_based_agent_2>'s bomb at (np.int64(15), np.int64(11)) explodes
2026-09-21 19:38:16,816 [BombeRLeWorld] INFO: Agent <final_code>'s bomb at (np.int64(13), np.int64(7)) explodes
2026-09-21 19:38:16,910 [BombeRLeWorld] INFO: STARTING STEP 144
2026-09-21 19:38:16,918 [BombeRLeWorld] INFO: Agent <rule_based_agent_1> chose action RIGHT in 0.00s.
2026-09-21 19:38:16,918 [BombeRLeWorld] INFO: Agent <rule_based_agent_1> stayed within acceptable think time.
2026-09-21 19:38:16,918 [BombeRLeWorld] INFO: Agent <rule_based_agent_2> chose action UP in 0.00s.
2026-09-21 19:38:16,918 [BombeRLeWorld] INFO: Agent <rule_based_agent_2> stayed within acceptable think time.
2026-09-21 19:38:16,918 [BombeRLeWorld] INFO: Agent <final_code> chose action LEFT in 0.01s.
2026-09-21 19:38:16,918 [BombeRLeWorld] INFO: Agent <final_code> stayed within acceptable think time.
2026-09-21 19:38:16,918 [BombeRLeWorld] INFO: Agent <rule_based_agent_1>'s bomb at (np.int64(9), np.int64(13)) explodes
2026-09-21 19:38:17,011 [BombeRLeWorld] INFO: STARTING STEP 145
2026-09-21 19:38:17,017 [BombeRLeWorld] INFO: Agent <rule_based_agent_1> chose action DOWN in 0.00s.
2026-09-21 19:38:17,017 [BombeRLeWorld] INFO: Agent <rule_based_agent_1> stayed within acceptable think time.
2026-09-21 19:38:17,017 [BombeRLeWorld] INFO: Agent <rule_based_agent_2> chose action UP in 0.00s.
2026-09-21 19:38:17,017 [BombeRLeWorld] INFO: Agent <rule_based_agent_2> stayed within acceptable think time.
2026-09-21 19:38:17,017 [BombeRLeWorld] INFO: Agent <final_code> chose action LEFT in 0.00s.
2026-09-21 19:38:17,017 [BombeRLeWorld] INFO: Agent <final_code> stayed within acceptable think time.
2026-09-21 19:38:17,111 [BombeRLeWorld] INFO: STARTING STEP 146
2026-09-21 19:38:17,117 [BombeRLeWorld] INFO: Agent <rule_based_agent_2> chose action LEFT in 0.00s.
2026-09-21 19:38:17,117 [BombeRLeWorld] INFO: Agent <rule_based_agent_2> stayed within acceptable think time.
2026-09-21 19:38:17,117 [BombeRLeWorld] INFO: Agent <final_code> chose action BOMB in 0.01s.
2026-09-21 19:38:17,118 [BombeRLeWorld] INFO: Agent <final_code> stayed within acceptable think time.
2026-09-21 19:38:17,118 [BombeRLeWorld] INFO: Agent <final_code> drops bomb at (np.int64(9), np.int64(9))
2026-09-21 19:38:17,118 [BombeRLeWorld] INFO: Agent <rule_based_agent_1> chose action DOWN in 0.00s.
2026-09-21 19:38:17,118 [BombeRLeWorld] INFO: Agent <rule_based_agent_1> stayed within acceptable think time.
2026-09-21 19:38:17,211 [BombeRLeWorld] INFO: STARTING STEP 147
2026-09-21 19:38:17,216 [BombeRLeWorld] INFO: Agent <final_code> chose action UP in 0.00s.
2026-09-21 19:38:17,216 [BombeRLeWorld] INFO: Agent <final_code> stayed within acceptable think time.
2026-09-21 19:38:17,216 [BombeRLeWorld] INFO: Agent <rule_based_agent_1> chose action UP in 0.00s.
2026-09-21 19:38:17,216 [BombeRLeWorld] INFO: Agent <rule_based_agent_1> stayed within acceptable think time.
2026-09-21 19:38:17,216 [BombeRLeWorld] INFO: Agent <rule_based_agent_2> chose action LEFT in 0.00s.
2026-09-21 19:38:17,216 [BombeRLeWorld] INFO: Agent <rule_based_agent_2> stayed within acceptable think time.
2026-09-21 19:38:17,310 [BombeRLeWorld] INFO: STARTING STEP 148
2026-09-21 19:38:17,315 [BombeRLeWorld] INFO: Agent <rule_based_agent_1> chose action BOMB in 0.00s.
2026-09-21 19:38:17,315 [BombeRLeWorld] INFO: Agent <rule_based_agent_1> stayed within acceptable think time.
2026-09-21 19:38:17,315 [BombeRLeWorld] INFO: Agent <rule_based_agent_1> drops bomb at (np.int64(11), np.int64(12))
2026-09-21 19:38:17,315 [BombeRLeWorld] INFO: Agent <final_code> chose action UP in 0.00s.
2026-09-21 19:38:17,315 [BombeRLeWorld] INFO: Agent <final_code> stayed within acceptable think time.
2026-09-21 19:38:17,315 [BombeRLeWorld] INFO: Agent <rule_based_agent_2> chose action LEFT in 0.00s.
2026-09-21 19:38:17,315 [BombeRLeWorld] INFO: Agent <rule_based_agent_2> stayed within acceptable think time.
2026-09-21 19:38:17,410 [BombeRLeWorld] INFO: STARTING STEP 149
2026-09-21 19:38:17,417 [BombeRLeWorld] INFO: Agent <final_code> chose action RIGHT in 0.00s.
2026-09-21 19:38:17,417 [BombeRLeWorld] INFO: Agent <final_code> stayed within acceptable think time.
2026-09-21 19:38:17,417 [BombeRLeWorld] INFO: Agent <rule_based_agent_1> chose action UP in 0.00s.
2026-09-21 19:38:17,417 [BombeRLeWorld] INFO: Agent <rule_based_agent_1> stayed within acceptable think time.
2026-09-21 19:38:17,417 [BombeRLeWorld] INFO: Agent <rule_based_agent_2> chose action LEFT in 0.00s.
2026-09-21 19:38:17,417 [BombeRLeWorld] INFO: Agent <rule_based_agent_2> stayed within acceptable think time.
2026-09-21 19:38:17,510 [BombeRLeWorld] INFO: STARTING STEP 150
2026-09-21 19:38:17,515 [BombeRLeWorld] INFO: Agent <rule_based_agent_2> chose action RIGHT in 0.00s.
2026-09-21 19:38:17,515 [BombeRLeWorld] INFO: Agent <rule_based_agent_2> stayed within acceptable think time.
2026-09-21 19:38:17,515 [BombeRLeWorld] INFO: Agent <rule_based_agent_1> chose action RIGHT in 0.00s.
2026-09-21 19:38:17,515 [BombeRLeWorld] INFO: Agent <rule_based_agent_1> stayed within acceptable think time.
2026-09-21 19:38:17,515 [BombeRLeWorld] INFO: Agent <final_code> chose action RIGHT in 0.00s.
2026-09-21 19:38:17,515 [BombeRLeWorld] INFO: Agent <final_code> stayed within acceptable think time.
2026-09-21 19:38:17,515 [BombeRLeWorld] INFO: Agent <final_code>'s bomb at (np.int64(9), np.int64(9)) explodes
2026-09-21 19:38:17,611 [BombeRLeWorld] INFO: STARTING STEP 151
2026-09-21 19:38:17,618 [BombeRLeWorld] INFO: Agent <final_code> chose action DOWN in 0.01s.
2026-09-21 19:38:17,618 [BombeRLeWorld] INFO: Agent <final_code> stayed within acceptable think time.
2026-09-21 19:38:17,618 [BombeRLeWorld] INFO: Agent <rule_based_agent_1> chose action LEFT in 0.00s.
2026-09-21 19:38:17,618 [BombeRLeWorld] INFO: Agent <rule_based_agent_1> stayed within acceptable think time.
2026-09-21 19:38:17,618 [BombeRLeWorld] INFO: Agent <rule_based_agent_2> chose action RIGHT in 0.00s.
2026-09-21 19:38:17,618 [BombeRLeWorld] INFO: Agent <rule_based_agent_2> stayed within acceptable think time.
2026-09-21 19:38:17,711 [BombeRLeWorld] INFO: STARTING STEP 152
2026-09-21 19:38:17,715 [BombeRLeWorld] INFO: Agent <final_code> chose action UP in 0.00s.
2026-09-21 19:38:17,715 [BombeRLeWorld] INFO: Agent <final_code> stayed within acceptable think time.
2026-09-21 19:38:17,715 [BombeRLeWorld] INFO: Agent <rule_based_agent_2> chose action BOMB in 0.00s.
2026-09-21 19:38:17,715 [BombeRLeWorld] INFO: Agent <rule_based_agent_2> stayed within acceptable think time.
2026-09-21 19:38:17,715 [BombeRLeWorld] INFO: Agent <rule_based_agent_2> drops bomb at (np.int64(10), np.int64(11))
2026-09-21 19:38:17,715 [BombeRLeWorld] INFO: Agent <rule_based_agent_1> chose action RIGHT in 0.00s.
2026-09-21 19:38:17,715 [BombeRLeWorld] INFO: Agent <rule_based_agent_1> stayed within acceptable think time.
2026-09-21 19:38:17,716 [BombeRLeWorld] INFO: Agent <rule_based_agent_1>'s bomb at (np.int64(11), np.int64(12)) explodes
2026-09-21 19:38:17,811 [BombeRLeWorld] INFO: STARTING STEP 153
2026-09-21 19:38:17,818 [BombeRLeWorld] INFO: Agent <final_code> chose action BOMB in 0.01s.
2026-09-21 19:38:17,818 [BombeRLeWorld] INFO: Agent <final_code> stayed within acceptable think time.
2026-09-21 19:38:17,818 [BombeRLeWorld] INFO: Agent <final_code> drops bomb at (np.int64(11), np.int64(7))
2026-09-21 19:38:17,818 [BombeRLeWorld] INFO: Agent <rule_based_agent_2> chose action LEFT in 0.00s.
2026-09-21 19:38:17,818 [BombeRLeWorld] INFO: Agent <rule_based_agent_2> stayed within acceptable think time.
2026-09-21 19:38:17,818 [BombeRLeWorld] INFO: Agent <rule_based_agent_1> chose action RIGHT in 0.00s.
2026-09-21 19:38:17,818 [BombeRLeWorld] INFO: Agent <rule_based_agent_1> stayed within acceptable think time.
2026-09-21 19:38:17,911 [BombeRLeWorld] INFO: STARTING STEP 154
2026-09-21 19:38:17,917 [BombeRLeWorld] INFO: Agent <final_code> chose action DOWN in 0.00s.
2026-09-21 19:38:17,917 [BombeRLeWorld] INFO: Agent <final_code> stayed within acceptable think time.
2026-09-21 19:38:17,917 [BombeRLeWorld] INFO: Agent <rule_based_agent_1> chose action DOWN in 0.00s.
2026-09-21 19:38:17,917 [BombeRLeWorld] INFO: Agent <rule_based_agent_1> stayed within acceptable think time.
2026-09-21 19:38:17,917 [BombeRLeWorld] INFO: Agent <rule_based_agent_2> chose action DOWN in 0.00s.
2026-09-21 19:38:17,917 [BombeRLeWorld] INFO: Agent <rule_based_agent_2> stayed within acceptable think time.
2026-09-21 19:38:18,011 [BombeRLeWorld] INFO: STARTING STEP 155
2026-09-21 19:38:18,016 [BombeRLeWorld] INFO: Agent <final_code> chose action DOWN in 0.00s.
2026-09-21 19:38:18,016 [BombeRLeWorld] INFO: Agent <final_code> stayed within acceptable think time.
2026-09-21 19:38:18,016 [BombeRLeWorld] INFO: Agent <rule_based_agent_2> chose action DOWN in 0.00s.
2026-09-21 19:38:18,016 [BombeRLeWorld] INFO: Agent <rule_based_agent_2> stayed within acceptable think time.
2026-09-21 19:38:18,016 [BombeRLeWorld] INFO: Agent <rule_based_agent_1> chose action UP in 0.00s.
2026-09-21 19:38:18,016 [BombeRLeWorld] INFO: Agent <rule_based_agent_1> stayed within acceptable think time.
2026-09-21 19:38:18,111 [BombeRLeWorld] INFO: STARTING STEP 156
2026-09-21 19:38:18,117 [BombeRLeWorld] INFO: Agent <final_code> chose action LEFT in 0.00s.
2026-09-21 19:38:18,117 [BombeRLeWorld] INFO: Agent <final_code> stayed within acceptable think time.
2026-09-21 19:38:18,117 [BombeRLeWorld] INFO: Agent <rule_based_agent_1> chose action DOWN in 0.00s.
2026-09-21 19:38:18,117 [BombeRLeWorld] INFO: Agent <rule_based_agent_1> stayed within acceptable think time.
2026-09-21 19:38:18,117 [BombeRLeWorld] INFO: Agent <rule_based_agent_2> chose action LEFT in 0.00s.
2026-09-21 19:38:18,117 [BombeRLeWorld] INFO: Agent <rule_based_agent_2> stayed within acceptable think time.
2026-09-21 19:38:18,117 [BombeRLeWorld] INFO: Agent <rule_based_agent_2>'s bomb at (np.int64(10), np.int64(11)) explodes
2026-09-21 19:38:18,211 [BombeRLeWorld] INFO: STARTING STEP 157
2026-09-21 19:38:18,216 [BombeRLeWorld] INFO: Agent <rule_based_agent_1> chose action DOWN in 0.00s.
2026-09-21 19:38:18,216 [BombeRLeWorld] INFO: Agent <rule_based_agent_1> stayed within acceptable think time.
2026-09-21 19:38:18,216 [BombeRLeWorld] INFO: Agent <final_code> chose action LEFT in 0.00s.
2026-09-21 19:38:18,216 [BombeRLeWorld] INFO: Agent <final_code> stayed within acceptable think time.
2026-09-21 19:38:18,216 [BombeRLeWorld] INFO: Agent <rule_based_agent_2> chose action LEFT in 0.00s.
2026-09-21 19:38:18,216 [BombeRLeWorld] INFO: Agent <rule_based_agent_2> stayed within acceptable think time.
2026-09-21 19:38:18,216 [BombeRLeWorld] INFO: Agent <final_code>'s bomb at (np.int64(11), np.int64(7)) explodes
2026-09-21 19:38:18,311 [BombeRLeWorld] INFO: STARTING STEP 158
2026-09-21 19:38:18,318 [BombeRLeWorld] INFO: Agent <final_code> chose action DOWN in 0.01s.
2026-09-21 19:38:18,318 [BombeRLeWorld] INFO: Agent <final_code> stayed within acceptable think time.
2026-09-21 19:38:18,318 [BombeRLeWorld] INFO: Agent <rule_based_agent_2> chose action RIGHT in 0.00s.
2026-09-21 19:38:18,318 [BombeRLeWorld] INFO: Agent <rule_based_agent_2> stayed within acceptable think time.
2026-09-21 19:38:18,318 [BombeRLeWorld] INFO: Agent <rule_based_agent_1> chose action LEFT in 0.00s.
2026-09-21 19:38:18,318 [BombeRLeWorld] INFO: Agent <rule_based_agent_1> stayed within acceptable think time.
2026-09-21 19:38:18,411 [BombeRLeWorld] INFO: STARTING STEP 159
2026-09-21 19:38:18,416 [BombeRLeWorld] INFO: Agent <rule_based_agent_2> chose action RIGHT in 0.00s.
2026-09-21 19:38:18,416 [BombeRLeWorld] INFO: Agent <rule_based_agent_2> stayed within acceptable think time.
2026-09-21 19:38:18,416 [BombeRLeWorld] INFO: Agent <rule_based_agent_1> chose action LEFT in 0.00s.
2026-09-21 19:38:18,416 [BombeRLeWorld] INFO: Agent <rule_based_agent_1> stayed within acceptable think time.
2026-09-21 19:38:18,416 [BombeRLeWorld] INFO: Agent <final_code> chose action DOWN in 0.00s.
2026-09-21 19:38:18,416 [BombeRLeWorld] INFO: Agent <final_code> stayed within acceptable think time.
2026-09-21 19:38:18,511 [BombeRLeWorld] INFO: STARTING STEP 160
2026-09-21 19:38:18,517 [BombeRLeWorld] INFO: Agent <rule_based_agent_2> chose action UP in 0.00s.
2026-09-21 19:38:18,517 [BombeRLeWorld] INFO: Agent <rule_based_agent_2> stayed within acceptable think time.
2026-09-21 19:38:18,517 [BombeRLeWorld] INFO: Agent <rule_based_agent_1> chose action LEFT in 0.00s.
2026-09-21 19:38:18,517 [BombeRLeWorld] INFO: Agent <rule_based_agent_1> stayed within acceptable think time.
2026-09-21 19:38:18,517 [BombeRLeWorld] INFO: Agent <final_code> chose action BOMB in 0.01s.
2026-09-21 19:38:18,517 [BombeRLeWorld] INFO: Agent <final_code> stayed within acceptable think time.
2026-09-21 19:38:18,517 [BombeRLeWorld] INFO: Agent <final_code> drops bomb at (np.int64(9), np.int64(11))
2026-09-21 19:38:18,611 [BombeRLeWorld] INFO: STARTING STEP 161
2026-09-21 19:38:18,616 [BombeRLeWorld] INFO: Agent <rule_based_agent_1> chose action LEFT in 0.00s.
2026-09-21 19:38:18,616 [BombeRLeWorld] INFO: Agent <rule_based_agent_1> stayed within acceptable think time.
2026-09-21 19:38:18,616 [BombeRLeWorld] INFO: Agent <rule_based_agent_2> chose action DOWN in 0.00s.
2026-09-21 19:38:18,616 [BombeRLeWorld] INFO: Agent <rule_based_agent_2> stayed within acceptable think time.
2026-09-21 19:38:18,616 [BombeRLeWorld] INFO: Agent <final_code> chose action LEFT in 0.00s.
2026-09-21 19:38:18,616 [BombeRLeWorld] INFO: Agent <final_code> stayed within acceptable think time.
2026-09-21 19:38:18,711 [BombeRLeWorld] INFO: STARTING STEP 162
2026-09-21 19:38:18,715 [BombeRLeWorld] INFO: Agent <rule_based_agent_2> chose action BOMB in 0.00s.
2026-09-21 19:38:18,715 [BombeRLeWorld] INFO: Agent <rule_based_agent_2> stayed within acceptable think time.
2026-09-21 19:38:18,715 [BombeRLeWorld] INFO: Agent <rule_based_agent_2> drops bomb at (np.int64(9), np.int64(12))
2026-09-21 19:38:18,715 [BombeRLeWorld] INFO: Agent <rule_based_agent_1> chose action RIGHT in 0.00s.
2026-09-21 19:38:18,715 [BombeRLeWorld] INFO: Agent <rule_based_agent_1> stayed within acceptable think time.
2026-09-21 19:38:18,715 [BombeRLeWorld] INFO: Agent <final_code> chose action LEFT in 0.00s.
2026-09-21 19:38:18,715 [BombeRLeWorld] INFO: Agent <final_code> stayed within acceptable think time.
2026-09-21 19:38:18,811 [BombeRLeWorld] INFO: STARTING STEP 163
2026-09-21 19:38:18,823 [BombeRLeWorld] INFO: Agent <rule_based_agent_1> chose action LEFT in 0.01s.
2026-09-21 19:38:18,823 [BombeRLeWorld] INFO: Agent <rule_based_agent_1> stayed within acceptable think time.
2026-09-21 19:38:18,823 [BombeRLeWorld] INFO: Agent <rule_based_agent_2> chose action DOWN in 0.00s.
2026-09-21 19:38:18,823 [BombeRLeWorld] INFO: Agent <rule_based_agent_2> stayed within acceptable think time.
2026-09-21 19:38:18,823 [BombeRLeWorld] INFO: Agent <final_code> chose action DOWN in 0.00s.
2026-09-21 19:38:18,823 [BombeRLeWorld] INFO: Agent <final_code> stayed within acceptable think time.
2026-09-21 19:38:18,911 [BombeRLeWorld] INFO: STARTING STEP 164
2026-09-21 19:38:18,916 [BombeRLeWorld] INFO: Agent <final_code> chose action DOWN in 0.00s.
2026-09-21 19:38:18,916 [BombeRLeWorld] INFO: Agent <final_code> stayed within acceptable think time.
2026-09-21 19:38:18,916 [BombeRLeWorld] INFO: Agent <rule_based_agent_2> chose action None in 0.00s.
2026-09-21 19:38:18,916 [BombeRLeWorld] INFO: Agent <rule_based_agent_2> stayed within acceptable think time.
2026-09-21 19:38:18,916 [BombeRLeWorld] INFO: Agent <rule_based_agent_1> chose action RIGHT in 0.00s.
2026-09-21 19:38:18,916 [BombeRLeWorld] INFO: Agent <rule_based_agent_1> stayed within acceptable think time.
2026-09-21 19:38:18,916 [BombeRLeWorld] INFO: Agent <final_code>'s bomb at (np.int64(9), np.int64(11)) explodes
2026-09-21 19:38:18,916 [BombeRLeWorld] INFO: Agent <rule_based_agent_2> blown up by agent <final_code>'s bomb
2026-09-21 19:38:18,916 [BombeRLeWorld] INFO: Agent <final_code> receives 1 point
2026-09-21 19:38:19,012 [BombeRLeWorld] INFO: STARTING STEP 165
2026-09-21 19:38:19,017 [BombeRLeWorld] INFO: Agent <final_code> chose action LEFT in 0.00s.
2026-09-21 19:38:19,017 [BombeRLeWorld] INFO: Agent <final_code> stayed within acceptable think time.
2026-09-21 19:38:19,017 [BombeRLeWorld] INFO: Agent <rule_based_agent_1> chose action RIGHT in 0.00s.
2026-09-21 19:38:19,017 [BombeRLeWorld] INFO: Agent <rule_based_agent_1> stayed within acceptable think time.
2026-09-21 19:38:19,112 [BombeRLeWorld] INFO: STARTING STEP 166
2026-09-21 19:38:19,117 [BombeRLeWorld] INFO: Agent <rule_based_agent_1> chose action LEFT in 0.00s.
2026-09-21 19:38:19,117 [BombeRLeWorld] INFO: Agent <rule_based_agent_1> stayed within acceptable think time.
2026-09-21 19:38:19,117 [BombeRLeWorld] INFO: Agent <final_code> chose action RIGHT in 0.00s.
2026-09-21 19:38:19,117 [BombeRLeWorld] INFO: Agent <final_code> stayed within acceptable think time.
2026-09-21 19:38:19,117 [BombeRLeWorld] INFO: Agent <rule_based_agent_2>'s bomb at (np.int64(9), np.int64(12)) explodes
2026-09-21 19:38:19,212 [BombeRLeWorld] INFO: STARTING STEP 167
2026-09-21 19:38:19,218 [BombeRLeWorld] INFO: Agent <final_code> chose action BOMB in 0.00s.
2026-09-21 19:38:19,218 [BombeRLeWorld] INFO: Agent <final_code> stayed within acceptable think time.
2026-09-21 19:38:19,218 [BombeRLeWorld] INFO: Agent <final_code> drops bomb at (np.int64(7), np.int64(13))
2026-09-21 19:38:19,218 [BombeRLeWorld] INFO: Agent <rule_based_agent_1> chose action RIGHT in 0.00s.
2026-09-21 19:38:19,218 [BombeRLeWorld] INFO: Agent <rule_based_agent_1> stayed within acceptable think time.
2026-09-21 19:38:19,312 [BombeRLeWorld] INFO: STARTING STEP 168
2026-09-21 19:38:19,317 [BombeRLeWorld] INFO: Agent <rule_based_agent_1> chose action LEFT in 0.00s.
2026-09-21 19:38:19,317 [BombeRLeWorld] INFO: Agent <rule_based_agent_1> stayed within acceptable think time.
2026-09-21 19:38:19,317 [BombeRLeWorld] INFO: Agent <final_code> chose action LEFT in 0.00s.
2026-09-21 19:38:19,317 [BombeRLeWorld] INFO: Agent <final_code> stayed within acceptable think time.
2026-09-21 19:38:19,412 [BombeRLeWorld] INFO: STARTING STEP 169
2026-09-21 19:38:19,416 [BombeRLeWorld] INFO: Agent <final_code> chose action LEFT in 0.00s.
2026-09-21 19:38:19,416 [BombeRLeWorld] INFO: Agent <final_code> stayed within acceptable think time.
2026-09-21 19:38:19,416 [BombeRLeWorld] INFO: Agent <rule_based_agent_1> chose action RIGHT in 0.00s.
2026-09-21 19:38:19,416 [BombeRLeWorld] INFO: Agent <rule_based_agent_1> stayed within acceptable think time.
2026-09-21 19:38:19,512 [BombeRLeWorld] INFO: STARTING STEP 170
2026-09-21 19:38:19,518 [BombeRLeWorld] INFO: Agent <final_code> chose action UP in 0.00s.
2026-09-21 19:38:19,518 [BombeRLeWorld] INFO: Agent <final_code> stayed within acceptable think time.
2026-09-21 19:38:19,518 [BombeRLeWorld] INFO: Agent <rule_based_agent_1> chose action LEFT in 0.00s.
2026-09-21 19:38:19,518 [BombeRLeWorld] INFO: Agent <rule_based_agent_1> stayed within acceptable think time.
2026-09-21 19:38:19,612 [BombeRLeWorld] INFO: STARTING STEP 171
2026-09-21 19:38:19,616 [BombeRLeWorld] INFO: Agent <final_code> chose action UP in 0.00s.
2026-09-21 19:38:19,616 [BombeRLeWorld] INFO: Agent <final_code> stayed within acceptable think time.
2026-09-21 19:38:19,616 [BombeRLeWorld] INFO: Agent <rule_based_agent_1> chose action RIGHT in 0.00s.
2026-09-21 19:38:19,616 [BombeRLeWorld] INFO: Agent <rule_based_agent_1> stayed within acceptable think time.
2026-09-21 19:38:19,616 [BombeRLeWorld] INFO: Agent <final_code>'s bomb at (np.int64(7), np.int64(13)) explodes
2026-09-21 19:38:19,712 [BombeRLeWorld] INFO: STARTING STEP 172
2026-09-21 19:38:19,718 [BombeRLeWorld] INFO: Agent <rule_based_agent_1> chose action UP in 0.00s.
2026-09-21 19:38:19,718 [BombeRLeWorld] INFO: Agent <rule_based_agent_1> stayed within acceptable think time.
2026-09-21 19:38:19,718 [BombeRLeWorld] INFO: Agent <final_code> chose action UP in 0.01s.
2026-09-21 19:38:19,718 [BombeRLeWorld] INFO: Agent <final_code> stayed within acceptable think time.
2026-09-21 19:38:19,812 [BombeRLeWorld] INFO: STARTING STEP 173
2026-09-21 19:38:19,817 [BombeRLeWorld] INFO: Agent <final_code> chose action UP in 0.00s.
2026-09-21 19:38:19,817 [BombeRLeWorld] INFO: Agent <final_code> stayed within acceptable think time.
2026-09-21 19:38:19,817 [BombeRLeWorld] INFO: Agent <rule_based_agent_1> chose action UP in 0.00s.
2026-09-21 19:38:19,817 [BombeRLeWorld] INFO: Agent <rule_based_agent_1> stayed within acceptable think time.
2026-09-21 19:38:19,912 [BombeRLeWorld] INFO: STARTING STEP 174
2026-09-21 19:38:19,919 [BombeRLeWorld] INFO: Agent <rule_based_agent_1> chose action LEFT in 0.00s.
2026-09-21 19:38:19,919 [BombeRLeWorld] INFO: Agent <rule_based_agent_1> stayed within acceptable think time.
2026-09-21 19:38:19,919 [BombeRLeWorld] INFO: Agent <final_code> chose action BOMB in 0.01s.
2026-09-21 19:38:19,919 [BombeRLeWorld] INFO: Agent <final_code> stayed within acceptable think time.
2026-09-21 19:38:19,919 [BombeRLeWorld] INFO: Agent <final_code> drops bomb at (np.int64(5), np.int64(9))
2026-09-21 19:38:20,012 [BombeRLeWorld] INFO: STARTING STEP 175
2026-09-21 19:38:20,017 [BombeRLeWorld] INFO: Agent <rule_based_agent_1> chose action WAIT in 0.00s.
2026-09-21 19:38:20,017 [BombeRLeWorld] INFO: Agent <rule_based_agent_1> stayed within acceptable think time.
2026-09-21 19:38:20,017 [BombeRLeWorld] INFO: Agent <final_code> chose action UP in 0.00s.
2026-09-21 19:38:20,017 [BombeRLeWorld] INFO: Agent <final_code> stayed within acceptable think time.
2026-09-21 19:38:20,112 [BombeRLeWorld] INFO: STARTING STEP 176
2026-09-21 19:38:20,117 [BombeRLeWorld] INFO: Agent <final_code> chose action UP in 0.00s.
2026-09-21 19:38:20,117 [BombeRLeWorld] INFO: Agent <final_code> stayed within acceptable think time.
2026-09-21 19:38:20,117 [BombeRLeWorld] INFO: Agent <rule_based_agent_1> chose action LEFT in 0.00s.
2026-09-21 19:38:20,117 [BombeRLeWorld] INFO: Agent <rule_based_agent_1> stayed within acceptable think time.
2026-09-21 19:38:20,212 [BombeRLeWorld] INFO: STARTING STEP 177
2026-09-21 19:38:20,218 [BombeRLeWorld] INFO: Agent <rule_based_agent_1> chose action UP in 0.00s.
2026-09-21 19:38:20,218 [BombeRLeWorld] INFO: Agent <rule_based_agent_1> stayed within acceptable think time.
2026-09-21 19:38:20,218 [BombeRLeWorld] INFO: Agent <final_code> chose action LEFT in 0.00s.
2026-09-21 19:38:20,218 [BombeRLeWorld] INFO: Agent <final_code> stayed within acceptable think time.
2026-09-21 19:38:20,313 [BombeRLeWorld] INFO: STARTING STEP 178
2026-09-21 19:38:20,317 [BombeRLeWorld] INFO: Agent <final_code> chose action LEFT in 0.00s.
2026-09-21 19:38:20,317 [BombeRLeWorld] INFO: Agent <final_code> stayed within acceptable think time.
2026-09-21 19:38:20,317 [BombeRLeWorld] INFO: Agent <rule_based_agent_1> chose action UP in 0.00s.
2026-09-21 19:38:20,317 [BombeRLeWorld] INFO: Agent <rule_based_agent_1> stayed within acceptable think time.
2026-09-21 19:38:20,317 [BombeRLeWorld] INFO: Agent <final_code>'s bomb at (np.int64(5), np.int64(9)) explodes
2026-09-21 19:38:20,413 [BombeRLeWorld] INFO: STARTING STEP 179
2026-09-21 19:38:20,419 [BombeRLeWorld] INFO: Agent <rule_based_agent_1> chose action DOWN in 0.00s.
2026-09-21 19:38:20,419 [BombeRLeWorld] INFO: Agent <rule_based_agent_1> stayed within acceptable think time.
2026-09-21 19:38:20,419 [BombeRLeWorld] INFO: Agent <final_code> chose action LEFT in 0.01s.
2026-09-21 19:38:20,419 [BombeRLeWorld] INFO: Agent <final_code> stayed within acceptable think time.
2026-09-21 19:38:20,513 [BombeRLeWorld] INFO: STARTING STEP 180
2026-09-21 19:38:20,518 [BombeRLeWorld] INFO: Agent <rule_based_agent_1> chose action UP in 0.00s.
2026-09-21 19:38:20,518 [BombeRLeWorld] INFO: Agent <rule_based_agent_1> stayed within acceptable think time.
2026-09-21 19:38:20,518 [BombeRLeWorld] INFO: Agent <final_code> chose action LEFT in 0.00s.
2026-09-21 19:38:20,518 [BombeRLeWorld] INFO: Agent <final_code> stayed within acceptable think time.
2026-09-21 19:38:20,613 [BombeRLeWorld] INFO: STARTING STEP 181
2026-09-21 19:38:20,618 [BombeRLeWorld] INFO: Agent <final_code> chose action BOMB in 0.00s.
2026-09-21 19:38:20,618 [BombeRLeWorld] INFO: Agent <final_code> stayed within acceptable think time.
2026-09-21 19:38:20,618 [BombeRLeWorld] INFO: Agent <final_code> drops bomb at (np.int64(1), np.int64(7))
2026-09-21 19:38:20,618 [BombeRLeWorld] INFO: Agent <rule_based_agent_1> chose action UP in 0.00s.
2026-09-21 19:38:20,618 [BombeRLeWorld] INFO: Agent <rule_based_agent_1> stayed within acceptable think time.
2026-09-21 19:38:20,713 [BombeRLeWorld] INFO: STARTING STEP 182
2026-09-21 19:38:20,717 [BombeRLeWorld] INFO: Agent <rule_based_agent_1> chose action WAIT in 0.00s.
2026-09-21 19:38:20,717 [BombeRLeWorld] INFO: Agent <rule_based_agent_1> stayed within acceptable think time.
2026-09-21 19:38:20,717 [BombeRLeWorld] INFO: Agent <final_code> chose action DOWN in 0.00s.
2026-09-21 19:38:20,717 [BombeRLeWorld] INFO: Agent <final_code> stayed within acceptable think time.
2026-09-21 19:38:20,813 [BombeRLeWorld] INFO: STARTING STEP 183
2026-09-21 19:38:20,817 [BombeRLeWorld] INFO: Agent <final_code> chose action DOWN in 0.00s.
2026-09-21 19:38:20,817 [BombeRLeWorld] INFO: Agent <final_code> stayed within acceptable think time.
2026-09-21 19:38:20,817 [BombeRLeWorld] INFO: Agent <rule_based_agent_1> chose action DOWN in 0.00s.
2026-09-21 19:38:20,817 [BombeRLeWorld] INFO: Agent <rule_based_agent_1> stayed within acceptable think time.
2026-09-21 19:38:20,913 [BombeRLeWorld] INFO: STARTING STEP 184
2026-09-21 19:38:20,918 [BombeRLeWorld] INFO: Agent <final_code> chose action RIGHT in 0.00s.
2026-09-21 19:38:20,918 [BombeRLeWorld] INFO: Agent <final_code> stayed within acceptable think time.
2026-09-21 19:38:20,918 [BombeRLeWorld] INFO: Agent <rule_based_agent_1> chose action LEFT in 0.00s.
2026-09-21 19:38:20,918 [BombeRLeWorld] INFO: Agent <rule_based_agent_1> stayed within acceptable think time.
2026-09-21 19:38:21,013 [BombeRLeWorld] INFO: STARTING STEP 185
2026-09-21 19:38:21,017 [BombeRLeWorld] INFO: Agent <rule_based_agent_1> chose action LEFT in 0.00s.
2026-09-21 19:38:21,017 [BombeRLeWorld] INFO: Agent <rule_based_agent_1> stayed within acceptable think time.
2026-09-21 19:38:21,017 [BombeRLeWorld] INFO: Agent <final_code> chose action RIGHT in 0.00s.
2026-09-21 19:38:21,017 [BombeRLeWorld] INFO: Agent <final_code> stayed within acceptable think time.
2026-09-21 19:38:21,017 [BombeRLeWorld] INFO: Agent <final_code>'s bomb at (np.int64(1), np.int64(7)) explodes
2026-09-21 19:38:21,113 [BombeRLeWorld] INFO: STARTING STEP 186
2026-09-21 19:38:21,119 [BombeRLeWorld] INFO: Agent <final_code> chose action UP in 0.01s.
2026-09-21 19:38:21,119 [BombeRLeWorld] INFO: Agent <final_code> stayed within acceptable think time.
2026-09-21 19:38:21,119 [BombeRLeWorld] INFO: Agent <rule_based_agent_1> chose action LEFT in 0.00s.
2026-09-21 19:38:21,119 [BombeRLeWorld] INFO: Agent <rule_based_agent_1> stayed within acceptable think time.
2026-09-21 19:38:21,213 [BombeRLeWorld] INFO: STARTING STEP 187
2026-09-21 19:38:21,217 [BombeRLeWorld] INFO: Agent <rule_based_agent_1> chose action LEFT in 0.00s.
2026-09-21 19:38:21,217 [BombeRLeWorld] INFO: Agent <rule_based_agent_1> stayed within acceptable think time.
2026-09-21 19:38:21,217 [BombeRLeWorld] INFO: Agent <final_code> chose action UP in 0.00s.
2026-09-21 19:38:21,217 [BombeRLeWorld] INFO: Agent <final_code> stayed within acceptable think time.
2026-09-21 19:38:21,313 [BombeRLeWorld] INFO: STARTING STEP 188
2026-09-21 19:38:21,319 [BombeRLeWorld] INFO: Agent <final_code> chose action BOMB in 0.01s.
2026-09-21 19:38:21,319 [BombeRLeWorld] INFO: Agent <final_code> stayed within acceptable think time.
2026-09-21 19:38:21,319 [BombeRLeWorld] INFO: Agent <final_code> drops bomb at (np.int64(3), np.int64(7))
2026-09-21 19:38:21,319 [BombeRLeWorld] INFO: Agent <rule_based_agent_1> chose action UP in 0.00s.
2026-09-21 19:38:21,319 [BombeRLeWorld] INFO: Agent <rule_based_agent_1> stayed within acceptable think time.
2026-09-21 19:38:21,413 [BombeRLeWorld] INFO: STARTING STEP 189
2026-09-21 19:38:21,418 [BombeRLeWorld] INFO: Agent <rule_based_agent_1> chose action WAIT in 0.00s.
2026-09-21 19:38:21,418 [BombeRLeWorld] INFO: Agent <rule_based_agent_1> stayed within acceptable think time.
2026-09-21 19:38:21,418 [BombeRLeWorld] INFO: Agent <final_code> chose action UP in 0.00s.
2026-09-21 19:38:21,418 [BombeRLeWorld] INFO: Agent <final_code> stayed within acceptable think time.
2026-09-21 19:38:21,513 [BombeRLeWorld] INFO: STARTING STEP 190
2026-09-21 19:38:21,517 [BombeRLeWorld] INFO: Agent <final_code> chose action UP in 0.00s.
2026-09-21 19:38:21,517 [BombeRLeWorld] INFO: Agent <final_code> stayed within acceptable think time.
2026-09-21 19:38:21,517 [BombeRLeWorld] INFO: Agent <rule_based_agent_1> chose action UP in 0.00s.
2026-09-21 19:38:21,517 [BombeRLeWorld] INFO: Agent <rule_based_agent_1> stayed within acceptable think time.
2026-09-21 19:38:21,613 [BombeRLeWorld] INFO: STARTING STEP 191
2026-09-21 19:38:21,619 [BombeRLeWorld] INFO: Agent <rule_based_agent_1> chose action DOWN in 0.00s.
2026-09-21 19:38:21,619 [BombeRLeWorld] INFO: Agent <rule_based_agent_1> stayed within acceptable think time.
2026-09-21 19:38:21,619 [BombeRLeWorld] INFO: Agent <final_code> chose action LEFT in 0.00s.
2026-09-21 19:38:21,619 [BombeRLeWorld] INFO: Agent <final_code> stayed within acceptable think time.
2026-09-21 19:38:21,713 [BombeRLeWorld] INFO: STARTING STEP 192
2026-09-21 19:38:21,717 [BombeRLeWorld] INFO: Agent <rule_based_agent_1> chose action DOWN in 0.00s.
2026-09-21 19:38:21,717 [BombeRLeWorld] INFO: Agent <rule_based_agent_1> stayed within acceptable think time.
2026-09-21 19:38:21,717 [BombeRLeWorld] INFO: Agent <final_code> chose action LEFT in 0.00s.
2026-09-21 19:38:21,717 [BombeRLeWorld] INFO: Agent <final_code> stayed within acceptable think time.
2026-09-21 19:38:21,717 [BombeRLeWorld] INFO: Agent <final_code>'s bomb at (np.int64(3), np.int64(7)) explodes
2026-09-21 19:38:21,814 [BombeRLeWorld] INFO: STARTING STEP 193
2026-09-21 19:38:21,819 [BombeRLeWorld] INFO: Agent <final_code> chose action UP in 0.00s.
2026-09-21 19:38:21,819 [BombeRLeWorld] INFO: Agent <final_code> stayed within acceptable think time.
2026-09-21 19:38:21,819 [BombeRLeWorld] INFO: Agent <rule_based_agent_1> chose action LEFT in 0.00s.
2026-09-21 19:38:21,819 [BombeRLeWorld] INFO: Agent <rule_based_agent_1> stayed within acceptable think time.
2026-09-21 19:38:21,914 [BombeRLeWorld] INFO: STARTING STEP 194
2026-09-21 19:38:21,918 [BombeRLeWorld] INFO: Agent <rule_based_agent_1> chose action LEFT in 0.00s.
2026-09-21 19:38:21,918 [BombeRLeWorld] INFO: Agent <rule_based_agent_1> stayed within acceptable think time.
2026-09-21 19:38:21,918 [BombeRLeWorld] INFO: Agent <final_code> chose action UP in 0.00s.
2026-09-21 19:38:21,918 [BombeRLeWorld] INFO: Agent <final_code> stayed within acceptable think time.
2026-09-21 19:38:22,014 [BombeRLeWorld] INFO: STARTING STEP 195
2026-09-21 19:38:22,019 [BombeRLeWorld] INFO: Agent <rule_based_agent_1> chose action LEFT in 0.00s.
2026-09-21 19:38:22,019 [BombeRLeWorld] INFO: Agent <rule_based_agent_1> stayed within acceptable think time.
2026-09-21 19:38:22,019 [BombeRLeWorld] INFO: Agent <final_code> chose action BOMB in 0.00s.
2026-09-21 19:38:22,019 [BombeRLeWorld] INFO: Agent <final_code> stayed within acceptable think time.
2026-09-21 19:38:22,019 [BombeRLeWorld] INFO: Agent <final_code> drops bomb at (np.int64(1), np.int64(3))
2026-09-21 19:38:22,114 [BombeRLeWorld] INFO: STARTING STEP 196
2026-09-21 19:38:22,117 [BombeRLeWorld] INFO: Agent <final_code> chose action UP in 0.00s.
2026-09-21 19:38:22,117 [BombeRLeWorld] INFO: Agent <final_code> stayed within acceptable think time.
2026-09-21 19:38:22,117 [BombeRLeWorld] INFO: Agent <rule_based_agent_1> chose action WAIT in 0.00s.
2026-09-21 19:38:22,117 [BombeRLeWorld] INFO: Agent <rule_based_agent_1> stayed within acceptable think time.
2026-09-21 19:38:22,214 [BombeRLeWorld] INFO: STARTING STEP 197
2026-09-21 19:38:22,218 [BombeRLeWorld] INFO: Agent <rule_based_agent_1> chose action LEFT in 0.00s.
2026-09-21 19:38:22,218 [BombeRLeWorld] INFO: Agent <rule_based_agent_1> stayed within acceptable think time.
2026-09-21 19:38:22,218 [BombeRLeWorld] INFO: Agent <final_code> chose action UP in 0.00s.
2026-09-21 19:38:22,218 [BombeRLeWorld] INFO: Agent <final_code> stayed within acceptable think time.
2026-09-21 19:38:22,314 [BombeRLeWorld] INFO: STARTING STEP 198
2026-09-21 19:38:22,318 [BombeRLeWorld] INFO: Agent <rule_based_agent_1> chose action UP in 0.00s.
2026-09-21 19:38:22,318 [BombeRLeWorld] INFO: Agent <rule_based_agent_1> stayed within acceptable think time.
2026-09-21 19:38:22,318 [BombeRLeWorld] INFO: Agent <final_code> chose action RIGHT in 0.00s.
2026-09-21 19:38:22,318 [BombeRLeWorld] INFO: Agent <final_code> stayed within acceptable think time.
2026-09-21 19:38:22,414 [BombeRLeWorld] INFO: STARTING STEP 199
2026-09-21 19:38:22,418 [BombeRLeWorld] INFO: Agent <final_code> chose action RIGHT in 0.00s.
2026-09-21 19:38:22,418 [BombeRLeWorld] INFO: Agent <final_code> stayed within acceptable think time.
2026-09-21 19:38:22,418 [BombeRLeWorld] INFO: Agent <rule_based_agent_1> chose action UP in 0.00s.
2026-09-21 19:38:22,418 [BombeRLeWorld] INFO: Agent <rule_based_agent_1> stayed within acceptable think time.
2026-09-21 19:38:22,418 [BombeRLeWorld] INFO: Agent <final_code>'s bomb at (np.int64(1), np.int64(3)) explodes
2026-09-21 19:38:22,514 [BombeRLeWorld] INFO: STARTING STEP 200
2026-09-21 19:38:22,519 [BombeRLeWorld] INFO: Agent <final_code> chose action RIGHT in 0.00s.
2026-09-21 19:38:22,520 [BombeRLeWorld] INFO: Agent <final_code> stayed within acceptable think time.
2026-09-21 19:38:22,520 [BombeRLeWorld] INFO: Agent <rule_based_agent_1> chose action DOWN in 0.00s.
2026-09-21 19:38:22,520 [BombeRLeWorld] INFO: Agent <rule_based_agent_1> stayed within acceptable think time.
2026-09-21 19:38:22,614 [BombeRLeWorld] INFO: STARTING STEP 201
2026-09-21 19:38:22,619 [BombeRLeWorld] INFO: Agent <rule_based_agent_1> chose action UP in 0.00s.
2026-09-21 19:38:22,619 [BombeRLeWorld] INFO: Agent <rule_based_agent_1> stayed within acceptable think time.
2026-09-21 19:38:22,619 [BombeRLeWorld] INFO: Agent <final_code> chose action RIGHT in 0.00s.
2026-09-21 19:38:22,619 [BombeRLeWorld] INFO: Agent <final_code> stayed within acceptable think time.
2026-09-21 19:38:22,714 [BombeRLeWorld] INFO: STARTING STEP 202
2026-09-21 19:38:22,720 [BombeRLeWorld] INFO: Agent <rule_based_agent_1> chose action UP in 0.00s.
2026-09-21 19:38:22,720 [BombeRLeWorld] INFO: Agent <rule_based_agent_1> stayed within acceptable think time.
2026-09-21 19:38:22,720 [BombeRLeWorld] INFO: Agent <final_code> chose action BOMB in 0.00s.
2026-09-21 19:38:22,720 [BombeRLeWorld] INFO: Agent <final_code> stayed within acceptable think time.
2026-09-21 19:38:22,720 [BombeRLeWorld] INFO: Agent <final_code> drops bomb at (np.int64(5), np.int64(1))
2026-09-21 19:38:22,814 [BombeRLeWorld] INFO: STARTING STEP 203
2026-09-21 19:38:22,818 [BombeRLeWorld] INFO: Agent <final_code> chose action DOWN in 0.00s.
2026-09-21 19:38:22,818 [BombeRLeWorld] INFO: Agent <final_code> stayed within acceptable think time.
2026-09-21 19:38:22,818 [BombeRLeWorld] INFO: Agent <rule_based_agent_1> chose action WAIT in 0.00s.
2026-09-21 19:38:22,818 [BombeRLeWorld] INFO: Agent <rule_based_agent_1> stayed within acceptable think time.
2026-09-21 19:38:22,914 [BombeRLeWorld] INFO: STARTING STEP 204
2026-09-21 19:38:22,918 [BombeRLeWorld] INFO: Agent <rule_based_agent_1> chose action UP in 0.00s.
2026-09-21 19:38:22,918 [BombeRLeWorld] INFO: Agent <rule_based_agent_1> stayed within acceptable think time.
2026-09-21 19:38:22,918 [BombeRLeWorld] INFO: Agent <final_code> chose action DOWN in 0.00s.
2026-09-21 19:38:22,918 [BombeRLeWorld] INFO: Agent <final_code> stayed within acceptable think time.
2026-09-21 19:38:23,014 [BombeRLeWorld] INFO: STARTING STEP 205
2026-09-21 19:38:23,020 [BombeRLeWorld] INFO: Agent <rule_based_agent_1> chose action RIGHT in 0.00s.
2026-09-21 19:38:23,020 [BombeRLeWorld] INFO: Agent <rule_based_agent_1> stayed within acceptable think time.
2026-09-21 19:38:23,020 [BombeRLeWorld] INFO: Agent <final_code> chose action RIGHT in 0.00s.
2026-09-21 19:38:23,020 [BombeRLeWorld] INFO: Agent <final_code> stayed within acceptable think time.
2026-09-21 19:38:23,114 [BombeRLeWorld] INFO: STARTING STEP 206
2026-09-21 19:38:23,118 [BombeRLeWorld] INFO: Agent <rule_based_agent_1> chose action RIGHT in 0.00s.
2026-09-21 19:38:23,118 [BombeRLeWorld] INFO: Agent <rule_based_agent_1> stayed within acceptable think time.
2026-09-21 19:38:23,118 [BombeRLeWorld] INFO: Agent <final_code> chose action RIGHT in 0.00s.
2026-09-21 19:38:23,118 [BombeRLeWorld] INFO: Agent <final_code> stayed within acceptable think time.
2026-09-21 19:38:23,118 [BombeRLeWorld] INFO: Agent <final_code>'s bomb at (np.int64(5), np.int64(1)) explodes
2026-09-21 19:38:23,215 [BombeRLeWorld] INFO: STARTING STEP 207
2026-09-21 19:38:23,221 [BombeRLeWorld] INFO: Agent <rule_based_agent_1> chose action UP in 0.00s.
2026-09-21 19:38:23,221 [BombeRLeWorld] INFO: Agent <rule_based_agent_1> stayed within acceptable think time.
2026-09-21 19:38:23,221 [BombeRLeWorld] INFO: Agent <final_code> chose action RIGHT in 0.01s.
2026-09-21 19:38:23,221 [BombeRLeWorld] INFO: Agent <final_code> stayed within acceptable think time.
2026-09-21 19:38:23,315 [BombeRLeWorld] INFO: STARTING STEP 208
2026-09-21 19:38:23,319 [BombeRLeWorld] INFO: Agent <rule_based_agent_1> chose action UP in 0.00s.
2026-09-21 19:38:23,320 [BombeRLeWorld] INFO: Agent <rule_based_agent_1> stayed within acceptable think time.
2026-09-21 19:38:23,320 [BombeRLeWorld] INFO: Agent <final_code> chose action RIGHT in 0.00s.
2026-09-21 19:38:23,320 [BombeRLeWorld] INFO: Agent <final_code> stayed within acceptable think time.
2026-09-21 19:38:23,415 [BombeRLeWorld] INFO: STARTING STEP 209
2026-09-21 19:38:23,421 [BombeRLeWorld] INFO: Agent <final_code> chose action BOMB in 0.01s.
2026-09-21 19:38:23,421 [BombeRLeWorld] INFO: Agent <final_code> stayed within acceptable think time.
2026-09-21 19:38:23,421 [BombeRLeWorld] INFO: Agent <final_code> drops bomb at (np.int64(9), np.int64(3))
2026-09-21 19:38:23,421 [BombeRLeWorld] INFO: Agent <rule_based_agent_1> chose action RIGHT in 0.00s.
2026-09-21 19:38:23,421 [BombeRLeWorld] INFO: Agent <rule_based_agent_1> stayed within acceptable think time.
2026-09-21 19:38:23,515 [BombeRLeWorld] INFO: STARTING STEP 210
2026-09-21 19:38:23,520 [BombeRLeWorld] INFO: Agent <rule_based_agent_1> chose action WAIT in 0.00s.
2026-09-21 19:38:23,520 [BombeRLeWorld] INFO: Agent <rule_based_agent_1> stayed within acceptable think time.
2026-09-21 19:38:23,520 [BombeRLeWorld] INFO: Agent <final_code> chose action UP in 0.00s.
2026-09-21 19:38:23,520 [BombeRLeWorld] INFO: Agent <final_code> stayed within acceptable think time.
2026-09-21 19:38:23,615 [BombeRLeWorld] INFO: STARTING STEP 211
2026-09-21 19:38:23,619 [BombeRLeWorld] INFO: Agent <final_code> chose action UP in 0.00s.
2026-09-21 19:38:23,619 [BombeRLeWorld] INFO: Agent <final_code> stayed within acceptable think time.
2026-09-21 19:38:23,619 [BombeRLeWorld] INFO: Agent <rule_based_agent_1> chose action RIGHT in 0.00s.
2026-09-21 19:38:23,619 [BombeRLeWorld] INFO: Agent <rule_based_agent_1> stayed within acceptable think time.
2026-09-21 19:38:23,715 [BombeRLeWorld] INFO: STARTING STEP 212
2026-09-21 19:38:23,720 [BombeRLeWorld] INFO: Agent <rule_based_agent_1> chose action UP in 0.00s.
2026-09-21 19:38:23,720 [BombeRLeWorld] INFO: Agent <rule_based_agent_1> stayed within acceptable think time.
2026-09-21 19:38:23,720 [BombeRLeWorld] INFO: Agent <final_code> chose action LEFT in 0.00s.
2026-09-21 19:38:23,720 [BombeRLeWorld] INFO: Agent <final_code> stayed within acceptable think time.
2026-09-21 19:38:23,815 [BombeRLeWorld] INFO: STARTING STEP 213
2026-09-21 19:38:23,818 [BombeRLeWorld] INFO: Agent <rule_based_agent_1> chose action UP in 0.00s.
2026-09-21 19:38:23,818 [BombeRLeWorld] INFO: Agent <rule_based_agent_1> stayed within acceptable think time.
2026-09-21 19:38:23,818 [BombeRLeWorld] INFO: Agent <final_code> chose action LEFT in 0.00s.
2026-09-21 19:38:23,818 [BombeRLeWorld] INFO: Agent <final_code> stayed within acceptable think time.
2026-09-21 19:38:23,818 [BombeRLeWorld] INFO: Agent <final_code>'s bomb at (np.int64(9), np.int64(3)) explodes
2026-09-21 19:38:23,915 [BombeRLeWorld] INFO: STARTING STEP 214
2026-09-21 19:38:23,920 [BombeRLeWorld] INFO: Agent <final_code> chose action RIGHT in 0.00s.
2026-09-21 19:38:23,920 [BombeRLeWorld] INFO: Agent <final_code> stayed within acceptable think time.
2026-09-21 19:38:23,920 [BombeRLeWorld] INFO: Agent <rule_based_agent_1> chose action RIGHT in 0.00s.
2026-09-21 19:38:23,920 [BombeRLeWorld] INFO: Agent <rule_based_agent_1> stayed within acceptable think time.
2026-09-21 19:38:24,015 [BombeRLeWorld] INFO: STARTING STEP 215
2026-09-21 19:38:24,019 [BombeRLeWorld] INFO: Agent <final_code> chose action RIGHT in 0.00s.
2026-09-21 19:38:24,019 [BombeRLeWorld] INFO: Agent <final_code> stayed within acceptable think time.
2026-09-21 19:38:24,019 [BombeRLeWorld] INFO: Agent <rule_based_agent_1> chose action RIGHT in 0.00s.
2026-09-21 19:38:24,019 [BombeRLeWorld] INFO: Agent <rule_based_agent_1> stayed within acceptable think time.
2026-09-21 19:38:24,115 [BombeRLeWorld] INFO: STARTING STEP 216
2026-09-21 19:38:24,120 [BombeRLeWorld] INFO: Agent <rule_based_agent_1> chose action RIGHT in 0.00s.
2026-09-21 19:38:24,120 [BombeRLeWorld] INFO: Agent <rule_based_agent_1> stayed within acceptable think time.
2026-09-21 19:38:24,120 [BombeRLeWorld] INFO: Agent <final_code> chose action BOMB in 0.00s.
2026-09-21 19:38:24,120 [BombeRLeWorld] INFO: Agent <final_code> stayed within acceptable think time.
2026-09-21 19:38:24,120 [BombeRLeWorld] INFO: Agent <final_code> drops bomb at (np.int64(9), np.int64(1))
2026-09-21 19:38:24,216 [BombeRLeWorld] INFO: STARTING STEP 217
2026-09-21 19:38:24,219 [BombeRLeWorld] INFO: Agent <final_code> chose action RIGHT in 0.00s.
2026-09-21 19:38:24,219 [BombeRLeWorld] INFO: Agent <final_code> stayed within acceptable think time.
2026-09-21 19:38:24,219 [BombeRLeWorld] INFO: Agent <rule_based_agent_1> chose action LEFT in 0.00s.
2026-09-21 19:38:24,220 [BombeRLeWorld] INFO: Agent <rule_based_agent_1> stayed within acceptable think time.
2026-09-21 19:38:24,315 [BombeRLeWorld] INFO: STARTING STEP 218
2026-09-21 19:38:24,319 [BombeRLeWorld] INFO: Agent <rule_based_agent_1> chose action DOWN in 0.00s.
2026-09-21 19:38:24,319 [BombeRLeWorld] INFO: Agent <rule_based_agent_1> stayed within acceptable think time.
2026-09-21 19:38:24,319 [BombeRLeWorld] INFO: Agent <final_code> chose action RIGHT in 0.00s.
2026-09-21 19:38:24,319 [BombeRLeWorld] INFO: Agent <final_code> stayed within acceptable think time.
2026-09-21 19:38:24,415 [BombeRLeWorld] INFO: STARTING STEP 219
2026-09-21 19:38:24,420 [BombeRLeWorld] INFO: Agent <rule_based_agent_1> chose action UP in 0.00s.
2026-09-21 19:38:24,420 [BombeRLeWorld] INFO: Agent <rule_based_agent_1> stayed within acceptable think time.
2026-09-21 19:38:24,420 [BombeRLeWorld] INFO: Agent <final_code> chose action DOWN in 0.00s.
2026-09-21 19:38:24,420 [BombeRLeWorld] INFO: Agent <final_code> stayed within acceptable think time.
2026-09-21 19:38:24,515 [BombeRLeWorld] INFO: STARTING STEP 220
2026-09-21 19:38:24,519 [BombeRLeWorld] INFO: Agent <rule_based_agent_1> chose action DOWN in 0.00s.
2026-09-21 19:38:24,519 [BombeRLeWorld] INFO: Agent <rule_based_agent_1> stayed within acceptable think time.
2026-09-21 19:38:24,519 [BombeRLeWorld] INFO: Agent <final_code> chose action DOWN in 0.00s.
2026-09-21 19:38:24,519 [BombeRLeWorld] INFO: Agent <final_code> stayed within acceptable think time.
2026-09-21 19:38:24,519 [BombeRLeWorld] INFO: Agent <final_code>'s bomb at (np.int64(9), np.int64(1)) explodes
2026-09-21 19:38:24,616 [BombeRLeWorld] INFO: STARTING STEP 221
2026-09-21 19:38:24,622 [BombeRLeWorld] INFO: Agent <final_code> chose action DOWN in 0.01s.
2026-09-21 19:38:24,622 [BombeRLeWorld] INFO: Agent <final_code> stayed within acceptable think time.
2026-09-21 19:38:24,622 [BombeRLeWorld] INFO: Agent <rule_based_agent_1> chose action DOWN in 0.00s.
2026-09-21 19:38:24,622 [BombeRLeWorld] INFO: Agent <rule_based_agent_1> stayed within acceptable think time.
2026-09-21 19:38:24,716 [BombeRLeWorld] INFO: STARTING STEP 222
2026-09-21 19:38:24,720 [BombeRLeWorld] INFO: Agent <rule_based_agent_1> chose action RIGHT in 0.00s.
2026-09-21 19:38:24,720 [BombeRLeWorld] INFO: Agent <rule_based_agent_1> stayed within acceptable think time.
2026-09-21 19:38:24,720 [BombeRLeWorld] INFO: Agent <final_code> chose action DOWN in 0.00s.
2026-09-21 19:38:24,720 [BombeRLeWorld] INFO: Agent <final_code> stayed within acceptable think time.
2026-09-21 19:38:24,816 [BombeRLeWorld] INFO: STARTING STEP 223
2026-09-21 19:38:24,822 [BombeRLeWorld] INFO: Agent <rule_based_agent_1> chose action RIGHT in 0.00s.
2026-09-21 19:38:24,822 [BombeRLeWorld] INFO: Agent <rule_based_agent_1> stayed within acceptable think time.
2026-09-21 19:38:24,822 [BombeRLeWorld] INFO: Agent <final_code> chose action BOMB in 0.01s.
2026-09-21 19:38:24,822 [BombeRLeWorld] INFO: Agent <final_code> stayed within acceptable think time.
2026-09-21 19:38:24,822 [BombeRLeWorld] INFO: Agent <final_code> drops bomb at (np.int64(11), np.int64(5))
2026-09-21 19:38:24,916 [BombeRLeWorld] INFO: STARTING STEP 224
2026-09-21 19:38:24,920 [BombeRLeWorld] INFO: Agent <final_code> chose action DOWN in 0.00s.
2026-09-21 19:38:24,920 [BombeRLeWorld] INFO: Agent <final_code> stayed within acceptable think time.
2026-09-21 19:38:24,920 [BombeRLeWorld] INFO: Agent <rule_based_agent_1> chose action WAIT in 0.00s.
2026-09-21 19:38:24,920 [BombeRLeWorld] INFO: Agent <rule_based_agent_1> stayed within acceptable think time.
2026-09-21 19:38:25,016 [BombeRLeWorld] INFO: STARTING STEP 225
2026-09-21 19:38:25,020 [BombeRLeWorld] INFO: Agent <final_code> chose action DOWN in 0.00s.
2026-09-21 19:38:25,020 [BombeRLeWorld] INFO: Agent <final_code> stayed within acceptable think time.
2026-09-21 19:38:25,020 [BombeRLeWorld] INFO: Agent <rule_based_agent_1> chose action RIGHT in 0.00s.
2026-09-21 19:38:25,020 [BombeRLeWorld] INFO: Agent <rule_based_agent_1> stayed within acceptable think time.
2026-09-21 19:38:25,116 [BombeRLeWorld] INFO: STARTING STEP 226
2026-09-21 19:38:25,121 [BombeRLeWorld] INFO: Agent <rule_based_agent_1> chose action RIGHT in 0.00s.
2026-09-21 19:38:25,121 [BombeRLeWorld] INFO: Agent <rule_based_agent_1> stayed within acceptable think time.
2026-09-21 19:38:25,121 [BombeRLeWorld] INFO: Agent <final_code> chose action LEFT in 0.00s.
2026-09-21 19:38:25,121 [BombeRLeWorld] INFO: Agent <final_code> stayed within acceptable think time.
2026-09-21 19:38:25,216 [BombeRLeWorld] INFO: STARTING STEP 227
2026-09-21 19:38:25,219 [BombeRLeWorld] INFO: Agent <final_code> chose action LEFT in 0.00s.
2026-09-21 19:38:25,219 [BombeRLeWorld] INFO: Agent <final_code> stayed within acceptable think time.
2026-09-21 19:38:25,219 [BombeRLeWorld] INFO: Agent <rule_based_agent_1> chose action RIGHT in 0.00s.
2026-09-21 19:38:25,219 [BombeRLeWorld] INFO: Agent <rule_based_agent_1> stayed within acceptable think time.
2026-09-21 19:38:25,219 [BombeRLeWorld] INFO: Agent <final_code>'s bomb at (np.int64(11), np.int64(5)) explodes
2026-09-21 19:38:25,316 [BombeRLeWorld] INFO: STARTING STEP 228
2026-09-21 19:38:25,322 [BombeRLeWorld] INFO: Agent <final_code> chose action LEFT in 0.01s.
2026-09-21 19:38:25,322 [BombeRLeWorld] INFO: Agent <final_code> stayed within acceptable think time.
2026-09-21 19:38:25,322 [BombeRLeWorld] INFO: Agent <rule_based_agent_1> chose action RIGHT in 0.00s.
2026-09-21 19:38:25,322 [BombeRLeWorld] INFO: Agent <rule_based_agent_1> stayed within acceptable think time.
2026-09-21 19:38:25,416 [BombeRLeWorld] INFO: STARTING STEP 229
2026-09-21 19:38:25,421 [BombeRLeWorld] INFO: Agent <rule_based_agent_1> chose action DOWN in 0.00s.
2026-09-21 19:38:25,421 [BombeRLeWorld] INFO: Agent <rule_based_agent_1> stayed within acceptable think time.
2026-09-21 19:38:25,421 [BombeRLeWorld] INFO: Agent <final_code> chose action LEFT in 0.00s.
2026-09-21 19:38:25,421 [BombeRLeWorld] INFO: Agent <final_code> stayed within acceptable think time.
2026-09-21 19:38:25,516 [BombeRLeWorld] INFO: STARTING STEP 230
2026-09-21 19:38:25,522 [BombeRLeWorld] INFO: Agent <final_code> chose action BOMB in 0.01s.
2026-09-21 19:38:25,522 [BombeRLeWorld] INFO: Agent <final_code> stayed within acceptable think time.
2026-09-21 19:38:25,522 [BombeRLeWorld] INFO: Agent <final_code> drops bomb at (np.int64(7), np.int64(7))
2026-09-21 19:38:25,522 [BombeRLeWorld] INFO: Agent <rule_based_agent_1> chose action DOWN in 0.00s.
2026-09-21 19:38:25,522 [BombeRLeWorld] INFO: Agent <rule_based_agent_1> stayed within acceptable think time.
2026-09-21 19:38:25,616 [BombeRLeWorld] INFO: STARTING STEP 231
2026-09-21 19:38:25,620 [BombeRLeWorld] INFO: Agent <final_code> chose action LEFT in 0.00s.
2026-09-21 19:38:25,620 [BombeRLeWorld] INFO: Agent <final_code> stayed within acceptable think time.
2026-09-21 19:38:25,620 [BombeRLeWorld] INFO: Agent <rule_based_agent_1> chose action WAIT in 0.00s.
2026-09-21 19:38:25,620 [BombeRLeWorld] INFO: Agent <rule_based_agent_1> stayed within acceptable think time.
2026-09-21 19:38:25,716 [BombeRLeWorld] INFO: STARTING STEP 232
2026-09-21 19:38:25,720 [BombeRLeWorld] INFO: Agent <final_code> chose action LEFT in 0.00s.
2026-09-21 19:38:25,720 [BombeRLeWorld] INFO: Agent <final_code> stayed within acceptable think time.
2026-09-21 19:38:25,720 [BombeRLeWorld] INFO: Agent <rule_based_agent_1> chose action LEFT in 0.00s.
2026-09-21 19:38:25,720 [BombeRLeWorld] INFO: Agent <rule_based_agent_1> stayed within acceptable think time.
2026-09-21 19:38:25,816 [BombeRLeWorld] INFO: STARTING STEP 233
2026-09-21 19:38:25,821 [BombeRLeWorld] INFO: Agent <rule_based_agent_1> chose action LEFT in 0.00s.
2026-09-21 19:38:25,821 [BombeRLeWorld] INFO: Agent <rule_based_agent_1> stayed within acceptable think time.
2026-09-21 19:38:25,821 [BombeRLeWorld] INFO: Agent <final_code> chose action UP in 0.00s.
2026-09-21 19:38:25,821 [BombeRLeWorld] INFO: Agent <final_code> stayed within acceptable think time.
2026-09-21 19:38:25,916 [BombeRLeWorld] INFO: STARTING STEP 234
2026-09-21 19:38:25,920 [BombeRLeWorld] INFO: Agent <final_code> chose action UP in 0.00s.
2026-09-21 19:38:25,920 [BombeRLeWorld] INFO: Agent <final_code> stayed within acceptable think time.
2026-09-21 19:38:25,920 [BombeRLeWorld] INFO: Agent <rule_based_agent_1> chose action LEFT in 0.00s.
2026-09-21 19:38:25,920 [BombeRLeWorld] INFO: Agent <rule_based_agent_1> stayed within acceptable think time.
2026-09-21 19:38:25,920 [BombeRLeWorld] INFO: Agent <final_code>'s bomb at (np.int64(7), np.int64(7)) explodes
2026-09-21 19:38:26,016 [BombeRLeWorld] INFO: STARTING STEP 235
2026-09-21 19:38:26,022 [BombeRLeWorld] INFO: Agent <final_code> chose action UP in 0.00s.
2026-09-21 19:38:26,022 [BombeRLeWorld] INFO: Agent <final_code> stayed within acceptable think time.
2026-09-21 19:38:26,022 [BombeRLeWorld] INFO: Agent <rule_based_agent_1> chose action LEFT in 0.00s.
2026-09-21 19:38:26,022 [BombeRLeWorld] INFO: Agent <rule_based_agent_1> stayed within acceptable think time.
2026-09-21 19:38:26,116 [BombeRLeWorld] INFO: STARTING STEP 236
2026-09-21 19:38:26,120 [BombeRLeWorld] INFO: Agent <rule_based_agent_1> chose action LEFT in 0.00s.
2026-09-21 19:38:26,120 [BombeRLeWorld] INFO: Agent <rule_based_agent_1> stayed within acceptable think time.
2026-09-21 19:38:26,120 [BombeRLeWorld] INFO: Agent <final_code> chose action UP in 0.00s.
2026-09-21 19:38:26,120 [BombeRLeWorld] INFO: Agent <final_code> stayed within acceptable think time.
2026-09-21 19:38:26,217 [BombeRLeWorld] INFO: STARTING STEP 237
2026-09-21 19:38:26,222 [BombeRLeWorld] INFO: Agent <rule_based_agent_1> chose action LEFT in 0.00s.
2026-09-21 19:38:26,222 [BombeRLeWorld] INFO: Agent <rule_based_agent_1> stayed within acceptable think time.
2026-09-21 19:38:26,222 [BombeRLeWorld] INFO: Agent <final_code> chose action BOMB in 0.00s.
2026-09-21 19:38:26,222 [BombeRLeWorld] INFO: Agent <final_code> stayed within acceptable think time.
2026-09-21 19:38:26,222 [BombeRLeWorld] INFO: Agent <final_code> drops bomb at (np.int64(5), np.int64(3))
2026-09-21 19:38:26,317 [BombeRLeWorld] INFO: STARTING STEP 238
2026-09-21 19:38:26,321 [BombeRLeWorld] INFO: Agent <rule_based_agent_1> chose action WAIT in 0.00s.
2026-09-21 19:38:26,321 [BombeRLeWorld] INFO: Agent <rule_based_agent_1> stayed within acceptable think time.
2026-09-21 19:38:26,321 [BombeRLeWorld] INFO: Agent <final_code> chose action UP in 0.00s.
2026-09-21 19:38:26,321 [BombeRLeWorld] INFO: Agent <final_code> stayed within acceptable think time.
2026-09-21 19:38:26,416 [BombeRLeWorld] INFO: STARTING STEP 239
2026-09-21 19:38:26,420 [BombeRLeWorld] INFO: Agent <rule_based_agent_1> chose action LEFT in 0.00s.
2026-09-21 19:38:26,420 [BombeRLeWorld] INFO: Agent <rule_based_agent_1> stayed within acceptable think time.
2026-09-21 19:38:26,420 [BombeRLeWorld] INFO: Agent <final_code> chose action UP in 0.00s.
2026-09-21 19:38:26,420 [BombeRLeWorld] INFO: Agent <final_code> stayed within acceptable think time.
2026-09-21 19:38:26,517 [BombeRLeWorld] INFO: STARTING STEP 240
2026-09-21 19:38:26,521 [BombeRLeWorld] INFO: Agent <final_code> chose action LEFT in 0.00s.
2026-09-21 19:38:26,521 [BombeRLeWorld] INFO: Agent <final_code> stayed within acceptable think time.
2026-09-21 19:38:26,521 [BombeRLeWorld] INFO: Agent <rule_based_agent_1> chose action LEFT in 0.00s.
2026-09-21 19:38:26,521 [BombeRLeWorld] INFO: Agent <rule_based_agent_1> stayed within acceptable think time.
2026-09-21 19:38:26,617 [BombeRLeWorld] INFO: STARTING STEP 241
2026-09-21 19:38:26,620 [BombeRLeWorld] INFO: Agent <rule_based_agent_1> chose action RIGHT in 0.00s.
2026-09-21 19:38:26,620 [BombeRLeWorld] INFO: Agent <rule_based_agent_1> stayed within acceptable think time.
2026-09-21 19:38:26,620 [BombeRLeWorld] INFO: Agent <final_code> chose action LEFT in 0.00s.
2026-09-21 19:38:26,620 [BombeRLeWorld] INFO: Agent <final_code> stayed within acceptable think time.
2026-09-21 19:38:26,620 [BombeRLeWorld] INFO: Agent <final_code>'s bomb at (np.int64(5), np.int64(3)) explodes
2026-09-21 19:38:26,717 [BombeRLeWorld] INFO: STARTING STEP 242
2026-09-21 19:38:26,722 [BombeRLeWorld] INFO: Agent <final_code> chose action LEFT in 0.00s.
2026-09-21 19:38:26,722 [BombeRLeWorld] INFO: Agent <final_code> stayed within acceptable think time.
2026-09-21 19:38:26,722 [BombeRLeWorld] INFO: Agent <rule_based_agent_1> chose action RIGHT in 0.00s.
2026-09-21 19:38:26,722 [BombeRLeWorld] INFO: Agent <rule_based_agent_1> stayed within acceptable think time.
2026-09-21 19:38:26,817 [BombeRLeWorld] INFO: STARTING STEP 243
2026-09-21 19:38:26,821 [BombeRLeWorld] INFO: Agent <rule_based_agent_1> chose action UP in 0.00s.
2026-09-21 19:38:26,821 [BombeRLeWorld] INFO: Agent <rule_based_agent_1> stayed within acceptable think time.
2026-09-21 19:38:26,821 [BombeRLeWorld] INFO: Agent <final_code> chose action LEFT in 0.00s.
2026-09-21 19:38:26,821 [BombeRLeWorld] INFO: Agent <final_code> stayed within acceptable think time.
2026-09-21 19:38:26,917 [BombeRLeWorld] INFO: STARTING STEP 244
2026-09-21 19:38:26,921 [BombeRLeWorld] INFO: Agent <rule_based_agent_1> chose action UP in 0.00s.
2026-09-21 19:38:26,921 [BombeRLeWorld] INFO: Agent <rule_based_agent_1> stayed within acceptable think time.
2026-09-21 19:38:26,921 [BombeRLeWorld] INFO: Agent <final_code> chose action BOMB in 0.00s.
2026-09-21 19:38:26,921 [BombeRLeWorld] INFO: Agent <final_code> stayed within acceptable think time.
2026-09-21 19:38:26,921 [BombeRLeWorld] INFO: Agent <final_code> drops bomb at (np.int64(1), np.int64(1))
2026-09-21 19:38:27,017 [BombeRLeWorld] INFO: STARTING STEP 245
2026-09-21 19:38:27,020 [BombeRLeWorld] INFO: Agent <final_code> chose action DOWN in 0.00s.
2026-09-21 19:38:27,020 [BombeRLeWorld] INFO: Agent <final_code> stayed within acceptable think time.
2026-09-21 19:38:27,020 [BombeRLeWorld] INFO: Agent <rule_based_agent_1> chose action WAIT in 0.00s.
2026-09-21 19:38:27,020 [BombeRLeWorld] INFO: Agent <rule_based_agent_1> stayed within acceptable think time.
2026-09-21 19:38:27,117 [BombeRLeWorld] INFO: STARTING STEP 246
2026-09-21 19:38:27,121 [BombeRLeWorld] INFO: Agent <final_code> chose action DOWN in 0.00s.
2026-09-21 19:38:27,121 [BombeRLeWorld] INFO: Agent <final_code> stayed within acceptable think time.
2026-09-21 19:38:27,121 [BombeRLeWorld] INFO: Agent <rule_based_agent_1> chose action LEFT in 0.00s.
2026-09-21 19:38:27,121 [BombeRLeWorld] INFO: Agent <rule_based_agent_1> stayed within acceptable think time.
2026-09-21 19:38:27,217 [BombeRLeWorld] INFO: STARTING STEP 247
2026-09-21 19:38:27,221 [BombeRLeWorld] INFO: Agent <final_code> chose action RIGHT in 0.00s.
2026-09-21 19:38:27,221 [BombeRLeWorld] INFO: Agent <final_code> stayed within acceptable think time.
2026-09-21 19:38:27,221 [BombeRLeWorld] INFO: Agent <rule_based_agent_1> chose action LEFT in 0.00s.
2026-09-21 19:38:27,221 [BombeRLeWorld] INFO: Agent <rule_based_agent_1> stayed within acceptable think time.
2026-09-21 19:38:27,317 [BombeRLeWorld] INFO: STARTING STEP 248
2026-09-21 19:38:27,321 [BombeRLeWorld] INFO: Agent <final_code> chose action RIGHT in 0.00s.
2026-09-21 19:38:27,321 [BombeRLeWorld] INFO: Agent <final_code> stayed within acceptable think time.
2026-09-21 19:38:27,321 [BombeRLeWorld] INFO: Agent <rule_based_agent_1> chose action LEFT in 0.00s.
2026-09-21 19:38:27,321 [BombeRLeWorld] INFO: Agent <rule_based_agent_1> stayed within acceptable think time.
2026-09-21 19:38:27,321 [BombeRLeWorld] INFO: Agent <final_code>'s bomb at (np.int64(1), np.int64(1)) explodes
2026-09-21 19:38:27,417 [BombeRLeWorld] INFO: STARTING STEP 249
2026-09-21 19:38:27,423 [BombeRLeWorld] INFO: Agent <rule_based_agent_1> chose action BOMB in 0.00s.
2026-09-21 19:38:27,423 [BombeRLeWorld] INFO: Agent <rule_based_agent_1> stayed within acceptable think time.
2026-09-21 19:38:27,423 [BombeRLeWorld] INFO: Agent <rule_based_agent_1> drops bomb at (np.int64(4), np.int64(3))
2026-09-21 19:38:27,423 [BombeRLeWorld] INFO: Agent <final_code> chose action UP in 0.01s.
2026-09-21 19:38:27,423 [BombeRLeWorld] INFO: Agent <final_code> stayed within acceptable think time.
2026-09-21 19:38:27,517 [BombeRLeWorld] INFO: STARTING STEP 250
2026-09-21 19:38:27,520 [BombeRLeWorld] INFO: Agent <rule_based_agent_1> chose action RIGHT in 0.00s.
2026-09-21 19:38:27,520 [BombeRLeWorld] INFO: Agent <rule_based_agent_1> stayed within acceptable think time.
2026-09-21 19:38:27,520 [BombeRLeWorld] INFO: Agent <final_code> chose action UP in 0.00s.
2026-09-21 19:38:27,520 [BombeRLeWorld] INFO: Agent <final_code> stayed within acceptable think time.
2026-09-21 19:38:27,617 [BombeRLeWorld] INFO: STARTING STEP 251
2026-09-21 19:38:27,622 [BombeRLeWorld] INFO: Agent <final_code> chose action BOMB in 0.00s.
2026-09-21 19:38:27,622 [BombeRLeWorld] INFO: Agent <final_code> stayed within acceptable think time.
2026-09-21 19:38:27,622 [BombeRLeWorld] INFO: Agent <final_code> drops bomb at (np.int64(3), np.int64(1))
2026-09-21 19:38:27,622 [BombeRLeWorld] INFO: Agent <rule_based_agent_1> chose action DOWN in 0.00s.
2026-09-21 19:38:27,622 [BombeRLeWorld] INFO: Agent <rule_based_agent_1> stayed within acceptable think time.
2026-09-21 19:38:27,717 [BombeRLeWorld] INFO: STARTING STEP 252
2026-09-21 19:38:27,721 [BombeRLeWorld] INFO: Agent <final_code> chose action LEFT in 0.00s.
2026-09-21 19:38:27,721 [BombeRLeWorld] INFO: Agent <final_code> stayed within acceptable think time.
2026-09-21 19:38:27,721 [BombeRLeWorld] INFO: Agent <rule_based_agent_1> chose action WAIT in 0.00s.
2026-09-21 19:38:27,721 [BombeRLeWorld] INFO: Agent <rule_based_agent_1> stayed within acceptable think time.
2026-09-21 19:38:27,817 [BombeRLeWorld] INFO: STARTING STEP 253
2026-09-21 19:38:27,821 [BombeRLeWorld] INFO: Agent <rule_based_agent_1> chose action DOWN in 0.00s.
2026-09-21 19:38:27,821 [BombeRLeWorld] INFO: Agent <rule_based_agent_1> stayed within acceptable think time.
2026-09-21 19:38:27,821 [BombeRLeWorld] INFO: Agent <final_code> chose action LEFT in 0.00s.
2026-09-21 19:38:27,821 [BombeRLeWorld] INFO: Agent <final_code> stayed within acceptable think time.
2026-09-21 19:38:27,821 [BombeRLeWorld] INFO: Agent <rule_based_agent_1>'s bomb at (np.int64(4), np.int64(3)) explodes
2026-09-21 19:38:27,918 [BombeRLeWorld] INFO: STARTING STEP 254
2026-09-21 19:38:27,922 [BombeRLeWorld] INFO: Agent <final_code> chose action DOWN in 0.00s.
2026-09-21 19:38:27,922 [BombeRLeWorld] INFO: Agent <final_code> stayed within acceptable think time.
2026-09-21 19:38:27,922 [BombeRLeWorld] INFO: Agent <rule_based_agent_1> chose action UP in 0.00s.
2026-09-21 19:38:27,922 [BombeRLeWorld] INFO: Agent <rule_based_agent_1> stayed within acceptable think time.
2026-09-21 19:38:28,018 [BombeRLeWorld] INFO: STARTING STEP 255
2026-09-21 19:38:28,021 [BombeRLeWorld] INFO: Agent <rule_based_agent_1> chose action UP in 0.00s.
2026-09-21 19:38:28,021 [BombeRLeWorld] INFO: Agent <rule_based_agent_1> stayed within acceptable think time.
2026-09-21 19:38:28,021 [BombeRLeWorld] INFO: Agent <final_code> chose action DOWN in 0.00s.
2026-09-21 19:38:28,021 [BombeRLeWorld] INFO: Agent <final_code> stayed within acceptable think time.
2026-09-21 19:38:28,021 [BombeRLeWorld] INFO: Agent <final_code>'s bomb at (np.int64(3), np.int64(1)) explodes
2026-09-21 19:38:28,118 [BombeRLeWorld] INFO: STARTING STEP 256
2026-09-21 19:38:28,123 [BombeRLeWorld] INFO: Agent <rule_based_agent_1> chose action LEFT in 0.00s.
2026-09-21 19:38:28,123 [BombeRLeWorld] INFO: Agent <rule_based_agent_1> stayed within acceptable think time.
2026-09-21 19:38:28,123 [BombeRLeWorld] INFO: Agent <final_code> chose action DOWN in 0.00s.
2026-09-21 19:38:28,123 [BombeRLeWorld] INFO: Agent <final_code> stayed within acceptable think time.
2026-09-21 19:38:28,218 [BombeRLeWorld] INFO: STARTING STEP 257
2026-09-21 19:38:28,222 [BombeRLeWorld] INFO: Agent <final_code> chose action DOWN in 0.00s.
2026-09-21 19:38:28,222 [BombeRLeWorld] INFO: Agent <final_code> stayed within acceptable think time.
2026-09-21 19:38:28,222 [BombeRLeWorld] INFO: Agent <rule_based_agent_1> chose action LEFT in 0.00s.
2026-09-21 19:38:28,222 [BombeRLeWorld] INFO: Agent <rule_based_agent_1> stayed within acceptable think time.
2026-09-21 19:38:28,318 [BombeRLeWorld] INFO: STARTING STEP 258
2026-09-21 19:38:28,322 [BombeRLeWorld] INFO: Agent <rule_based_agent_1> chose action LEFT in 0.00s.
2026-09-21 19:38:28,322 [BombeRLeWorld] INFO: Agent <rule_based_agent_1> stayed within acceptable think time.
2026-09-21 19:38:28,322 [BombeRLeWorld] INFO: Agent <final_code> chose action BOMB in 0.00s.
2026-09-21 19:38:28,322 [BombeRLeWorld] INFO: Agent <final_code> stayed within acceptable think time.
2026-09-21 19:38:28,322 [BombeRLeWorld] INFO: Agent <final_code> drops bomb at (np.int64(1), np.int64(5))
2026-09-21 19:38:28,418 [BombeRLeWorld] INFO: STARTING STEP 259
2026-09-21 19:38:28,421 [BombeRLeWorld] INFO: Agent <final_code> chose action DOWN in 0.00s.
2026-09-21 19:38:28,421 [BombeRLeWorld] INFO: Agent <final_code> stayed within acceptable think time.
2026-09-21 19:38:28,422 [BombeRLeWorld] INFO: Agent <rule_based_agent_1> chose action WAIT in 0.00s.
2026-09-21 19:38:28,422 [BombeRLeWorld] INFO: Agent <rule_based_agent_1> stayed within acceptable think time.
2026-09-21 19:38:28,518 [BombeRLeWorld] INFO: STARTING STEP 260
2026-09-21 19:38:28,521 [BombeRLeWorld] INFO: Agent <final_code> chose action DOWN in 0.00s.
2026-09-21 19:38:28,521 [BombeRLeWorld] INFO: Agent <final_code> stayed within acceptable think time.
2026-09-21 19:38:28,521 [BombeRLeWorld] INFO: Agent <rule_based_agent_1> chose action LEFT in 0.00s.
2026-09-21 19:38:28,521 [BombeRLeWorld] INFO: Agent <rule_based_agent_1> stayed within acceptable think time.
2026-09-21 19:38:28,618 [BombeRLeWorld] INFO: STARTING STEP 261
2026-09-21 19:38:28,622 [BombeRLeWorld] INFO: Agent <rule_based_agent_1> chose action RIGHT in 0.00s.
2026-09-21 19:38:28,622 [BombeRLeWorld] INFO: Agent <rule_based_agent_1> stayed within acceptable think time.
2026-09-21 19:38:28,622 [BombeRLeWorld] INFO: Agent <final_code> chose action RIGHT in 0.00s.
2026-09-21 19:38:28,622 [BombeRLeWorld] INFO: Agent <final_code> stayed within acceptable think time.
2026-09-21 19:38:28,718 [BombeRLeWorld] INFO: STARTING STEP 262
2026-09-21 19:38:28,721 [BombeRLeWorld] INFO: Agent <rule_based_agent_1> chose action RIGHT in 0.00s.
2026-09-21 19:38:28,721 [BombeRLeWorld] INFO: Agent <rule_based_agent_1> stayed within acceptable think time.
2026-09-21 19:38:28,721 [BombeRLeWorld] INFO: Agent <final_code> chose action RIGHT in 0.00s.
2026-09-21 19:38:28,721 [BombeRLeWorld] INFO: Agent <final_code> stayed within acceptable think time.
2026-09-21 19:38:28,721 [BombeRLeWorld] INFO: Agent <final_code>'s bomb at (np.int64(1), np.int64(5)) explodes
2026-09-21 19:38:28,818 [BombeRLeWorld] INFO: STARTING STEP 263
2026-09-21 19:38:28,824 [BombeRLeWorld] INFO: Agent <rule_based_agent_1> chose action DOWN in 0.00s.
2026-09-21 19:38:28,824 [BombeRLeWorld] INFO: Agent <rule_based_agent_1> stayed within acceptable think time.
2026-09-21 19:38:28,824 [BombeRLeWorld] INFO: Agent <final_code> chose action RIGHT in 0.00s.
2026-09-21 19:38:28,824 [BombeRLeWorld] INFO: Agent <final_code> stayed within acceptable think time.
2026-09-21 19:38:28,918 [BombeRLeWorld] INFO: STARTING STEP 264
2026-09-21 19:38:28,922 [BombeRLeWorld] INFO: Agent <rule_based_agent_1> chose action DOWN in 0.00s.
2026-09-21 19:38:28,922 [BombeRLeWorld] INFO: Agent <rule_based_agent_1> stayed within acceptable think time.
2026-09-21 19:38:28,922 [BombeRLeWorld] INFO: Agent <final_code> chose action RIGHT in 0.00s.
2026-09-21 19:38:28,922 [BombeRLeWorld] INFO: Agent <final_code> stayed within acceptable think time.
2026-09-21 19:38:29,018 [BombeRLeWorld] INFO: STARTING STEP 265
2026-09-21 19:38:29,024 [BombeRLeWorld] INFO: Agent <final_code> chose action BOMB in 0.01s.
2026-09-21 19:38:29,024 [BombeRLeWorld] INFO: Agent <final_code> stayed within acceptable think time.
2026-09-21 19:38:29,024 [BombeRLeWorld] INFO: Agent <final_code> drops bomb at (np.int64(5), np.int64(7))
2026-09-21 19:38:29,024 [BombeRLeWorld] INFO: Agent <rule_based_agent_1> chose action RIGHT in 0.00s.
2026-09-21 19:38:29,024 [BombeRLeWorld] INFO: Agent <rule_based_agent_1> stayed within acceptable think time.
2026-09-21 19:38:29,118 [BombeRLeWorld] INFO: STARTING STEP 266
2026-09-21 19:38:29,123 [BombeRLeWorld] INFO: Agent <rule_based_agent_1> chose action WAIT in 0.00s.
2026-09-21 19:38:29,123 [BombeRLeWorld] INFO: Agent <rule_based_agent_1> stayed within acceptable think time.
2026-09-21 19:38:29,123 [BombeRLeWorld] INFO: Agent <final_code> chose action DOWN in 0.00s.
2026-09-21 19:38:29,123 [BombeRLeWorld] INFO: Agent <final_code> stayed within acceptable think time.
2026-09-21 19:38:29,218 [BombeRLeWorld] INFO: STARTING STEP 267
2026-09-21 19:38:29,222 [BombeRLeWorld] INFO: Agent <rule_based_agent_1> chose action RIGHT in 0.00s.
2026-09-21 19:38:29,222 [BombeRLeWorld] INFO: Agent <rule_based_agent_1> stayed within acceptable think time.
2026-09-21 19:38:29,222 [BombeRLeWorld] INFO: Agent <final_code> chose action DOWN in 0.00s.
2026-09-21 19:38:29,222 [BombeRLeWorld] INFO: Agent <final_code> stayed within acceptable think time.
2026-09-21 19:38:29,318 [BombeRLeWorld] INFO: STARTING STEP 268
2026-09-21 19:38:29,323 [BombeRLeWorld] INFO: Agent <final_code> chose action LEFT in 0.00s.
2026-09-21 19:38:29,323 [BombeRLeWorld] INFO: Agent <final_code> stayed within acceptable think time.
2026-09-21 19:38:29,323 [BombeRLeWorld] INFO: Agent <rule_based_agent_1> chose action RIGHT in 0.00s.
2026-09-21 19:38:29,323 [BombeRLeWorld] INFO: Agent <rule_based_agent_1> stayed within acceptable think time.
2026-09-21 19:38:29,419 [BombeRLeWorld] INFO: STARTING STEP 269
2026-09-21 19:38:29,423 [BombeRLeWorld] INFO: Agent <final_code> chose action LEFT in 0.00s.
2026-09-21 19:38:29,423 [BombeRLeWorld] INFO: Agent <final_code> stayed within acceptable think time.
2026-09-21 19:38:29,423 [BombeRLeWorld] INFO: Agent <rule_based_agent_1> chose action RIGHT in 0.00s.
2026-09-21 19:38:29,423 [BombeRLeWorld] INFO: Agent <rule_based_agent_1> stayed within acceptable think time.
2026-09-21 19:38:29,423 [BombeRLeWorld] INFO: Agent <final_code>'s bomb at (np.int64(5), np.int64(7)) explodes
2026-09-21 19:38:29,519 [BombeRLeWorld] INFO: STARTING STEP 270
2026-09-21 19:38:29,525 [BombeRLeWorld] INFO: Agent <final_code> chose action LEFT in 0.01s.
2026-09-21 19:38:29,525 [BombeRLeWorld] INFO: Agent <final_code> stayed within acceptable think time.
2026-09-21 19:38:29,525 [BombeRLeWorld] INFO: Agent <rule_based_agent_1> chose action DOWN in 0.00s.
2026-09-21 19:38:29,525 [BombeRLeWorld] INFO: Agent <rule_based_agent_1> stayed within acceptable think time.
2026-09-21 19:38:29,619 [BombeRLeWorld] INFO: STARTING STEP 271
2026-09-21 19:38:29,624 [BombeRLeWorld] INFO: Agent <final_code> chose action LEFT in 0.00s.
2026-09-21 19:38:29,624 [BombeRLeWorld] INFO: Agent <final_code> stayed within acceptable think time.
2026-09-21 19:38:29,624 [BombeRLeWorld] INFO: Agent <rule_based_agent_1> chose action DOWN in 0.00s.
2026-09-21 19:38:29,624 [BombeRLeWorld] INFO: Agent <rule_based_agent_1> stayed within acceptable think time.
2026-09-21 19:38:29,719 [BombeRLeWorld] INFO: STARTING STEP 272
2026-09-21 19:38:29,725 [BombeRLeWorld] INFO: Agent <final_code> chose action BOMB in 0.00s.
2026-09-21 19:38:29,725 [BombeRLeWorld] INFO: Agent <final_code> stayed within acceptable think time.
2026-09-21 19:38:29,725 [BombeRLeWorld] INFO: Agent <final_code> drops bomb at (np.int64(1), np.int64(9))
2026-09-21 19:38:29,725 [BombeRLeWorld] INFO: Agent <rule_based_agent_1> chose action DOWN in 0.00s.
2026-09-21 19:38:29,725 [BombeRLeWorld] INFO: Agent <rule_based_agent_1> stayed within acceptable think time.
2026-09-21 19:38:29,819 [BombeRLeWorld] INFO: STARTING STEP 273
2026-09-21 19:38:29,823 [BombeRLeWorld] INFO: Agent <final_code> chose action DOWN in 0.00s.
2026-09-21 19:38:29,823 [BombeRLeWorld] INFO: Agent <final_code> stayed within acceptable think time.
2026-09-21 19:38:29,823 [BombeRLeWorld] INFO: Agent <rule_based_agent_1> chose action WAIT in 0.00s.
2026-09-21 19:38:29,823 [BombeRLeWorld] INFO: Agent <rule_based_agent_1> stayed within acceptable think time.
2026-09-21 19:38:29,919 [BombeRLeWorld] INFO: STARTING STEP 274
2026-09-21 19:38:29,922 [BombeRLeWorld] INFO: Agent <rule_based_agent_1> chose action DOWN in 0.00s.
2026-09-21 19:38:29,923 [BombeRLeWorld] INFO: Agent <rule_based_agent_1> stayed within acceptable think time.
2026-09-21 19:38:29,923 [BombeRLeWorld] INFO: Agent <final_code> chose action DOWN in 0.00s.
2026-09-21 19:38:29,923 [BombeRLeWorld] INFO: Agent <final_code> stayed within acceptable think time.
2026-09-21 19:38:30,019 [BombeRLeWorld] INFO: STARTING STEP 275
2026-09-21 19:38:30,023 [BombeRLeWorld] INFO: Agent <final_code> chose action RIGHT in 0.00s.
2026-09-21 19:38:30,023 [BombeRLeWorld] INFO: Agent <final_code> stayed within acceptable think time.
2026-09-21 19:38:30,023 [BombeRLeWorld] INFO: Agent <rule_based_agent_1> chose action DOWN in 0.00s.
2026-09-21 19:38:30,023 [BombeRLeWorld] INFO: Agent <rule_based_agent_1> stayed within acceptable think time.
2026-09-21 19:38:30,119 [BombeRLeWorld] INFO: STARTING STEP 276
2026-09-21 19:38:30,122 [BombeRLeWorld] INFO: Agent <final_code> chose action RIGHT in 0.00s.
2026-09-21 19:38:30,122 [BombeRLeWorld] INFO: Agent <final_code> stayed within acceptable think time.
2026-09-21 19:38:30,122 [BombeRLeWorld] INFO: Agent <rule_based_agent_1> chose action DOWN in 0.00s.
2026-09-21 19:38:30,122 [BombeRLeWorld] INFO: Agent <rule_based_agent_1> stayed within acceptable think time.
2026-09-21 19:38:30,122 [BombeRLeWorld] INFO: Agent <final_code>'s bomb at (np.int64(1), np.int64(9)) explodes
2026-09-21 19:38:30,219 [BombeRLeWorld] INFO: STARTING STEP 277
2026-09-21 19:38:30,225 [BombeRLeWorld] INFO: Agent <final_code> chose action UP in 0.00s.
2026-09-21 19:38:30,225 [BombeRLeWorld] INFO: Agent <final_code> stayed within acceptable think time.
2026-09-21 19:38:30,225 [BombeRLeWorld] INFO: Agent <rule_based_agent_1> chose action LEFT in 0.00s.
2026-09-21 19:38:30,225 [BombeRLeWorld] INFO: Agent <rule_based_agent_1> stayed within acceptable think time.
2026-09-21 19:38:30,319 [BombeRLeWorld] INFO: STARTING STEP 278
2026-09-21 19:38:30,324 [BombeRLeWorld] INFO: Agent <rule_based_agent_1> chose action LEFT in 0.00s.
2026-09-21 19:38:30,324 [BombeRLeWorld] INFO: Agent <rule_based_agent_1> stayed within acceptable think time.
2026-09-21 19:38:30,324 [BombeRLeWorld] INFO: Agent <final_code> chose action UP in 0.00s.
2026-09-21 19:38:30,324 [BombeRLeWorld] INFO: Agent <final_code> stayed within acceptable think time.
2026-09-21 19:38:30,419 [BombeRLeWorld] INFO: STARTING STEP 279
2026-09-21 19:38:30,425 [BombeRLeWorld] INFO: Agent <final_code> chose action BOMB in 0.00s.
2026-09-21 19:38:30,425 [BombeRLeWorld] INFO: Agent <final_code> stayed within acceptable think time.
2026-09-21 19:38:30,425 [BombeRLeWorld] INFO: Agent <final_code> drops bomb at (np.int64(3), np.int64(9))
2026-09-21 19:38:30,425 [BombeRLeWorld] INFO: Agent <rule_based_agent_1> chose action UP in 0.00s.
2026-09-21 19:38:30,425 [BombeRLeWorld] INFO: Agent <rule_based_agent_1> stayed within acceptable think time.
2026-09-21 19:38:30,519 [BombeRLeWorld] INFO: STARTING STEP 280
2026-09-21 19:38:30,524 [BombeRLeWorld] INFO: Agent <final_code> chose action UP in 0.00s.
2026-09-21 19:38:30,524 [BombeRLeWorld] INFO: Agent <final_code> stayed within acceptable think time.
2026-09-21 19:38:30,524 [BombeRLeWorld] INFO: Agent <rule_based_agent_1> chose action WAIT in 0.00s.
2026-09-21 19:38:30,524 [BombeRLeWorld] INFO: Agent <rule_based_agent_1> stayed within acceptable think time.
2026-09-21 19:38:30,619 [BombeRLeWorld] INFO: STARTING STEP 281
2026-09-21 19:38:30,623 [BombeRLeWorld] INFO: Agent <final_code> chose action UP in 0.00s.
2026-09-21 19:38:30,623 [BombeRLeWorld] INFO: Agent <final_code> stayed within acceptable think time.
2026-09-21 19:38:30,623 [BombeRLeWorld] INFO: Agent <rule_based_agent_1> chose action UP in 0.00s.
2026-09-21 19:38:30,623 [BombeRLeWorld] INFO: Agent <rule_based_agent_1> stayed within acceptable think time.
2026-09-21 19:38:30,719 [BombeRLeWorld] INFO: STARTING STEP 282
2026-09-21 19:38:30,725 [BombeRLeWorld] INFO: Agent <final_code> chose action LEFT in 0.00s.
2026-09-21 19:38:30,725 [BombeRLeWorld] INFO: Agent <final_code> stayed within acceptable think time.
2026-09-21 19:38:30,725 [BombeRLeWorld] INFO: Agent <rule_based_agent_1> chose action DOWN in 0.00s.
2026-09-21 19:38:30,725 [BombeRLeWorld] INFO: Agent <rule_based_agent_1> stayed within acceptable think time.
2026-09-21 19:38:30,819 [BombeRLeWorld] INFO: STARTING STEP 283
2026-09-21 19:38:30,823 [BombeRLeWorld] INFO: Agent <rule_based_agent_1> chose action DOWN in 0.00s.
2026-09-21 19:38:30,823 [BombeRLeWorld] INFO: Agent <rule_based_agent_1> stayed within acceptable think time.
2026-09-21 19:38:30,823 [BombeRLeWorld] INFO: Agent <final_code> chose action LEFT in 0.00s.
2026-09-21 19:38:30,823 [BombeRLeWorld] INFO: Agent <final_code> stayed within acceptable think time.
2026-09-21 19:38:30,823 [BombeRLeWorld] INFO: Agent <final_code>'s bomb at (np.int64(3), np.int64(9)) explodes
2026-09-21 19:38:30,920 [BombeRLeWorld] INFO: STARTING STEP 284
2026-09-21 19:38:30,925 [BombeRLeWorld] INFO: Agent <final_code> chose action UP in 0.00s.
2026-09-21 19:38:30,925 [BombeRLeWorld] INFO: Agent <final_code> stayed within acceptable think time.
2026-09-21 19:38:30,925 [BombeRLeWorld] INFO: Agent <rule_based_agent_1> chose action UP in 0.00s.
2026-09-21 19:38:30,925 [BombeRLeWorld] INFO: Agent <rule_based_agent_1> stayed within acceptable think time.
2026-09-21 19:38:31,020 [BombeRLeWorld] INFO: STARTING STEP 285
2026-09-21 19:38:31,025 [BombeRLeWorld] INFO: Agent <rule_based_agent_1> chose action UP in 0.00s.
2026-09-21 19:38:31,025 [BombeRLeWorld] INFO: Agent <rule_based_agent_1> stayed within acceptable think time.
2026-09-21 19:38:31,025 [BombeRLeWorld] INFO: Agent <final_code> chose action UP in 0.00s.
2026-09-21 19:38:31,025 [BombeRLeWorld] INFO: Agent <final_code> stayed within acceptable think time.
2026-09-21 19:38:31,120 [BombeRLeWorld] INFO: STARTING STEP 286
2026-09-21 19:38:31,125 [BombeRLeWorld] INFO: Agent <final_code> chose action BOMB in 0.00s.
2026-09-21 19:38:31,125 [BombeRLeWorld] INFO: Agent <final_code> stayed within acceptable think time.
2026-09-21 19:38:31,125 [BombeRLeWorld] INFO: Agent <final_code> drops bomb at (np.int64(1), np.int64(5))
2026-09-21 19:38:31,125 [BombeRLeWorld] INFO: Agent <rule_based_agent_1> chose action UP in 0.00s.
2026-09-21 19:38:31,125 [BombeRLeWorld] INFO: Agent <rule_based_agent_1> stayed within acceptable think time.
2026-09-21 19:38:31,220 [BombeRLeWorld] INFO: STARTING STEP 287
2026-09-21 19:38:31,224 [BombeRLeWorld] INFO: Agent <final_code> chose action UP in 0.00s.
2026-09-21 19:38:31,224 [BombeRLeWorld] INFO: Agent <final_code> stayed within acceptable think time.
2026-09-21 19:38:31,224 [BombeRLeWorld] INFO: Agent <rule_based_agent_1> chose action WAIT in 0.00s.
2026-09-21 19:38:31,224 [BombeRLeWorld] INFO: Agent <rule_based_agent_1> stayed within acceptable think time.
2026-09-21 19:38:31,320 [BombeRLeWorld] INFO: STARTING STEP 288
2026-09-21 19:38:31,324 [BombeRLeWorld] INFO: Agent <final_code> chose action UP in 0.00s.
2026-09-21 19:38:31,324 [BombeRLeWorld] INFO: Agent <final_code> stayed within acceptable think time.
2026-09-21 19:38:31,324 [BombeRLeWorld] INFO: Agent <rule_based_agent_1> chose action UP in 0.00s.
2026-09-21 19:38:31,324 [BombeRLeWorld] INFO: Agent <rule_based_agent_1> stayed within acceptable think time.
2026-09-21 19:38:31,420 [BombeRLeWorld] INFO: STARTING STEP 289
2026-09-21 19:38:31,426 [BombeRLeWorld] INFO: Agent <rule_based_agent_1> chose action LEFT in 0.00s.
2026-09-21 19:38:31,426 [BombeRLeWorld] INFO: Agent <rule_based_agent_1> stayed within acceptable think time.
2026-09-21 19:38:31,426 [BombeRLeWorld] INFO: Agent <final_code> chose action RIGHT in 0.00s.
2026-09-21 19:38:31,426 [BombeRLeWorld] INFO: Agent <final_code> stayed within acceptable think time.
2026-09-21 19:38:31,520 [BombeRLeWorld] INFO: STARTING STEP 290
2026-09-21 19:38:31,524 [BombeRLeWorld] INFO: Agent <final_code> chose action RIGHT in 0.00s.
2026-09-21 19:38:31,524 [BombeRLeWorld] INFO: Agent <final_code> stayed within acceptable think time.
2026-09-21 19:38:31,524 [BombeRLeWorld] INFO: Agent <rule_based_agent_1> chose action LEFT in 0.00s.
2026-09-21 19:38:31,524 [BombeRLeWorld] INFO: Agent <rule_based_agent_1> stayed within acceptable think time.
2026-09-21 19:38:31,524 [BombeRLeWorld] INFO: Agent <final_code>'s bomb at (np.int64(1), np.int64(5)) explodes
2026-09-21 19:38:31,620 [BombeRLeWorld] INFO: STARTING STEP 291
2026-09-21 19:38:31,626 [BombeRLeWorld] INFO: Agent <rule_based_agent_1> chose action UP in 0.00s.
2026-09-21 19:38:31,626 [BombeRLeWorld] INFO: Agent <rule_based_agent_1> stayed within acceptable think time.
2026-09-21 19:38:31,626 [BombeRLeWorld] INFO: Agent <final_code> chose action UP in 0.01s.
2026-09-21 19:38:31,626 [BombeRLeWorld] INFO: Agent <final_code> stayed within acceptable think time.
2026-09-21 19:38:31,720 [BombeRLeWorld] INFO: STARTING STEP 292
2026-09-21 19:38:31,725 [BombeRLeWorld] INFO: Agent <rule_based_agent_1> chose action UP in 0.00s.
2026-09-21 19:38:31,725 [BombeRLeWorld] INFO: Agent <rule_based_agent_1> stayed within acceptable think time.
2026-09-21 19:38:31,725 [BombeRLeWorld] INFO: Agent <final_code> chose action UP in 0.00s.
2026-09-21 19:38:31,725 [BombeRLeWorld] INFO: Agent <final_code> stayed within acceptable think time.
2026-09-21 19:38:31,820 [BombeRLeWorld] INFO: STARTING STEP 293
2026-09-21 19:38:31,825 [BombeRLeWorld] INFO: Agent <rule_based_agent_1> chose action UP in 0.00s.
2026-09-21 19:38:31,825 [BombeRLeWorld] INFO: Agent <rule_based_agent_1> stayed within acceptable think time.
2026-09-21 19:38:31,825 [BombeRLeWorld] INFO: Agent <final_code> chose action BOMB in 0.00s.
2026-09-21 19:38:31,825 [BombeRLeWorld] INFO: Agent <final_code> stayed within acceptable think time.
2026-09-21 19:38:31,825 [BombeRLeWorld] INFO: Agent <final_code> drops bomb at (np.int64(3), np.int64(1))
2026-09-21 19:38:31,920 [BombeRLeWorld] INFO: STARTING STEP 294
2026-09-21 19:38:31,924 [BombeRLeWorld] INFO: Agent <final_code> chose action LEFT in 0.00s.
2026-09-21 19:38:31,924 [BombeRLeWorld] INFO: Agent <final_code> stayed within acceptable think time.
2026-09-21 19:38:31,924 [BombeRLeWorld] INFO: Agent <rule_based_agent_1> chose action DOWN in 0.00s.
2026-09-21 19:38:31,924 [BombeRLeWorld] INFO: Agent <rule_based_agent_1> stayed within acceptable think time.
2026-09-21 19:38:32,020 [BombeRLeWorld] INFO: STARTING STEP 295
2026-09-21 19:38:32,024 [BombeRLeWorld] INFO: Agent <rule_based_agent_1> chose action UP in 0.00s.
2026-09-21 19:38:32,024 [BombeRLeWorld] INFO: Agent <rule_based_agent_1> stayed within acceptable think time.
2026-09-21 19:38:32,024 [BombeRLeWorld] INFO: Agent <final_code> chose action LEFT in 0.00s.
2026-09-21 19:38:32,024 [BombeRLeWorld] INFO: Agent <final_code> stayed within acceptable think time.
2026-09-21 19:38:32,120 [BombeRLeWorld] INFO: STARTING STEP 296
2026-09-21 19:38:32,124 [BombeRLeWorld] INFO: Agent <rule_based_agent_1> chose action DOWN in 0.00s.
2026-09-21 19:38:32,124 [BombeRLeWorld] INFO: Agent <rule_based_agent_1> stayed within acceptable think time.
2026-09-21 19:38:32,124 [BombeRLeWorld] INFO: Agent <final_code> chose action DOWN in 0.00s.
2026-09-21 19:38:32,124 [BombeRLeWorld] INFO: Agent <final_code> stayed within acceptable think time.
2026-09-21 19:38:32,220 [BombeRLeWorld] INFO: STARTING STEP 297
2026-09-21 19:38:32,224 [BombeRLeWorld] INFO: Agent <rule_based_agent_1> chose action DOWN in 0.00s.
2026-09-21 19:38:32,224 [BombeRLeWorld] INFO: Agent <rule_based_agent_1> stayed within acceptable think time.
2026-09-21 19:38:32,224 [BombeRLeWorld] INFO: Agent <final_code> chose action DOWN in 0.00s.
2026-09-21 19:38:32,224 [BombeRLeWorld] INFO: Agent <final_code> stayed within acceptable think time.
2026-09-21 19:38:32,224 [BombeRLeWorld] INFO: Agent <final_code>'s bomb at (np.int64(3), np.int64(1)) explodes
2026-09-21 19:38:32,321 [BombeRLeWorld] INFO: STARTING STEP 298
2026-09-21 19:38:32,325 [BombeRLeWorld] INFO: Agent <rule_based_agent_1> chose action UP in 0.00s.
2026-09-21 19:38:32,325 [BombeRLeWorld] INFO: Agent <rule_based_agent_1> stayed within acceptable think time.
2026-09-21 19:38:32,325 [BombeRLeWorld] INFO: Agent <final_code> chose action RIGHT in 0.00s.
2026-09-21 19:38:32,325 [BombeRLeWorld] INFO: Agent <final_code> stayed within acceptable think time.
2026-09-21 19:38:32,421 [BombeRLeWorld] INFO: STARTING STEP 299
2026-09-21 19:38:32,426 [BombeRLeWorld] INFO: Agent <final_code> chose action RIGHT in 0.00s.
2026-09-21 19:38:32,426 [BombeRLeWorld] INFO: Agent <final_code> stayed within acceptable think time.
2026-09-21 19:38:32,426 [BombeRLeWorld] INFO: Agent <rule_based_agent_1> chose action UP in 0.00s.
2026-09-21 19:38:32,426 [BombeRLeWorld] INFO: Agent <rule_based_agent_1> stayed within acceptable think time.
2026-09-21 19:38:32,521 [BombeRLeWorld] INFO: STARTING STEP 300
2026-09-21 19:38:32,527 [BombeRLeWorld] INFO: Agent <rule_based_agent_1> chose action BOMB in 0.00s.
2026-09-21 19:38:32,527 [BombeRLeWorld] INFO: Agent <rule_based_agent_1> stayed within acceptable think time.
2026-09-21 19:38:32,527 [BombeRLeWorld] INFO: Agent <rule_based_agent_1> drops bomb at (np.int64(3), np.int64(4))
2026-09-21 19:38:32,527 [BombeRLeWorld] INFO: Agent <final_code> chose action BOMB in 0.00s.
2026-09-21 19:38:32,527 [BombeRLeWorld] INFO: Agent <final_code> stayed within acceptable think time.
2026-09-21 19:38:32,527 [BombeRLeWorld] INFO: Agent <final_code> drops bomb at (np.int64(3), np.int64(3))
2026-09-21 19:38:32,621 [BombeRLeWorld] INFO: STARTING STEP 301
2026-09-21 19:38:32,625 [BombeRLeWorld] INFO: Agent <final_code> chose action UP in 0.00s.
2026-09-21 19:38:32,625 [BombeRLeWorld] INFO: Agent <final_code> stayed within acceptable think time.
2026-09-21 19:38:32,625 [BombeRLeWorld] INFO: Agent <rule_based_agent_1> chose action DOWN in 0.00s.
2026-09-21 19:38:32,625 [BombeRLeWorld] INFO: Agent <rule_based_agent_1> stayed within acceptable think time.
2026-09-21 19:38:32,721 [BombeRLeWorld] INFO: STARTING STEP 302
2026-09-21 19:38:32,725 [BombeRLeWorld] INFO: Agent <final_code> chose action UP in 0.00s.
2026-09-21 19:38:32,725 [BombeRLeWorld] INFO: Agent <final_code> stayed within acceptable think time.
2026-09-21 19:38:32,725 [BombeRLeWorld] INFO: Agent <rule_based_agent_1> chose action RIGHT in 0.00s.
2026-09-21 19:38:32,725 [BombeRLeWorld] INFO: Agent <rule_based_agent_1> stayed within acceptable think time.
2026-09-21 19:38:32,821 [BombeRLeWorld] INFO: STARTING STEP 303
2026-09-21 19:38:32,826 [BombeRLeWorld] INFO: Agent <final_code> chose action LEFT in 0.00s.
2026-09-21 19:38:32,826 [BombeRLeWorld] INFO: Agent <final_code> stayed within acceptable think time.
2026-09-21 19:38:32,826 [BombeRLeWorld] INFO: Agent <rule_based_agent_1> chose action LEFT in 0.00s.
2026-09-21 19:38:32,826 [BombeRLeWorld] INFO: Agent <rule_based_agent_1> stayed within acceptable think time.
2026-09-21 19:38:32,921 [BombeRLeWorld] INFO: STARTING STEP 304
2026-09-21 19:38:32,925 [BombeRLeWorld] INFO: Agent <rule_based_agent_1> chose action RIGHT in 0.00s.
2026-09-21 19:38:32,925 [BombeRLeWorld] INFO: Agent <rule_based_agent_1> stayed within acceptable think time.
2026-09-21 19:38:32,925 [BombeRLeWorld] INFO: Agent <final_code> chose action LEFT in 0.00s.
2026-09-21 19:38:32,925 [BombeRLeWorld] INFO: Agent <final_code> stayed within acceptable think time.
2026-09-21 19:38:32,925 [BombeRLeWorld] INFO: Agent <rule_based_agent_1>'s bomb at (np.int64(3), np.int64(4)) explodes
2026-09-21 19:38:32,925 [BombeRLeWorld] INFO: Agent <final_code>'s bomb at (np.int64(3), np.int64(3)) explodes
2026-09-21 19:38:33,021 [BombeRLeWorld] INFO: STARTING STEP 305
2026-09-21 19:38:33,026 [BombeRLeWorld] INFO: Agent <final_code> chose action DOWN in 0.00s.
2026-09-21 19:38:33,026 [BombeRLeWorld] INFO: Agent <final_code> stayed within acceptable think time.
2026-09-21 19:38:33,026 [BombeRLeWorld] INFO: Agent <rule_based_agent_1> chose action RIGHT in 0.00s.
2026-09-21 19:38:33,026 [BombeRLeWorld] INFO: Agent <rule_based_agent_1> stayed within acceptable think time.
2026-09-21 19:38:33,121 [BombeRLeWorld] INFO: STARTING STEP 306
2026-09-21 19:38:33,127 [BombeRLeWorld] INFO: Agent <final_code> chose action DOWN in 0.00s.
2026-09-21 19:38:33,127 [BombeRLeWorld] INFO: Agent <final_code> stayed within acceptable think time.
2026-09-21 19:38:33,127 [BombeRLeWorld] INFO: Agent <rule_based_agent_1> chose action LEFT in 0.00s.
2026-09-21 19:38:33,127 [BombeRLeWorld] INFO: Agent <rule_based_agent_1> stayed within acceptable think time.
2026-09-21 19:38:33,221 [BombeRLeWorld] INFO: STARTING STEP 307
2026-09-21 19:38:33,227 [BombeRLeWorld] INFO: Agent <rule_based_agent_1> chose action LEFT in 0.00s.
2026-09-21 19:38:33,227 [BombeRLeWorld] INFO: Agent <rule_based_agent_1> stayed within acceptable think time.
2026-09-21 19:38:33,227 [BombeRLeWorld] INFO: Agent <final_code> chose action BOMB in 0.00s.
2026-09-21 19:38:33,227 [BombeRLeWorld] INFO: Agent <final_code> stayed within acceptable think time.
2026-09-21 19:38:33,227 [BombeRLeWorld] INFO: Agent <final_code> drops bomb at (np.int64(1), np.int64(3))
2026-09-21 19:38:33,322 [BombeRLeWorld] INFO: STARTING STEP 308
2026-09-21 19:38:33,325 [BombeRLeWorld] INFO: Agent <rule_based_agent_1> chose action WAIT in 0.00s.
2026-09-21 19:38:33,325 [BombeRLeWorld] INFO: Agent <rule_based_agent_1> stayed within acceptable think time.
2026-09-21 19:38:33,325 [BombeRLeWorld] INFO: Agent <final_code> chose action UP in 0.00s.
2026-09-21 19:38:33,325 [BombeRLeWorld] INFO: Agent <final_code> stayed within acceptable think time.
2026-09-21 19:38:33,421 [BombeRLeWorld] INFO: STARTING STEP 309
2026-09-21 19:38:33,426 [BombeRLeWorld] INFO: Agent <rule_based_agent_1> chose action LEFT in 0.00s.
2026-09-21 19:38:33,426 [BombeRLeWorld] INFO: Agent <rule_based_agent_1> stayed within acceptable think time.
2026-09-21 19:38:33,426 [BombeRLeWorld] INFO: Agent <final_code> chose action UP in 0.00s.
2026-09-21 19:38:33,426 [BombeRLeWorld] INFO: Agent <final_code> stayed within acceptable think time.
2026-09-21 19:38:33,521 [BombeRLeWorld] INFO: STARTING STEP 310
2026-09-21 19:38:33,526 [BombeRLeWorld] INFO: Agent <rule_based_agent_1> chose action LEFT in 0.00s.
2026-09-21 19:38:33,526 [BombeRLeWorld] INFO: Agent <rule_based_agent_1> stayed within acceptable think time.
2026-09-21 19:38:33,526 [BombeRLeWorld] INFO: Agent <final_code> chose action RIGHT in 0.00s.
2026-09-21 19:38:33,526 [BombeRLeWorld] INFO: Agent <final_code> stayed within acceptable think time.
2026-09-21 19:38:33,621 [BombeRLeWorld] INFO: STARTING STEP 311
2026-09-21 19:38:33,626 [BombeRLeWorld] INFO: Agent <rule_based_agent_1> chose action RIGHT in 0.00s.
2026-09-21 19:38:33,626 [BombeRLeWorld] INFO: Agent <rule_based_agent_1> stayed within acceptable think time.
2026-09-21 19:38:33,626 [BombeRLeWorld] INFO: Agent <final_code> chose action RIGHT in 0.00s.
2026-09-21 19:38:33,626 [BombeRLeWorld] INFO: Agent <final_code> stayed within acceptable think time.
2026-09-21 19:38:33,626 [BombeRLeWorld] INFO: Agent <final_code>'s bomb at (np.int64(1), np.int64(3)) explodes
2026-09-21 19:38:33,722 [BombeRLeWorld] INFO: STARTING STEP 312
2026-09-21 19:38:33,727 [BombeRLeWorld] INFO: Agent <final_code> chose action LEFT in 0.00s.
2026-09-21 19:38:33,727 [BombeRLeWorld] INFO: Agent <final_code> stayed within acceptable think time.
2026-09-21 19:38:33,727 [BombeRLeWorld] INFO: Agent <rule_based_agent_1> chose action RIGHT in 0.00s.
2026-09-21 19:38:33,727 [BombeRLeWorld] INFO: Agent <rule_based_agent_1> stayed within acceptable think time.
2026-09-21 19:38:33,822 [BombeRLeWorld] INFO: STARTING STEP 313
2026-09-21 19:38:33,827 [BombeRLeWorld] INFO: Agent <rule_based_agent_1> chose action UP in 0.00s.
2026-09-21 19:38:33,827 [BombeRLeWorld] INFO: Agent <rule_based_agent_1> stayed within acceptable think time.
2026-09-21 19:38:33,827 [BombeRLeWorld] INFO: Agent <final_code> chose action LEFT in 0.00s.
2026-09-21 19:38:33,827 [BombeRLeWorld] INFO: Agent <final_code> stayed within acceptable think time.
2026-09-21 19:38:33,922 [BombeRLeWorld] INFO: STARTING STEP 314
2026-09-21 19:38:33,927 [BombeRLeWorld] INFO: Agent <final_code> chose action BOMB in 0.00s.
2026-09-21 19:38:33,927 [BombeRLeWorld] INFO: Agent <final_code> stayed within acceptable think time.
2026-09-21 19:38:33,927 [BombeRLeWorld] INFO: Agent <final_code> drops bomb at (np.int64(1), np.int64(1))
2026-09-21 19:38:33,927 [BombeRLeWorld] INFO: Agent <rule_based_agent_1> chose action UP in 0.00s.
2026-09-21 19:38:33,927 [BombeRLeWorld] INFO: Agent <rule_based_agent_1> stayed within acceptable think time.
2026-09-21 19:38:34,022 [BombeRLeWorld] INFO: STARTING STEP 315
2026-09-21 19:38:34,025 [BombeRLeWorld] INFO: Agent <rule_based_agent_1> chose action WAIT in 0.00s.
2026-09-21 19:38:34,025 [BombeRLeWorld] INFO: Agent <rule_based_agent_1> stayed within acceptable think time.
2026-09-21 19:38:34,025 [BombeRLeWorld] INFO: Agent <final_code> chose action DOWN in 0.00s.
2026-09-21 19:38:34,025 [BombeRLeWorld] INFO: Agent <final_code> stayed within acceptable think time.
2026-09-21 19:38:34,122 [BombeRLeWorld] INFO: STARTING STEP 316
2026-09-21 19:38:34,126 [BombeRLeWorld] INFO: Agent <final_code> chose action DOWN in 0.00s.
2026-09-21 19:38:34,126 [BombeRLeWorld] INFO: Agent <final_code> stayed within acceptable think time.
2026-09-21 19:38:34,126 [BombeRLeWorld] INFO: Agent <rule_based_agent_1> chose action LEFT in 0.00s.
2026-09-21 19:38:34,126 [BombeRLeWorld] INFO: Agent <rule_based_agent_1> stayed within acceptable think time.
2026-09-21 19:38:34,222 [BombeRLeWorld] INFO: STARTING STEP 317
2026-09-21 19:38:34,227 [BombeRLeWorld] INFO: Agent <rule_based_agent_1> chose action BOMB in 0.00s.
2026-09-21 19:38:34,227 [BombeRLeWorld] INFO: Agent <rule_based_agent_1> stayed within acceptable think time.
2026-09-21 19:38:34,227 [BombeRLeWorld] INFO: Agent <rule_based_agent_1> drops bomb at (np.int64(2), np.int64(3))
2026-09-21 19:38:34,227 [BombeRLeWorld] INFO: Agent <final_code> chose action DOWN in 0.00s.
2026-09-21 19:38:34,227 [BombeRLeWorld] INFO: Agent <final_code> stayed within acceptable think time.
2026-09-21 19:38:34,322 [BombeRLeWorld] INFO: STARTING STEP 318
2026-09-21 19:38:34,327 [BombeRLeWorld] INFO: Agent <rule_based_agent_1> chose action RIGHT in 0.00s.
2026-09-21 19:38:34,327 [BombeRLeWorld] INFO: Agent <rule_based_agent_1> stayed within acceptable think time.
2026-09-21 19:38:34,327 [BombeRLeWorld] INFO: Agent <final_code> chose action DOWN in 0.00s.
2026-09-21 19:38:34,327 [BombeRLeWorld] INFO: Agent <final_code> stayed within acceptable think time.
2026-09-21 19:38:34,327 [BombeRLeWorld] INFO: Agent <final_code>'s bomb at (np.int64(1), np.int64(1)) explodes
2026-09-21 19:38:34,422 [BombeRLeWorld] INFO: STARTING STEP 319
2026-09-21 19:38:34,427 [BombeRLeWorld] INFO: Agent <rule_based_agent_1> chose action DOWN in 0.00s.
2026-09-21 19:38:34,427 [BombeRLeWorld] INFO: Agent <rule_based_agent_1> stayed within acceptable think time.
2026-09-21 19:38:34,427 [BombeRLeWorld] INFO: Agent <final_code> chose action DOWN in 0.00s.
2026-09-21 19:38:34,427 [BombeRLeWorld] INFO: Agent <final_code> stayed within acceptable think time.
2026-09-21 19:38:34,522 [BombeRLeWorld] INFO: STARTING STEP 320
2026-09-21 19:38:34,527 [BombeRLeWorld] INFO: Agent <final_code> chose action DOWN in 0.00s.
2026-09-21 19:38:34,527 [BombeRLeWorld] INFO: Agent <final_code> stayed within acceptable think time.
2026-09-21 19:38:34,527 [BombeRLeWorld] INFO: Agent <rule_based_agent_1> chose action DOWN in 0.00s.
2026-09-21 19:38:34,527 [BombeRLeWorld] INFO: Agent <rule_based_agent_1> stayed within acceptable think time.
2026-09-21 19:38:34,622 [BombeRLeWorld] INFO: STARTING STEP 321
2026-09-21 19:38:34,628 [BombeRLeWorld] INFO: Agent <final_code> chose action BOMB in 0.00s.
2026-09-21 19:38:34,628 [BombeRLeWorld] INFO: Agent <final_code> stayed within acceptable think time.
2026-09-21 19:38:34,628 [BombeRLeWorld] INFO: Agent <final_code> drops bomb at (np.int64(1), np.int64(7))
2026-09-21 19:38:34,628 [BombeRLeWorld] INFO: Agent <rule_based_agent_1> chose action UP in 0.00s.
2026-09-21 19:38:34,628 [BombeRLeWorld] INFO: Agent <rule_based_agent_1> stayed within acceptable think time.
2026-09-21 19:38:34,628 [BombeRLeWorld] INFO: Agent <rule_based_agent_1>'s bomb at (np.int64(2), np.int64(3)) explodes
2026-09-21 19:38:34,722 [BombeRLeWorld] INFO: STARTING STEP 322
2026-09-21 19:38:34,726 [BombeRLeWorld] INFO: Agent <final_code> chose action DOWN in 0.00s.
2026-09-21 19:38:34,726 [BombeRLeWorld] INFO: Agent <final_code> stayed within acceptable think time.
2026-09-21 19:38:34,726 [BombeRLeWorld] INFO: Agent <rule_based_agent_1> chose action WAIT in 0.00s.
2026-09-21 19:38:34,726 [BombeRLeWorld] INFO: Agent <rule_based_agent_1> stayed within acceptable think time.
2026-09-21 19:38:34,822 [BombeRLeWorld] INFO: STARTING STEP 323
2026-09-21 19:38:34,827 [BombeRLeWorld] INFO: Agent <rule_based_agent_1> chose action DOWN in 0.00s.
2026-09-21 19:38:34,827 [BombeRLeWorld] INFO: Agent <rule_based_agent_1> stayed within acceptable think time.
2026-09-21 19:38:34,827 [BombeRLeWorld] INFO: Agent <final_code> chose action DOWN in 0.00s.
2026-09-21 19:38:34,827 [BombeRLeWorld] INFO: Agent <final_code> stayed within acceptable think time.
2026-09-21 19:38:34,922 [BombeRLeWorld] INFO: STARTING STEP 324
2026-09-21 19:38:34,927 [BombeRLeWorld] INFO: Agent <final_code> chose action RIGHT in 0.00s.
2026-09-21 19:38:34,927 [BombeRLeWorld] INFO: Agent <final_code> stayed within acceptable think time.
2026-09-21 19:38:34,927 [BombeRLeWorld] INFO: Agent <rule_based_agent_1> chose action DOWN in 0.00s.
2026-09-21 19:38:34,927 [BombeRLeWorld] INFO: Agent <rule_based_agent_1> stayed within acceptable think time.
2026-09-21 19:38:35,022 [BombeRLeWorld] INFO: STARTING STEP 325
2026-09-21 19:38:35,027 [BombeRLeWorld] INFO: Agent <final_code> chose action RIGHT in 0.00s.
2026-09-21 19:38:35,027 [BombeRLeWorld] INFO: Agent <final_code> stayed within acceptable think time.
2026-09-21 19:38:35,027 [BombeRLeWorld] INFO: Agent <rule_based_agent_1> chose action UP in 0.00s.
2026-09-21 19:38:35,027 [BombeRLeWorld] INFO: Agent <rule_based_agent_1> stayed within acceptable think time.
2026-09-21 19:38:35,027 [BombeRLeWorld] INFO: Agent <final_code>'s bomb at (np.int64(1), np.int64(7)) explodes
2026-09-21 19:38:35,123 [BombeRLeWorld] INFO: STARTING STEP 326
2026-09-21 19:38:35,130 [BombeRLeWorld] INFO: Agent <rule_based_agent_1> chose action DOWN in 0.00s.
2026-09-21 19:38:35,130 [BombeRLeWorld] INFO: Agent <rule_based_agent_1> stayed within acceptable think time.
2026-09-21 19:38:35,130 [BombeRLeWorld] INFO: Agent <final_code> chose action RIGHT in 0.01s.
2026-09-21 19:38:35,130 [BombeRLeWorld] INFO: Agent <final_code> stayed within acceptable think time.
2026-09-21 19:38:35,223 [BombeRLeWorld] INFO: STARTING STEP 327
2026-09-21 19:38:35,228 [BombeRLeWorld] INFO: Agent <final_code> chose action RIGHT in 0.00s.
2026-09-21 19:38:35,228 [BombeRLeWorld] INFO: Agent <final_code> stayed within acceptable think time.
2026-09-21 19:38:35,228 [BombeRLeWorld] INFO: Agent <rule_based_agent_1> chose action DOWN in 0.00s.
2026-09-21 19:38:35,228 [BombeRLeWorld] INFO: Agent <rule_based_agent_1> stayed within acceptable think time.
2026-09-21 19:38:35,323 [BombeRLeWorld] INFO: STARTING STEP 328
2026-09-21 19:38:35,330 [BombeRLeWorld] INFO: Agent <rule_based_agent_1> chose action RIGHT in 0.00s.
2026-09-21 19:38:35,330 [BombeRLeWorld] INFO: Agent <rule_based_agent_1> stayed within acceptable think time.
2026-09-21 19:38:35,330 [BombeRLeWorld] INFO: Agent <final_code> chose action BOMB in 0.01s.
2026-09-21 19:38:35,330 [BombeRLeWorld] INFO: Agent <final_code> stayed within acceptable think time.
2026-09-21 19:38:35,330 [BombeRLeWorld] INFO: Agent <final_code> drops bomb at (np.int64(5), np.int64(9))
2026-09-21 19:38:35,423 [BombeRLeWorld] INFO: STARTING STEP 329
2026-09-21 19:38:35,427 [BombeRLeWorld] INFO: Agent <rule_based_agent_1> chose action WAIT in 0.00s.
2026-09-21 19:38:35,427 [BombeRLeWorld] INFO: Agent <rule_based_agent_1> stayed within acceptable think time.
2026-09-21 19:38:35,427 [BombeRLeWorld] INFO: Agent <final_code> chose action DOWN in 0.00s.
2026-09-21 19:38:35,427 [BombeRLeWorld] INFO: Agent <final_code> stayed within acceptable think time.
2026-09-21 19:38:35,523 [BombeRLeWorld] INFO: STARTING STEP 330
2026-09-21 19:38:35,528 [BombeRLeWorld] INFO: Agent <rule_based_agent_1> chose action RIGHT in 0.00s.
2026-09-21 19:38:35,528 [BombeRLeWorld] INFO: Agent <rule_based_agent_1> stayed within acceptable think time.
2026-09-21 19:38:35,528 [BombeRLeWorld] INFO: Agent <final_code> chose action DOWN in 0.00s.
2026-09-21 19:38:35,528 [BombeRLeWorld] INFO: Agent <final_code> stayed within acceptable think time.
2026-09-21 19:38:35,623 [BombeRLeWorld] INFO: STARTING STEP 331
2026-09-21 19:38:35,628 [BombeRLeWorld] INFO: Agent <final_code> chose action LEFT in 0.00s.
2026-09-21 19:38:35,628 [BombeRLeWorld] INFO: Agent <final_code> stayed within acceptable think time.
2026-09-21 19:38:35,628 [BombeRLeWorld] INFO: Agent <rule_based_agent_1> chose action RIGHT in 0.00s.
2026-09-21 19:38:35,628 [BombeRLeWorld] INFO: Agent <rule_based_agent_1> stayed within acceptable think time.
2026-09-21 19:38:35,723 [BombeRLeWorld] INFO: STARTING STEP 332
2026-09-21 19:38:35,727 [BombeRLeWorld] INFO: Agent <final_code> chose action LEFT in 0.00s.
2026-09-21 19:38:35,727 [BombeRLeWorld] INFO: Agent <final_code> stayed within acceptable think time.
2026-09-21 19:38:35,727 [BombeRLeWorld] INFO: Agent <rule_based_agent_1> chose action RIGHT in 0.00s.
2026-09-21 19:38:35,727 [BombeRLeWorld] INFO: Agent <rule_based_agent_1> stayed within acceptable think time.
2026-09-21 19:38:35,727 [BombeRLeWorld] INFO: Agent <final_code>'s bomb at (np.int64(5), np.int64(9)) explodes
2026-09-21 19:38:35,824 [BombeRLeWorld] INFO: STARTING STEP 333
2026-09-21 19:38:35,830 [BombeRLeWorld] INFO: Agent <final_code> chose action LEFT in 0.01s.
2026-09-21 19:38:35,830 [BombeRLeWorld] INFO: Agent <final_code> stayed within acceptable think time.
2026-09-21 19:38:35,830 [BombeRLeWorld] INFO: Agent <rule_based_agent_1> chose action DOWN in 0.00s.
2026-09-21 19:38:35,830 [BombeRLeWorld] INFO: Agent <rule_based_agent_1> stayed within acceptable think time.
2026-09-21 19:38:35,924 [BombeRLeWorld] INFO: STARTING STEP 334
2026-09-21 19:38:35,928 [BombeRLeWorld] INFO: Agent <rule_based_agent_1> chose action DOWN in 0.00s.
2026-09-21 19:38:35,928 [BombeRLeWorld] INFO: Agent <rule_based_agent_1> stayed within acceptable think time.
2026-09-21 19:38:35,928 [BombeRLeWorld] INFO: Agent <final_code> chose action LEFT in 0.00s.
2026-09-21 19:38:35,928 [BombeRLeWorld] INFO: Agent <final_code> stayed within acceptable think time.
2026-09-21 19:38:36,024 [BombeRLeWorld] INFO: STARTING STEP 335
2026-09-21 19:38:36,029 [BombeRLeWorld] INFO: Agent <rule_based_agent_1> chose action LEFT in 0.00s.
2026-09-21 19:38:36,029 [BombeRLeWorld] INFO: Agent <rule_based_agent_1> stayed within acceptable think time.
2026-09-21 19:38:36,029 [BombeRLeWorld] INFO: Agent <final_code> chose action BOMB in 0.00s.
2026-09-21 19:38:36,029 [BombeRLeWorld] INFO: Agent <final_code> stayed within acceptable think time.
2026-09-21 19:38:36,029 [BombeRLeWorld] INFO: Agent <final_code> drops bomb at (np.int64(1), np.int64(11))
2026-09-21 19:38:36,124 [BombeRLeWorld] INFO: STARTING STEP 336
2026-09-21 19:38:36,128 [BombeRLeWorld] INFO: Agent <final_code> chose action DOWN in 0.00s.
2026-09-21 19:38:36,128 [BombeRLeWorld] INFO: Agent <final_code> stayed within acceptable think time.
2026-09-21 19:38:36,128 [BombeRLeWorld] INFO: Agent <rule_based_agent_1> chose action WAIT in 0.00s.
2026-09-21 19:38:36,128 [BombeRLeWorld] INFO: Agent <rule_based_agent_1> stayed within acceptable think time.
2026-09-21 19:38:36,224 [BombeRLeWorld] INFO: STARTING STEP 337
2026-09-21 19:38:36,228 [BombeRLeWorld] INFO: Agent <rule_based_agent_1> chose action LEFT in 0.00s.
2026-09-21 19:38:36,228 [BombeRLeWorld] INFO: Agent <rule_based_agent_1> stayed within acceptable think time.
2026-09-21 19:38:36,228 [BombeRLeWorld] INFO: Agent <final_code> chose action DOWN in 0.00s.
2026-09-21 19:38:36,228 [BombeRLeWorld] INFO: Agent <final_code> stayed within acceptable think time.
2026-09-21 19:38:36,324 [BombeRLeWorld] INFO: STARTING STEP 338
2026-09-21 19:38:36,329 [BombeRLeWorld] INFO: Agent <final_code> chose action RIGHT in 0.00s.
2026-09-21 19:38:36,329 [BombeRLeWorld] INFO: Agent <final_code> stayed within acceptable think time.
2026-09-21 19:38:36,329 [BombeRLeWorld] INFO: Agent <rule_based_agent_1> chose action LEFT in 0.00s.
2026-09-21 19:38:36,329 [BombeRLeWorld] INFO: Agent <rule_based_agent_1> stayed within acceptable think time.
2026-09-21 19:38:36,424 [BombeRLeWorld] INFO: STARTING STEP 339
2026-09-21 19:38:36,428 [BombeRLeWorld] INFO: Agent <rule_based_agent_1> chose action LEFT in 0.00s.
2026-09-21 19:38:36,428 [BombeRLeWorld] INFO: Agent <rule_based_agent_1> stayed within acceptable think time.
2026-09-21 19:38:36,428 [BombeRLeWorld] INFO: Agent <final_code> chose action RIGHT in 0.00s.
2026-09-21 19:38:36,428 [BombeRLeWorld] INFO: Agent <final_code> stayed within acceptable think time.
2026-09-21 19:38:36,428 [BombeRLeWorld] INFO: Agent <final_code>'s bomb at (np.int64(1), np.int64(11)) explodes
2026-09-21 19:38:36,524 [BombeRLeWorld] INFO: STARTING STEP 340
2026-09-21 19:38:36,530 [BombeRLeWorld] INFO: Agent <rule_based_agent_1> chose action DOWN in 0.00s.
2026-09-21 19:38:36,530 [BombeRLeWorld] INFO: Agent <rule_based_agent_1> stayed within acceptable think time.
2026-09-21 19:38:36,530 [BombeRLeWorld] INFO: Agent <final_code> chose action RIGHT in 0.01s.
2026-09-21 19:38:36,530 [BombeRLeWorld] INFO: Agent <final_code> stayed within acceptable think time.
2026-09-21 19:38:36,624 [BombeRLeWorld] INFO: STARTING STEP 341
2026-09-21 19:38:36,628 [BombeRLeWorld] INFO: Agent <final_code> chose action RIGHT in 0.00s.
2026-09-21 19:38:36,628 [BombeRLeWorld] INFO: Agent <final_code> stayed within acceptable think time.
2026-09-21 19:38:36,628 [BombeRLeWorld] INFO: Agent <rule_based_agent_1> chose action DOWN in 0.00s.
2026-09-21 19:38:36,628 [BombeRLeWorld] INFO: Agent <rule_based_agent_1> stayed within acceptable think time.
2026-09-21 19:38:36,724 [BombeRLeWorld] INFO: STARTING STEP 342
2026-09-21 19:38:36,730 [BombeRLeWorld] INFO: Agent <final_code> chose action BOMB in 0.01s.
2026-09-21 19:38:36,730 [BombeRLeWorld] INFO: Agent <final_code> stayed within acceptable think time.
2026-09-21 19:38:36,730 [BombeRLeWorld] INFO: Agent <final_code> drops bomb at (np.int64(5), np.int64(13))
2026-09-21 19:38:36,730 [BombeRLeWorld] INFO: Agent <rule_based_agent_1> chose action RIGHT in 0.00s.
2026-09-21 19:38:36,730 [BombeRLeWorld] INFO: Agent <rule_based_agent_1> stayed within acceptable think time.
2026-09-21 19:38:36,824 [BombeRLeWorld] INFO: STARTING STEP 343
2026-09-21 19:38:36,828 [BombeRLeWorld] INFO: Agent <rule_based_agent_1> chose action WAIT in 0.00s.
2026-09-21 19:38:36,828 [BombeRLeWorld] INFO: Agent <rule_based_agent_1> stayed within acceptable think time.
2026-09-21 19:38:36,828 [BombeRLeWorld] INFO: Agent <final_code> chose action DOWN in 0.00s.
2026-09-21 19:38:36,828 [BombeRLeWorld] INFO: Agent <final_code> stayed within acceptable think time.
2026-09-21 19:38:36,924 [BombeRLeWorld] INFO: STARTING STEP 344
2026-09-21 19:38:36,928 [BombeRLeWorld] INFO: Agent <rule_based_agent_1> chose action RIGHT in 0.00s.
2026-09-21 19:38:36,928 [BombeRLeWorld] INFO: Agent <rule_based_agent_1> stayed within acceptable think time.
2026-09-21 19:38:36,928 [BombeRLeWorld] INFO: Agent <final_code> chose action DOWN in 0.00s.
2026-09-21 19:38:36,928 [BombeRLeWorld] INFO: Agent <final_code> stayed within acceptable think time.
2026-09-21 19:38:37,024 [BombeRLeWorld] INFO: STARTING STEP 345
2026-09-21 19:38:37,029 [BombeRLeWorld] INFO: Agent <final_code> chose action LEFT in 0.00s.
2026-09-21 19:38:37,029 [BombeRLeWorld] INFO: Agent <final_code> stayed within acceptable think time.
2026-09-21 19:38:37,029 [BombeRLeWorld] INFO: Agent <rule_based_agent_1> chose action RIGHT in 0.00s.
2026-09-21 19:38:37,029 [BombeRLeWorld] INFO: Agent <rule_based_agent_1> stayed within acceptable think time.
2026-09-21 19:38:37,124 [BombeRLeWorld] INFO: STARTING STEP 346
2026-09-21 19:38:37,128 [BombeRLeWorld] INFO: Agent <final_code> chose action LEFT in 0.00s.
2026-09-21 19:38:37,128 [BombeRLeWorld] INFO: Agent <final_code> stayed within acceptable think time.
2026-09-21 19:38:37,128 [BombeRLeWorld] INFO: Agent <rule_based_agent_1> chose action RIGHT in 0.00s.
2026-09-21 19:38:37,128 [BombeRLeWorld] INFO: Agent <rule_based_agent_1> stayed within acceptable think time.
2026-09-21 19:38:37,128 [BombeRLeWorld] INFO: Agent <final_code>'s bomb at (np.int64(5), np.int64(13)) explodes
2026-09-21 19:38:37,225 [BombeRLeWorld] INFO: STARTING STEP 347
2026-09-21 19:38:37,230 [BombeRLeWorld] INFO: Agent <final_code> chose action LEFT in 0.00s.
2026-09-21 19:38:37,230 [BombeRLeWorld] INFO: Agent <final_code> stayed within acceptable think time.
2026-09-21 19:38:37,230 [BombeRLeWorld] INFO: Agent <rule_based_agent_1> chose action DOWN in 0.00s.
2026-09-21 19:38:37,230 [BombeRLeWorld] INFO: Agent <rule_based_agent_1> stayed within acceptable think time.
2026-09-21 19:38:37,325 [BombeRLeWorld] INFO: STARTING STEP 348
2026-09-21 19:38:37,329 [BombeRLeWorld] INFO: Agent <rule_based_agent_1> chose action DOWN in 0.00s.
2026-09-21 19:38:37,329 [BombeRLeWorld] INFO: Agent <rule_based_agent_1> stayed within acceptable think time.
2026-09-21 19:38:37,329 [BombeRLeWorld] INFO: Agent <final_code> chose action LEFT in 0.00s.
2026-09-21 19:38:37,329 [BombeRLeWorld] INFO: Agent <final_code> stayed within acceptable think time.
2026-09-21 19:38:37,425 [BombeRLeWorld] INFO: STARTING STEP 349
2026-09-21 19:38:37,429 [BombeRLeWorld] INFO: Agent <rule_based_agent_1> chose action LEFT in 0.00s.
2026-09-21 19:38:37,429 [BombeRLeWorld] INFO: Agent <rule_based_agent_1> stayed within acceptable think time.
2026-09-21 19:38:37,429 [BombeRLeWorld] INFO: Agent <final_code> chose action BOMB in 0.00s.
2026-09-21 19:38:37,430 [BombeRLeWorld] INFO: Agent <final_code> stayed within acceptable think time.
2026-09-21 19:38:37,430 [BombeRLeWorld] INFO: Agent <final_code> drops bomb at (np.int64(1), np.int64(15))
2026-09-21 19:38:37,525 [BombeRLeWorld] INFO: STARTING STEP 350
2026-09-21 19:38:37,528 [BombeRLeWorld] INFO: Agent <rule_based_agent_1> chose action WAIT in 0.00s.
2026-09-21 19:38:37,528 [BombeRLeWorld] INFO: Agent <rule_based_agent_1> stayed within acceptable think time.
2026-09-21 19:38:37,528 [BombeRLeWorld] INFO: Agent <final_code> chose action UP in 0.00s.
2026-09-21 19:38:37,528 [BombeRLeWorld] INFO: Agent <final_code> stayed within acceptable think time.
2026-09-21 19:38:37,624 [BombeRLeWorld] INFO: STARTING STEP 351
2026-09-21 19:38:37,628 [BombeRLeWorld] INFO: Agent <final_code> chose action UP in 0.00s.
2026-09-21 19:38:37,628 [BombeRLeWorld] INFO: Agent <final_code> stayed within acceptable think time.
2026-09-21 19:38:37,628 [BombeRLeWorld] INFO: Agent <rule_based_agent_1> chose action LEFT in 0.00s.
2026-09-21 19:38:37,628 [BombeRLeWorld] INFO: Agent <rule_based_agent_1> stayed within acceptable think time.
2026-09-21 19:38:37,725 [BombeRLeWorld] INFO: STARTING STEP 352
2026-09-21 19:38:37,729 [BombeRLeWorld] INFO: Agent <rule_based_agent_1> chose action LEFT in 0.00s.
2026-09-21 19:38:37,729 [BombeRLeWorld] INFO: Agent <rule_based_agent_1> stayed within acceptable think time.
2026-09-21 19:38:37,729 [BombeRLeWorld] INFO: Agent <final_code> chose action RIGHT in 0.00s.
2026-09-21 19:38:37,729 [BombeRLeWorld] INFO: Agent <final_code> stayed within acceptable think time.
2026-09-21 19:38:37,825 [BombeRLeWorld] INFO: STARTING STEP 353
2026-09-21 19:38:37,829 [BombeRLeWorld] INFO: Agent <rule_based_agent_1> chose action LEFT in 0.00s.
2026-09-21 19:38:37,829 [BombeRLeWorld] INFO: Agent <rule_based_agent_1> stayed within acceptable think time.
2026-09-21 19:38:37,830 [BombeRLeWorld] INFO: Agent <final_code> chose action WAIT in 0.00s.
2026-09-21 19:38:37,830 [BombeRLeWorld] INFO: Agent <final_code> stayed within acceptable think time.
2026-09-21 19:38:37,830 [BombeRLeWorld] INFO: Agent <final_code>'s bomb at (np.int64(1), np.int64(15)) explodes
2026-09-21 19:38:37,925 [BombeRLeWorld] INFO: STARTING STEP 354
2026-09-21 19:38:37,928 [BombeRLeWorld] INFO: Agent <final_code> chose action WAIT in 0.00s.
2026-09-21 19:38:37,928 [BombeRLeWorld] INFO: Agent <final_code> stayed within acceptable think time.
2026-09-21 19:38:37,928 [BombeRLeWorld] INFO: Agent <rule_based_agent_1> chose action BOMB in 0.00s.
2026-09-21 19:38:37,928 [BombeRLeWorld] INFO: Agent <rule_based_agent_1> stayed within acceptable think time.
2026-09-21 19:38:37,928 [BombeRLeWorld] INFO: Agent <rule_based_agent_1> drops bomb at (np.int64(3), np.int64(13))
2026-09-21 19:38:38,025 [BombeRLeWorld] INFO: STARTING STEP 355
2026-09-21 19:38:38,028 [BombeRLeWorld] INFO: Agent <rule_based_agent_1> chose action RIGHT in 0.00s.
2026-09-21 19:38:38,028 [BombeRLeWorld] INFO: Agent <rule_based_agent_1> stayed within acceptable think time.
2026-09-21 19:38:38,028 [BombeRLeWorld] INFO: Agent <final_code> chose action LEFT in 0.00s.
2026-09-21 19:38:38,028 [BombeRLeWorld] INFO: Agent <final_code> stayed within acceptable think time.
2026-09-21 19:38:38,125 [BombeRLeWorld] INFO: STARTING STEP 356
2026-09-21 19:38:38,130 [BombeRLeWorld] INFO: Agent <rule_based_agent_1> chose action RIGHT in 0.00s.
2026-09-21 19:38:38,131 [BombeRLeWorld] INFO: Agent <rule_based_agent_1> stayed within acceptable think time.
2026-09-21 19:38:38,131 [BombeRLeWorld] INFO: Agent <final_code> chose action UP in 0.00s.
2026-09-21 19:38:38,131 [BombeRLeWorld] INFO: Agent <final_code> stayed within acceptable think time.
2026-09-21 19:38:38,225 [BombeRLeWorld] INFO: STARTING STEP 357
2026-09-21 19:38:38,229 [BombeRLeWorld] INFO: Agent <rule_based_agent_1> chose action DOWN in 0.00s.
2026-09-21 19:38:38,229 [BombeRLeWorld] INFO: Agent <rule_based_agent_1> stayed within acceptable think time.
2026-09-21 19:38:38,229 [BombeRLeWorld] INFO: Agent <final_code> chose action BOMB in 0.00s.
2026-09-21 19:38:38,229 [BombeRLeWorld] INFO: Agent <final_code> stayed within acceptable think time.
2026-09-21 19:38:38,229 [BombeRLeWorld] INFO: Agent <final_code> drops bomb at (np.int64(1), np.int64(12))
2026-09-21 19:38:38,325 [BombeRLeWorld] INFO: STARTING STEP 358
2026-09-21 19:38:38,329 [BombeRLeWorld] INFO: Agent <rule_based_agent_1> chose action WAIT in 0.00s.
2026-09-21 19:38:38,329 [BombeRLeWorld] INFO: Agent <rule_based_agent_1> stayed within acceptable think time.
2026-09-21 19:38:38,329 [BombeRLeWorld] INFO: Agent <final_code> chose action UP in 0.00s.
2026-09-21 19:38:38,329 [BombeRLeWorld] INFO: Agent <final_code> stayed within acceptable think time.
2026-09-21 19:38:38,329 [BombeRLeWorld] INFO: Agent <rule_based_agent_1>'s bomb at (np.int64(3), np.int64(13)) explodes
2026-09-21 19:38:38,425 [BombeRLeWorld] INFO: STARTING STEP 359
2026-09-21 19:38:38,430 [BombeRLeWorld] INFO: Agent <rule_based_agent_1> chose action DOWN in 0.00s.
2026-09-21 19:38:38,430 [BombeRLeWorld] INFO: Agent <rule_based_agent_1> stayed within acceptable think time.
2026-09-21 19:38:38,430 [BombeRLeWorld] INFO: Agent <final_code> chose action RIGHT in 0.00s.
2026-09-21 19:38:38,430 [BombeRLeWorld] INFO: Agent <final_code> stayed within acceptable think time.
2026-09-21 19:38:38,525 [BombeRLeWorld] INFO: STARTING STEP 360
2026-09-21 19:38:38,529 [BombeRLeWorld] INFO: Agent <final_code> chose action RIGHT in 0.00s.
2026-09-21 19:38:38,529 [BombeRLeWorld] INFO: Agent <final_code> stayed within acceptable think time.
2026-09-21 19:38:38,529 [BombeRLeWorld] INFO: Agent <rule_based_agent_1> chose action UP in 0.00s.
2026-09-21 19:38:38,529 [BombeRLeWorld] INFO: Agent <rule_based_agent_1> stayed within acceptable think time.
2026-09-21 19:38:38,625 [BombeRLeWorld] INFO: STARTING STEP 361
2026-09-21 19:38:38,631 [BombeRLeWorld] INFO: Agent <rule_based_agent_1> chose action UP in 0.00s.
2026-09-21 19:38:38,631 [BombeRLeWorld] INFO: Agent <rule_based_agent_1> stayed within acceptable think time.
2026-09-21 19:38:38,631 [BombeRLeWorld] INFO: Agent <final_code> chose action UP in 0.00s.
2026-09-21 19:38:38,631 [BombeRLeWorld] INFO: Agent <final_code> stayed within acceptable think time.
2026-09-21 19:38:38,631 [BombeRLeWorld] INFO: Agent <final_code>'s bomb at (np.int64(1), np.int64(12)) explodes
2026-09-21 19:38:38,725 [BombeRLeWorld] INFO: STARTING STEP 362
2026-09-21 19:38:38,730 [BombeRLeWorld] INFO: Agent <final_code> chose action UP in 0.00s.
2026-09-21 19:38:38,730 [BombeRLeWorld] INFO: Agent <final_code> stayed within acceptable think time.
2026-09-21 19:38:38,730 [BombeRLeWorld] INFO: Agent <rule_based_agent_1> chose action LEFT in 0.00s.
2026-09-21 19:38:38,730 [BombeRLeWorld] INFO: Agent <rule_based_agent_1> stayed within acceptable think time.
2026-09-21 19:38:38,826 [BombeRLeWorld] INFO: STARTING STEP 363
2026-09-21 19:38:38,831 [BombeRLeWorld] INFO: Agent <final_code> chose action WAIT in 0.01s.
2026-09-21 19:38:38,831 [BombeRLeWorld] INFO: Agent <final_code> stayed within acceptable think time.
2026-09-21 19:38:38,831 [BombeRLeWorld] INFO: Agent <rule_based_agent_1> chose action LEFT in 0.00s.
2026-09-21 19:38:38,831 [BombeRLeWorld] INFO: Agent <rule_based_agent_1> stayed within acceptable think time.
2026-09-21 19:38:38,926 [BombeRLeWorld] INFO: STARTING STEP 364
2026-09-21 19:38:38,931 [BombeRLeWorld] INFO: Agent <rule_based_agent_1> chose action UP in 0.00s.
2026-09-21 19:38:38,931 [BombeRLeWorld] INFO: Agent <rule_based_agent_1> stayed within acceptable think time.
2026-09-21 19:38:38,931 [BombeRLeWorld] INFO: Agent <final_code> chose action BOMB in 0.01s.
2026-09-21 19:38:38,931 [BombeRLeWorld] INFO: Agent <final_code> stayed within acceptable think time.
2026-09-21 19:38:38,931 [BombeRLeWorld] INFO: Agent <final_code> drops bomb at (np.int64(3), np.int64(9))
2026-09-21 19:38:39,026 [BombeRLeWorld] INFO: STARTING STEP 365
2026-09-21 19:38:39,030 [BombeRLeWorld] INFO: Agent <rule_based_agent_1> chose action DOWN in 0.00s.
2026-09-21 19:38:39,030 [BombeRLeWorld] INFO: Agent <rule_based_agent_1> stayed within acceptable think time.
2026-09-21 19:38:39,030 [BombeRLeWorld] INFO: Agent <final_code> chose action UP in 0.00s.
2026-09-21 19:38:39,030 [BombeRLeWorld] INFO: Agent <final_code> stayed within acceptable think time.
2026-09-21 19:38:39,125 [BombeRLeWorld] INFO: STARTING STEP 366
2026-09-21 19:38:39,130 [BombeRLeWorld] INFO: Agent <final_code> chose action UP in 0.00s.
2026-09-21 19:38:39,130 [BombeRLeWorld] INFO: Agent <final_code> stayed within acceptable think time.
2026-09-21 19:38:39,130 [BombeRLeWorld] INFO: Agent <rule_based_agent_1> chose action UP in 0.00s.
2026-09-21 19:38:39,130 [BombeRLeWorld] INFO: Agent <rule_based_agent_1> stayed within acceptable think time.
2026-09-21 19:38:39,226 [BombeRLeWorld] INFO: STARTING STEP 367
2026-09-21 19:38:39,232 [BombeRLeWorld] INFO: Agent <final_code> chose action LEFT in 0.00s.
2026-09-21 19:38:39,232 [BombeRLeWorld] INFO: Agent <final_code> stayed within acceptable think time.
2026-09-21 19:38:39,232 [BombeRLeWorld] INFO: Agent <rule_based_agent_1> chose action DOWN in 0.00s.
2026-09-21 19:38:39,232 [BombeRLeWorld] INFO: Agent <rule_based_agent_1> stayed within acceptable think time.
2026-09-21 19:38:39,326 [BombeRLeWorld] INFO: STARTING STEP 368
2026-09-21 19:38:39,330 [BombeRLeWorld] INFO: Agent <final_code> chose action LEFT in 0.00s.
2026-09-21 19:38:39,330 [BombeRLeWorld] INFO: Agent <final_code> stayed within acceptable think time.
2026-09-21 19:38:39,330 [BombeRLeWorld] INFO: Agent <rule_based_agent_1> chose action DOWN in 0.00s.
2026-09-21 19:38:39,330 [BombeRLeWorld] INFO: Agent <rule_based_agent_1> stayed within acceptable think time.
2026-09-21 19:38:39,330 [BombeRLeWorld] INFO: Agent <final_code>'s bomb at (np.int64(3), np.int64(9)) explodes
2026-09-21 19:38:39,426 [BombeRLeWorld] INFO: STARTING STEP 369
2026-09-21 19:38:39,432 [BombeRLeWorld] INFO: Agent <rule_based_agent_1> chose action UP in 0.00s.
2026-09-21 19:38:39,432 [BombeRLeWorld] INFO: Agent <rule_based_agent_1> stayed within acceptable think time.
2026-09-21 19:38:39,432 [BombeRLeWorld] INFO: Agent <final_code> chose action UP in 0.00s.
2026-09-21 19:38:39,432 [BombeRLeWorld] INFO: Agent <final_code> stayed within acceptable think time.
2026-09-21 19:38:39,526 [BombeRLeWorld] INFO: STARTING STEP 370
2026-09-21 19:38:39,531 [BombeRLeWorld] INFO: Agent <final_code> chose action UP in 0.00s.
2026-09-21 19:38:39,531 [BombeRLeWorld] INFO: Agent <final_code> stayed within acceptable think time.
2026-09-21 19:38:39,531 [BombeRLeWorld] INFO: Agent <rule_based_agent_1> chose action UP in 0.00s.
2026-09-21 19:38:39,531 [BombeRLeWorld] INFO: Agent <rule_based_agent_1> stayed within acceptable think time.
2026-09-21 19:38:39,626 [BombeRLeWorld] INFO: STARTING STEP 371
2026-09-21 19:38:39,632 [BombeRLeWorld] INFO: Agent <final_code> chose action BOMB in 0.00s.
2026-09-21 19:38:39,632 [BombeRLeWorld] INFO: Agent <final_code> stayed within acceptable think time.
2026-09-21 19:38:39,632 [BombeRLeWorld] INFO: Agent <final_code> drops bomb at (np.int64(1), np.int64(5))
2026-09-21 19:38:39,632 [BombeRLeWorld] INFO: Agent <rule_based_agent_1> chose action UP in 0.00s.
2026-09-21 19:38:39,632 [BombeRLeWorld] INFO: Agent <rule_based_agent_1> stayed within acceptable think time.
2026-09-21 19:38:39,726 [BombeRLeWorld] INFO: STARTING STEP 372
2026-09-21 19:38:39,730 [BombeRLeWorld] INFO: Agent <rule_based_agent_1> chose action WAIT in 0.00s.
2026-09-21 19:38:39,730 [BombeRLeWorld] INFO: Agent <rule_based_agent_1> stayed within acceptable think time.
2026-09-21 19:38:39,730 [BombeRLeWorld] INFO: Agent <final_code> chose action UP in 0.00s.
2026-09-21 19:38:39,730 [BombeRLeWorld] INFO: Agent <final_code> stayed within acceptable think time.
2026-09-21 19:38:39,826 [BombeRLeWorld] INFO: STARTING STEP 373
2026-09-21 19:38:39,830 [BombeRLeWorld] INFO: Agent <rule_based_agent_1> chose action UP in 0.00s.
2026-09-21 19:38:39,830 [BombeRLeWorld] INFO: Agent <rule_based_agent_1> stayed within acceptable think time.
2026-09-21 19:38:39,830 [BombeRLeWorld] INFO: Agent <final_code> chose action UP in 0.00s.
2026-09-21 19:38:39,830 [BombeRLeWorld] INFO: Agent <final_code> stayed within acceptable think time.
2026-09-21 19:38:39,926 [BombeRLeWorld] INFO: STARTING STEP 374
2026-09-21 19:38:39,931 [BombeRLeWorld] INFO: Agent <final_code> chose action RIGHT in 0.00s.
2026-09-21 19:38:39,931 [BombeRLeWorld] INFO: Agent <final_code> stayed within acceptable think time.
2026-09-21 19:38:39,931 [BombeRLeWorld] INFO: Agent <rule_based_agent_1> chose action UP in 0.00s.
2026-09-21 19:38:39,931 [BombeRLeWorld] INFO: Agent <rule_based_agent_1> stayed within acceptable think time.
2026-09-21 19:38:40,026 [BombeRLeWorld] INFO: STARTING STEP 375
2026-09-21 19:38:40,030 [BombeRLeWorld] INFO: Agent <final_code> chose action RIGHT in 0.00s.
2026-09-21 19:38:40,030 [BombeRLeWorld] INFO: Agent <final_code> stayed within acceptable think time.
2026-09-21 19:38:40,030 [BombeRLeWorld] INFO: Agent <rule_based_agent_1> chose action UP in 0.00s.
2026-09-21 19:38:40,030 [BombeRLeWorld] INFO: Agent <rule_based_agent_1> stayed within acceptable think time.
2026-09-21 19:38:40,030 [BombeRLeWorld] INFO: Agent <final_code>'s bomb at (np.int64(1), np.int64(5)) explodes
2026-09-21 19:38:40,126 [BombeRLeWorld] INFO: STARTING STEP 376
2026-09-21 19:38:40,132 [BombeRLeWorld] INFO: Agent <rule_based_agent_1> chose action UP in 0.00s.
2026-09-21 19:38:40,132 [BombeRLeWorld] INFO: Agent <rule_based_agent_1> stayed within acceptable think time.
2026-09-21 19:38:40,132 [BombeRLeWorld] INFO: Agent <final_code> chose action UP in 0.00s.
2026-09-21 19:38:40,132 [BombeRLeWorld] INFO: Agent <final_code> stayed within acceptable think time.
2026-09-21 19:38:40,226 [BombeRLeWorld] INFO: STARTING STEP 377
2026-09-21 19:38:40,230 [BombeRLeWorld] INFO: Agent <final_code> chose action UP in 0.00s.
2026-09-21 19:38:40,230 [BombeRLeWorld] INFO: Agent <final_code> stayed within acceptable think time.
2026-09-21 19:38:40,230 [BombeRLeWorld] INFO: Agent <rule_based_agent_1> chose action UP in 0.00s.
2026-09-21 19:38:40,230 [BombeRLeWorld] INFO: Agent <rule_based_agent_1> stayed within acceptable think time.
2026-09-21 19:38:40,326 [BombeRLeWorld] INFO: STARTING STEP 378
2026-09-21 19:38:40,332 [BombeRLeWorld] INFO: Agent <rule_based_agent_1> chose action UP in 0.00s.
2026-09-21 19:38:40,332 [BombeRLeWorld] INFO: Agent <rule_based_agent_1> stayed within acceptable think time.
2026-09-21 19:38:40,332 [BombeRLeWorld] INFO: Agent <final_code> chose action BOMB in 0.00s.
2026-09-21 19:38:40,332 [BombeRLeWorld] INFO: Agent <final_code> stayed within acceptable think time.
2026-09-21 19:38:40,332 [BombeRLeWorld] INFO: Agent <final_code> drops bomb at (np.int64(3), np.int64(1))
2026-09-21 19:38:40,427 [BombeRLeWorld] INFO: STARTING STEP 379
2026-09-21 19:38:40,431 [BombeRLeWorld] INFO: Agent <rule_based_agent_1> chose action WAIT in 0.00s.
2026-09-21 19:38:40,431 [BombeRLeWorld] INFO: Agent <rule_based_agent_1> stayed within acceptable think time.
2026-09-21 19:38:40,431 [BombeRLeWorld] INFO: Agent <final_code> chose action LEFT in 0.00s.
2026-09-21 19:38:40,431 [BombeRLeWorld] INFO: Agent <final_code> stayed within acceptable think time.
2026-09-21 19:38:40,527 [BombeRLeWorld] INFO: STARTING STEP 380
2026-09-21 19:38:40,530 [BombeRLeWorld] INFO: Agent <rule_based_agent_1> chose action UP in 0.00s.
2026-09-21 19:38:40,530 [BombeRLeWorld] INFO: Agent <rule_based_agent_1> stayed within acceptable think time.
2026-09-21 19:38:40,530 [BombeRLeWorld] INFO: Agent <final_code> chose action LEFT in 0.00s.
2026-09-21 19:38:40,530 [BombeRLeWorld] INFO: Agent <final_code> stayed within acceptable think time.
2026-09-21 19:38:40,626 [BombeRLeWorld] INFO: STARTING STEP 381
2026-09-21 19:38:40,630 [BombeRLeWorld] INFO: Agent <final_code> chose action DOWN in 0.00s.
2026-09-21 19:38:40,630 [BombeRLeWorld] INFO: Agent <final_code> stayed within acceptable think time.
2026-09-21 19:38:40,630 [BombeRLeWorld] INFO: Agent <rule_based_agent_1> chose action DOWN in 0.00s.
2026-09-21 19:38:40,630 [BombeRLeWorld] INFO: Agent <rule_based_agent_1> stayed within acceptable think time.
2026-09-21 19:38:40,726 [BombeRLeWorld] INFO: STARTING STEP 382
2026-09-21 19:38:40,730 [BombeRLeWorld] INFO: Agent <final_code> chose action DOWN in 0.00s.
2026-09-21 19:38:40,730 [BombeRLeWorld] INFO: Agent <final_code> stayed within acceptable think time.
2026-09-21 19:38:40,730 [BombeRLeWorld] INFO: Agent <rule_based_agent_1> chose action RIGHT in 0.00s.
2026-09-21 19:38:40,730 [BombeRLeWorld] INFO: Agent <rule_based_agent_1> stayed within acceptable think time.
2026-09-21 19:38:40,730 [BombeRLeWorld] INFO: Agent <final_code>'s bomb at (np.int64(3), np.int64(1)) explodes
2026-09-21 19:38:40,827 [BombeRLeWorld] INFO: STARTING STEP 383
2026-09-21 19:38:40,832 [BombeRLeWorld] INFO: Agent <rule_based_agent_1> chose action LEFT in 0.00s.
2026-09-21 19:38:40,832 [BombeRLeWorld] INFO: Agent <rule_based_agent_1> stayed within acceptable think time.
2026-09-21 19:38:40,832 [BombeRLeWorld] INFO: Agent <final_code> chose action RIGHT in 0.00s.
2026-09-21 19:38:40,832 [BombeRLeWorld] INFO: Agent <final_code> stayed within acceptable think time.
2026-09-21 19:38:40,927 [BombeRLeWorld] INFO: STARTING STEP 384
2026-09-21 19:38:40,932 [BombeRLeWorld] INFO: Agent <rule_based_agent_1> chose action UP in 0.00s.
2026-09-21 19:38:40,932 [BombeRLeWorld] INFO: Agent <rule_based_agent_1> stayed within acceptable think time.
2026-09-21 19:38:40,932 [BombeRLeWorld] INFO: Agent <final_code> chose action RIGHT in 0.00s.
2026-09-21 19:38:40,932 [BombeRLeWorld] INFO: Agent <final_code> stayed within acceptable think time.
2026-09-21 19:38:41,027 [BombeRLeWorld] INFO: STARTING STEP 385
2026-09-21 19:38:41,033 [BombeRLeWorld] INFO: Agent <final_code> chose action BOMB in 0.01s.
2026-09-21 19:38:41,034 [BombeRLeWorld] INFO: Agent <final_code> stayed within acceptable think time.
2026-09-21 19:38:41,034 [BombeRLeWorld] INFO: Agent <final_code> drops bomb at (np.int64(3), np.int64(3))
2026-09-21 19:38:41,034 [BombeRLeWorld] INFO: Agent <rule_based_agent_1> chose action DOWN in 0.00s.
2026-09-21 19:38:41,034 [BombeRLeWorld] INFO: Agent <rule_based_agent_1> stayed within acceptable think time.
2026-09-21 19:38:41,127 [BombeRLeWorld] INFO: STARTING STEP 386
2026-09-21 19:38:41,131 [BombeRLeWorld] INFO: Agent <rule_based_agent_1> chose action RIGHT in 0.00s.
2026-09-21 19:38:41,131 [BombeRLeWorld] INFO: Agent <rule_based_agent_1> stayed within acceptable think time.
2026-09-21 19:38:41,131 [BombeRLeWorld] INFO: Agent <final_code> chose action UP in 0.00s.
2026-09-21 19:38:41,131 [BombeRLeWorld] INFO: Agent <final_code> stayed within acceptable think time.
2026-09-21 19:38:41,227 [BombeRLeWorld] INFO: STARTING STEP 387
2026-09-21 19:38:41,232 [BombeRLeWorld] INFO: Agent <rule_based_agent_1> chose action LEFT in 0.00s.
2026-09-21 19:38:41,232 [BombeRLeWorld] INFO: Agent <rule_based_agent_1> stayed within acceptable think time.
2026-09-21 19:38:41,232 [BombeRLeWorld] INFO: Agent <final_code> chose action UP in 0.00s.
2026-09-21 19:38:41,232 [BombeRLeWorld] INFO: Agent <final_code> stayed within acceptable think time.
2026-09-21 19:38:41,327 [BombeRLeWorld] INFO: STARTING STEP 388
2026-09-21 19:38:41,333 [BombeRLeWorld] INFO: Agent <final_code> chose action LEFT in 0.00s.
2026-09-21 19:38:41,333 [BombeRLeWorld] INFO: Agent <final_code> stayed within acceptable think time.
2026-09-21 19:38:41,333 [BombeRLeWorld] INFO: Agent <rule_based_agent_1> chose action RIGHT in 0.00s.
2026-09-21 19:38:41,333 [BombeRLeWorld] INFO: Agent <rule_based_agent_1> stayed within acceptable think time.
2026-09-21 19:38:41,427 [BombeRLeWorld] INFO: STARTING STEP 389
2026-09-21 19:38:41,432 [BombeRLeWorld] INFO: Agent <rule_based_agent_1> chose action RIGHT in 0.00s.
2026-09-21 19:38:41,432 [BombeRLeWorld] INFO: Agent <rule_based_agent_1> stayed within acceptable think time.
2026-09-21 19:38:41,432 [BombeRLeWorld] INFO: Agent <final_code> chose action LEFT in 0.00s.
2026-09-21 19:38:41,432 [BombeRLeWorld] INFO: Agent <final_code> stayed within acceptable think time.
2026-09-21 19:38:41,432 [BombeRLeWorld] INFO: Agent <final_code>'s bomb at (np.int64(3), np.int64(3)) explodes
2026-09-21 19:38:41,527 [BombeRLeWorld] INFO: STARTING STEP 390
2026-09-21 19:38:41,532 [BombeRLeWorld] INFO: Agent <final_code> chose action DOWN in 0.00s.
2026-09-21 19:38:41,532 [BombeRLeWorld] INFO: Agent <final_code> stayed within acceptable think time.
2026-09-21 19:38:41,532 [BombeRLeWorld] INFO: Agent <rule_based_agent_1> chose action UP in 0.00s.
2026-09-21 19:38:41,532 [BombeRLeWorld] INFO: Agent <rule_based_agent_1> stayed within acceptable think time.
2026-09-21 19:38:41,627 [BombeRLeWorld] INFO: STARTING STEP 391
2026-09-21 19:38:41,632 [BombeRLeWorld] INFO: Agent <rule_based_agent_1> chose action UP in 0.00s.
2026-09-21 19:38:41,632 [BombeRLeWorld] INFO: Agent <rule_based_agent_1> stayed within acceptable think time.
2026-09-21 19:38:41,633 [BombeRLeWorld] INFO: Agent <final_code> chose action DOWN in 0.00s.
2026-09-21 19:38:41,633 [BombeRLeWorld] INFO: Agent <final_code> stayed within acceptable think time.
2026-09-21 19:38:41,727 [BombeRLeWorld] INFO: STARTING STEP 392
2026-09-21 19:38:41,733 [BombeRLeWorld] INFO: Agent <final_code> chose action BOMB in 0.00s.
2026-09-21 19:38:41,733 [BombeRLeWorld] INFO: Agent <final_code> stayed within acceptable think time.
2026-09-21 19:38:41,733 [BombeRLeWorld] INFO: Agent <final_code> drops bomb at (np.int64(1), np.int64(3))
2026-09-21 19:38:41,733 [BombeRLeWorld] INFO: Agent <rule_based_agent_1> chose action LEFT in 0.00s.
2026-09-21 19:38:41,733 [BombeRLeWorld] INFO: Agent <rule_based_agent_1> stayed within acceptable think time.
2026-09-21 19:38:41,827 [BombeRLeWorld] INFO: STARTING STEP 393
2026-09-21 19:38:41,831 [BombeRLeWorld] INFO: Agent <final_code> chose action DOWN in 0.00s.
2026-09-21 19:38:41,831 [BombeRLeWorld] INFO: Agent <final_code> stayed within acceptable think time.
2026-09-21 19:38:41,831 [BombeRLeWorld] INFO: Agent <rule_based_agent_1> chose action RIGHT in 0.00s.
2026-09-21 19:38:41,831 [BombeRLeWorld] INFO: Agent <rule_based_agent_1> stayed within acceptable think time.
2026-09-21 19:38:41,927 [BombeRLeWorld] INFO: STARTING STEP 394
2026-09-21 19:38:41,931 [BombeRLeWorld] INFO: Agent <final_code> chose action DOWN in 0.00s.
2026-09-21 19:38:41,931 [BombeRLeWorld] INFO: Agent <final_code> stayed within acceptable think time.
2026-09-21 19:38:41,931 [BombeRLeWorld] INFO: Agent <rule_based_agent_1> chose action LEFT in 0.00s.
2026-09-21 19:38:41,931 [BombeRLeWorld] INFO: Agent <rule_based_agent_1> stayed within acceptable think time.
2026-09-21 19:38:42,027 [BombeRLeWorld] INFO: STARTING STEP 395
2026-09-21 19:38:42,032 [BombeRLeWorld] INFO: Agent <final_code> chose action RIGHT in 0.00s.
2026-09-21 19:38:42,032 [BombeRLeWorld] INFO: Agent <final_code> stayed within acceptable think time.
2026-09-21 19:38:42,032 [BombeRLeWorld] INFO: Agent <rule_based_agent_1> chose action RIGHT in 0.00s.
2026-09-21 19:38:42,032 [BombeRLeWorld] INFO: Agent <rule_based_agent_1> stayed within acceptable think time.
2026-09-21 19:38:42,127 [BombeRLeWorld] INFO: STARTING STEP 396
2026-09-21 19:38:42,131 [BombeRLeWorld] INFO: Agent <final_code> chose action RIGHT in 0.00s.
2026-09-21 19:38:42,131 [BombeRLeWorld] INFO: Agent <final_code> stayed within acceptable think time.
2026-09-21 19:38:42,131 [BombeRLeWorld] INFO: Agent <rule_based_agent_1> chose action DOWN in 0.00s.
2026-09-21 19:38:42,131 [BombeRLeWorld] INFO: Agent <rule_based_agent_1> stayed within acceptable think time.
2026-09-21 19:38:42,131 [BombeRLeWorld] INFO: Agent <final_code>'s bomb at (np.int64(1), np.int64(3)) explodes
2026-09-21 19:38:42,228 [BombeRLeWorld] INFO: STARTING STEP 397
2026-09-21 19:38:42,233 [BombeRLeWorld] INFO: Agent <rule_based_agent_1> chose action DOWN in 0.00s.
2026-09-21 19:38:42,233 [BombeRLeWorld] INFO: Agent <rule_based_agent_1> stayed within acceptable think time.
2026-09-21 19:38:42,233 [BombeRLeWorld] INFO: Agent <final_code> chose action UP in 0.01s.
2026-09-21 19:38:42,233 [BombeRLeWorld] INFO: Agent <final_code> stayed within acceptable think time.
2026-09-21 19:38:42,328 [BombeRLeWorld] INFO: STARTING STEP 398
2026-09-21 19:38:42,332 [BombeRLeWorld] INFO: Agent <final_code> chose action UP in 0.00s.
2026-09-21 19:38:42,332 [BombeRLeWorld] INFO: Agent <final_code> stayed within acceptable think time.
2026-09-21 19:38:42,332 [BombeRLeWorld] INFO: Agent <rule_based_agent_1> chose action LEFT in 0.00s.
2026-09-21 19:38:42,332 [BombeRLeWorld] INFO: Agent <rule_based_agent_1> stayed within acceptable think time.
2026-09-21 19:38:42,428 [BombeRLeWorld] INFO: STARTING STEP 399
2026-09-21 19:38:42,434 [BombeRLeWorld] INFO: Agent <rule_based_agent_1> chose action LEFT in 0.00s.
2026-09-21 19:38:42,434 [BombeRLeWorld] INFO: Agent <rule_based_agent_1> stayed within acceptable think time.
2026-09-21 19:38:42,434 [BombeRLeWorld] INFO: Agent <final_code> chose action BOMB in 0.01s.
2026-09-21 19:38:42,434 [BombeRLeWorld] INFO: Agent <final_code> stayed within acceptable think time.
2026-09-21 19:38:42,434 [BombeRLeWorld] INFO: Agent <final_code> drops bomb at (np.int64(3), np.int64(3))
2026-09-21 19:38:42,528 [BombeRLeWorld] INFO: STARTING STEP 400
2026-09-21 19:38:42,532 [BombeRLeWorld] INFO: Agent <final_code> chose action LEFT in 0.00s.
2026-09-21 19:38:42,532 [BombeRLeWorld] INFO: Agent <final_code> stayed within acceptable think time.
2026-09-21 19:38:42,532 [BombeRLeWorld] INFO: Agent <rule_based_agent_1> chose action RIGHT in 0.00s.
2026-09-21 19:38:42,532 [BombeRLeWorld] INFO: Agent <rule_based_agent_1> stayed within acceptable think time.
2026-09-21 19:38:42,532 [BombeRLeWorld] INFO: Maximum number of steps reached, wrap up round
2026-09-21 19:38:42,532 [BombeRLeWorld] INFO: WRAPPING UP ROUND #1
2026-09-21 19:38:46,432 [BombeRLeWorld] INFO: STARTING ROUND #2
2026-09-21 19:38:46,533 [BombeRLeWorld] INFO: STARTING STEP 1
2026-09-21 19:38:46,535 [BombeRLeWorld] INFO: Agent <rule_based_agent_2> chose action LEFT in 0.00s.
2026-09-21 19:38:46,535 [BombeRLeWorld] INFO: Agent <rule_based_agent_2> stayed within acceptable think time.
2026-09-21 19:38:46,535 [BombeRLeWorld] INFO: Agent <rule_based_agent_1> chose action UP in 0.00s.
2026-09-21 19:38:46,535 [BombeRLeWorld] INFO: Agent <rule_based_agent_1> stayed within acceptable think time.
2026-09-21 19:38:46,535 [BombeRLeWorld] INFO: Agent <rule_based_agent_0> chose action RIGHT in 0.00s.
2026-09-21 19:38:46,535 [BombeRLeWorld] INFO: Agent <rule_based_agent_0> stayed within acceptable think time.
2026-09-21 19:38:46,535 [BombeRLeWorld] INFO: Agent <final_code> chose action RIGHT in 0.00s.
2026-09-21 19:38:46,535 [BombeRLeWorld] INFO: Agent <final_code> stayed within acceptable think time.
2026-09-21 19:38:46,633 [BombeRLeWorld] INFO: STARTING STEP 2
2026-09-21 19:38:46,635 [BombeRLeWorld] INFO: Agent <final_code> chose action RIGHT in 0.00s.
2026-09-21 19:38:46,635 [BombeRLeWorld] INFO: Agent <final_code> stayed within acceptable think time.
2026-09-21 19:38:46,635 [BombeRLeWorld] INFO: Agent <rule_based_agent_0> chose action BOMB in 0.00s.
2026-09-21 19:38:46,635 [BombeRLeWorld] INFO: Agent <rule_based_agent_0> stayed within acceptable think time.
2026-09-21 19:38:46,635 [BombeRLeWorld] INFO: Agent <rule_based_agent_0> drops bomb at (np.int64(2), np.int64(1))
2026-09-21 19:38:46,635 [BombeRLeWorld] INFO: Agent <rule_based_agent_1> chose action BOMB in 0.00s.
2026-09-21 19:38:46,635 [BombeRLeWorld] INFO: Agent <rule_based_agent_1> stayed within acceptable think time.
2026-09-21 19:38:46,635 [BombeRLeWorld] INFO: Agent <rule_based_agent_1> drops bomb at (np.int64(15), np.int64(14))
2026-09-21 19:38:46,635 [BombeRLeWorld] INFO: Agent <rule_based_agent_2> chose action BOMB in 0.00s.
2026-09-21 19:38:46,635 [BombeRLeWorld] INFO: Agent <rule_based_agent_2> stayed within acceptable think time.
2026-09-21 19:38:46,635 [BombeRLeWorld] INFO: Agent <rule_based_agent_2> drops bomb at (np.int64(14), np.int64(1))
2026-09-21 19:38:46,733 [BombeRLeWorld] INFO: STARTING STEP 3
2026-09-21 19:38:46,735 [BombeRLeWorld] INFO: Agent <rule_based_agent_1> chose action DOWN in 0.00s.
2026-09-21 19:38:46,735 [BombeRLeWorld] INFO: Agent <rule_based_agent_1> stayed within acceptable think time.
2026-09-21 19:38:46,735 [BombeRLeWorld] INFO: Agent <rule_based_agent_2> chose action RIGHT in 0.00s.
2026-09-21 19:38:46,735 [BombeRLeWorld] INFO: Agent <rule_based_agent_2> stayed within acceptable think time.
2026-09-21 19:38:46,735 [BombeRLeWorld] INFO: Agent <final_code> chose action BOMB in 0.00s.
2026-09-21 19:38:46,735 [BombeRLeWorld] INFO: Agent <final_code> stayed within acceptable think time.
2026-09-21 19:38:46,735 [BombeRLeWorld] INFO: Agent <final_code> drops bomb at (np.int64(3), np.int64(15))
2026-09-21 19:38:46,735 [BombeRLeWorld] INFO: Agent <rule_based_agent_0> chose action LEFT in 0.00s.
2026-09-21 19:38:46,735 [BombeRLeWorld] INFO: Agent <rule_based_agent_0> stayed within acceptable think time.
2026-09-21 19:38:46,833 [BombeRLeWorld] INFO: STARTING STEP 4
2026-09-21 19:38:46,835 [BombeRLeWorld] INFO: Agent <rule_based_agent_2> chose action DOWN in 0.00s.
2026-09-21 19:38:46,835 [BombeRLeWorld] INFO: Agent <rule_based_agent_2> stayed within acceptable think time.
2026-09-21 19:38:46,835 [BombeRLeWorld] INFO: Agent <rule_based_agent_1> chose action LEFT in 0.00s.
2026-09-21 19:38:46,835 [BombeRLeWorld] INFO: Agent <rule_based_agent_1> stayed within acceptable think time.
2026-09-21 19:38:46,835 [BombeRLeWorld] INFO: Agent <final_code> chose action LEFT in 0.00s.
2026-09-21 19:38:46,835 [BombeRLeWorld] INFO: Agent <final_code> stayed within acceptable think time.
2026-09-21 19:38:46,835 [BombeRLeWorld] INFO: Agent <rule_based_agent_0> chose action DOWN in 0.00s.
2026-09-21 19:38:46,835 [BombeRLeWorld] INFO: Agent <rule_based_agent_0> stayed within acceptable think time.
2026-09-21 19:38:46,933 [BombeRLeWorld] INFO: STARTING STEP 5
2026-09-21 19:38:46,935 [BombeRLeWorld] INFO: Agent <rule_based_agent_1> chose action LEFT in 0.00s.
2026-09-21 19:38:46,935 [BombeRLeWorld] INFO: Agent <rule_based_agent_1> stayed within acceptable think time.
2026-09-21 19:38:46,935 [BombeRLeWorld] INFO: Agent <final_code> chose action LEFT in 0.00s.
2026-09-21 19:38:46,935 [BombeRLeWorld] INFO: Agent <final_code> stayed within acceptable think time.
2026-09-21 19:38:46,935 [BombeRLeWorld] INFO: Agent <rule_based_agent_2> chose action UP in 0.00s.
2026-09-21 19:38:46,935 [BombeRLeWorld] INFO: Agent <rule_based_agent_2> stayed within acceptable think time.
2026-09-21 19:38:46,935 [BombeRLeWorld] INFO: Agent <rule_based_agent_0> chose action UP in 0.00s.
2026-09-21 19:38:46,935 [BombeRLeWorld] INFO: Agent <rule_based_agent_0> stayed within acceptable think time.
2026-09-21 19:38:47,033 [BombeRLeWorld] INFO: STARTING STEP 6
2026-09-21 19:38:47,035 [BombeRLeWorld] INFO: Agent <final_code> chose action UP in 0.00s.
2026-09-21 19:38:47,035 [BombeRLeWorld] INFO: Agent <final_code> stayed within acceptable think time.
2026-09-21 19:38:47,035 [BombeRLeWorld] INFO: Agent <rule_based_agent_1> chose action RIGHT in 0.00s.
2026-09-21 19:38:47,035 [BombeRLeWorld] INFO: Agent <rule_based_agent_1> stayed within acceptable think time.
2026-09-21 19:38:47,035 [BombeRLeWorld] INFO: Agent <rule_based_agent_0> chose action DOWN in 0.00s.
2026-09-21 19:38:47,035 [BombeRLeWorld] INFO: Agent <rule_based_agent_0> stayed within acceptable think time.
2026-09-21 19:38:47,035 [BombeRLeWorld] INFO: Agent <rule_based_agent_2> chose action DOWN in 0.00s.
2026-09-21 19:38:47,035 [BombeRLeWorld] INFO: Agent <rule_based_agent_2> stayed within acceptable think time.
2026-09-21 19:38:47,035 [BombeRLeWorld] INFO: Agent <rule_based_agent_0>'s bomb at (np.int64(2), np.int64(1)) explodes
2026-09-21 19:38:47,035 [BombeRLeWorld] INFO: Agent <rule_based_agent_1>'s bomb at (np.int64(15), np.int64(14)) explodes
2026-09-21 19:38:47,035 [BombeRLeWorld] INFO: Agent <rule_based_agent_2>'s bomb at (np.int64(14), np.int64(1)) explodes
2026-09-21 19:38:47,133 [BombeRLeWorld] INFO: STARTING STEP 7
2026-09-21 19:38:47,135 [BombeRLeWorld] INFO: Agent <final_code> chose action WAIT in 0.00s.
2026-09-21 19:38:47,135 [BombeRLeWorld] INFO: Agent <final_code> stayed within acceptable think time.
2026-09-21 19:38:47,135 [BombeRLeWorld] INFO: Agent <rule_based_agent_2> chose action None in 0.00s.
2026-09-21 19:38:47,135 [BombeRLeWorld] INFO: Agent <rule_based_agent_2> stayed within acceptable think time.
2026-09-21 19:38:47,135 [BombeRLeWorld] INFO: Agent <rule_based_agent_0> chose action None in 0.00s.
2026-09-21 19:38:47,135 [BombeRLeWorld] INFO: Agent <rule_based_agent_0> stayed within acceptable think time.
2026-09-21 19:38:47,135 [BombeRLeWorld] INFO: Agent <rule_based_agent_1> chose action LEFT in 0.00s.
2026-09-21 19:38:47,135 [BombeRLeWorld] INFO: Agent <rule_based_agent_1> stayed within acceptable think time.
2026-09-21 19:38:47,135 [BombeRLeWorld] INFO: Agent <final_code>'s bomb at (np.int64(3), np.int64(15)) explodes
2026-09-21 19:38:47,234 [BombeRLeWorld] INFO: STARTING STEP 8
2026-09-21 19:38:47,235 [BombeRLeWorld] INFO: Agent <final_code> chose action WAIT in 0.00s.
2026-09-21 19:38:47,235 [BombeRLeWorld] INFO: Agent <final_code> stayed within acceptable think time.
2026-09-21 19:38:47,235 [BombeRLeWorld] INFO: Agent <rule_based_agent_1> chose action RIGHT in 0.00s.
2026-09-21 19:38:47,235 [BombeRLeWorld] INFO: Agent <rule_based_agent_1> stayed within acceptable think time.
2026-09-21 19:38:47,235 [BombeRLeWorld] INFO: Agent <rule_based_agent_0> chose action UP in 0.00s.
2026-09-21 19:38:47,235 [BombeRLeWorld] INFO: Agent <rule_based_agent_0> stayed within acceptable think time.
2026-09-21 19:38:47,235 [BombeRLeWorld] INFO: Agent <rule_based_agent_2> chose action UP in 0.00s.
2026-09-21 19:38:47,235 [BombeRLeWorld] INFO: Agent <rule_based_agent_2> stayed within acceptable think time.
2026-09-21 19:38:47,333 [BombeRLeWorld] INFO: STARTING STEP 9
2026-09-21 19:38:47,336 [BombeRLeWorld] INFO: Agent <final_code> chose action DOWN in 0.00s.
2026-09-21 19:38:47,336 [BombeRLeWorld] INFO: Agent <final_code> stayed within acceptable think time.
2026-09-21 19:38:47,336 [BombeRLeWorld] INFO: Agent <rule_based_agent_2> chose action DOWN in 0.00s.
2026-09-21 19:38:47,336 [BombeRLeWorld] INFO: Agent <rule_based_agent_2> stayed within acceptable think time.
2026-09-21 19:38:47,336 [BombeRLeWorld] INFO: Agent <rule_based_agent_1> chose action LEFT in 0.00s.
2026-09-21 19:38:47,336 [BombeRLeWorld] INFO: Agent <rule_based_agent_1> stayed within acceptable think time.
2026-09-21 19:38:47,336 [BombeRLeWorld] INFO: Agent <rule_based_agent_0> chose action DOWN in 0.00s.
2026-09-21 19:38:47,336 [BombeRLeWorld] INFO: Agent <rule_based_agent_0> stayed within acceptable think time.
2026-09-21 19:38:47,434 [BombeRLeWorld] INFO: STARTING STEP 10
2026-09-21 19:38:47,435 [BombeRLeWorld] INFO: Agent <rule_based_agent_2> chose action BOMB in 0.00s.
2026-09-21 19:38:47,436 [BombeRLeWorld] INFO: Agent <rule_based_agent_2> stayed within acceptable think time.
2026-09-21 19:38:47,436 [BombeRLeWorld] INFO: Agent <rule_based_agent_2> drops bomb at (np.int64(15), np.int64(2))
2026-09-21 19:38:47,436 [BombeRLeWorld] INFO: Agent <final_code> chose action BOMB in 0.00s.
2026-09-21 19:38:47,436 [BombeRLeWorld] INFO: Agent <final_code> stayed within acceptable think time.
2026-09-21 19:38:47,436 [BombeRLeWorld] INFO: Agent <final_code> drops bomb at (np.int64(1), np.int64(15))
2026-09-21 19:38:47,436 [BombeRLeWorld] INFO: Agent <rule_based_agent_1> chose action BOMB in 0.00s.
2026-09-21 19:38:47,436 [BombeRLeWorld] INFO: Agent <rule_based_agent_1> stayed within acceptable think time.
2026-09-21 19:38:47,436 [BombeRLeWorld] INFO: Agent <rule_based_agent_1> drops bomb at (np.int64(13), np.int64(15))
2026-09-21 19:38:47,436 [BombeRLeWorld] INFO: Agent <rule_based_agent_0> chose action BOMB in 0.00s.
2026-09-21 19:38:47,436 [BombeRLeWorld] INFO: Agent <rule_based_agent_0> stayed within acceptable think time.
2026-09-21 19:38:47,436 [BombeRLeWorld] INFO: Agent <rule_based_agent_0> drops bomb at (np.int64(1), np.int64(2))
2026-09-21 19:38:47,533 [BombeRLeWorld] INFO: STARTING STEP 11
2026-09-21 19:38:47,536 [BombeRLeWorld] INFO: Agent <rule_based_agent_1> chose action RIGHT in 0.00s.
2026-09-21 19:38:47,536 [BombeRLeWorld] INFO: Agent <rule_based_agent_1> stayed within acceptable think time.
2026-09-21 19:38:47,536 [BombeRLeWorld] INFO: Agent <rule_based_agent_2> chose action UP in 0.00s.
2026-09-21 19:38:47,536 [BombeRLeWorld] INFO: Agent <rule_based_agent_2> stayed within acceptable think time.
2026-09-21 19:38:47,536 [BombeRLeWorld] INFO: Agent <final_code> chose action RIGHT in 0.00s.
2026-09-21 19:38:47,536 [BombeRLeWorld] INFO: Agent <final_code> stayed within acceptable think time.
2026-09-21 19:38:47,536 [BombeRLeWorld] INFO: Agent <rule_based_agent_0> chose action UP in 0.00s.
2026-09-21 19:38:47,536 [BombeRLeWorld] INFO: Agent <rule_based_agent_0> stayed within acceptable think time.
2026-09-21 19:38:47,633 [BombeRLeWorld] INFO: STARTING STEP 12
2026-09-21 19:38:47,636 [BombeRLeWorld] INFO: Agent <rule_based_agent_2> chose action LEFT in 0.00s.
2026-09-21 19:38:47,636 [BombeRLeWorld] INFO: Agent <rule_based_agent_2> stayed within acceptable think time.
2026-09-21 19:38:47,636 [BombeRLeWorld] INFO: Agent <rule_based_agent_1> chose action RIGHT in 0.00s.
2026-09-21 19:38:47,636 [BombeRLeWorld] INFO: Agent <rule_based_agent_1> stayed within acceptable think time.
2026-09-21 19:38:47,636 [BombeRLeWorld] INFO: Agent <final_code> chose action RIGHT in 0.00s.
2026-09-21 19:38:47,636 [BombeRLeWorld] INFO: Agent <final_code> stayed within acceptable think time.
2026-09-21 19:38:47,636 [BombeRLeWorld] INFO: Agent <rule_based_agent_0> chose action RIGHT in 0.00s.
2026-09-21 19:38:47,636 [BombeRLeWorld] INFO: Agent <rule_based_agent_0> stayed within acceptable think time.
2026-09-21 19:38:47,734 [BombeRLeWorld] INFO: STARTING STEP 13
2026-09-21 19:38:47,736 [BombeRLeWorld] INFO: Agent <rule_based_agent_0> chose action RIGHT in 0.00s.
2026-09-21 19:38:47,736 [BombeRLeWorld] INFO: Agent <rule_based_agent_0> stayed within acceptable think time.
2026-09-21 19:38:47,736 [BombeRLeWorld] INFO: Agent <final_code> chose action UP in 0.00s.
2026-09-21 19:38:47,737 [BombeRLeWorld] INFO: Agent <final_code> stayed within acceptable think time.
2026-09-21 19:38:47,737 [BombeRLeWorld] INFO: Agent <rule_based_agent_2> chose action LEFT in 0.00s.
2026-09-21 19:38:47,737 [BombeRLeWorld] INFO: Agent <rule_based_agent_2> stayed within acceptable think time.
2026-09-21 19:38:47,737 [BombeRLeWorld] INFO: Agent <rule_based_agent_1> chose action UP in 0.00s.
2026-09-21 19:38:47,737 [BombeRLeWorld] INFO: Agent <rule_based_agent_1> stayed within acceptable think time.
2026-09-21 19:38:47,834 [BombeRLeWorld] INFO: STARTING STEP 14
2026-09-21 19:38:47,836 [BombeRLeWorld] INFO: Agent <rule_based_agent_2> chose action LEFT in 0.00s.
2026-09-21 19:38:47,836 [BombeRLeWorld] INFO: Agent <rule_based_agent_2> stayed within acceptable think time.
2026-09-21 19:38:47,836 [BombeRLeWorld] INFO: Agent <final_code> chose action UP in 0.00s.
2026-09-21 19:38:47,836 [BombeRLeWorld] INFO: Agent <final_code> stayed within acceptable think time.
2026-09-21 19:38:47,836 [BombeRLeWorld] INFO: Agent <rule_based_agent_1> chose action UP in 0.00s.
2026-09-21 19:38:47,836 [BombeRLeWorld] INFO: Agent <rule_based_agent_1> stayed within acceptable think time.
2026-09-21 19:38:47,836 [BombeRLeWorld] INFO: Agent <rule_based_agent_0> chose action RIGHT in 0.00s.
2026-09-21 19:38:47,836 [BombeRLeWorld] INFO: Agent <rule_based_agent_0> stayed within acceptable think time.
2026-09-21 19:38:47,836 [BombeRLeWorld] INFO: Agent <rule_based_agent_2>'s bomb at (np.int64(15), np.int64(2)) explodes
2026-09-21 19:38:47,836 [BombeRLeWorld] INFO: Agent <final_code>'s bomb at (np.int64(1), np.int64(15)) explodes
2026-09-21 19:38:47,836 [BombeRLeWorld] INFO: Agent <rule_based_agent_1>'s bomb at (np.int64(13), np.int64(15)) explodes
2026-09-21 19:38:47,836 [BombeRLeWorld] INFO: Coin found at (np.int64(12), np.int64(15))
2026-09-21 19:38:47,836 [BombeRLeWorld] INFO: Coin found at (np.int64(13), np.int64(12))
2026-09-21 19:38:47,836 [BombeRLeWorld] INFO: Agent <rule_based_agent_0>'s bomb at (np.int64(1), np.int64(2)) explodes
2026-09-21 19:38:47,934 [BombeRLeWorld] INFO: STARTING STEP 15
2026-09-21 19:38:47,936 [BombeRLeWorld] INFO: Agent <final_code> chose action UP in 0.00s.
2026-09-21 19:38:47,936 [BombeRLeWorld] INFO: Agent <final_code> stayed within acceptable think time.
2026-09-21 19:38:47,936 [BombeRLeWorld] INFO: Agent <rule_based_agent_2> chose action LEFT in 0.00s.
2026-09-21 19:38:47,936 [BombeRLeWorld] INFO: Agent <rule_based_agent_2> stayed within acceptable think time.
2026-09-21 19:38:47,936 [BombeRLeWorld] INFO: Agent <rule_based_agent_0> chose action RIGHT in 0.00s.
2026-09-21 19:38:47,936 [BombeRLeWorld] INFO: Agent <rule_based_agent_0> stayed within acceptable think time.
2026-09-21 19:38:47,936 [BombeRLeWorld] INFO: Agent <rule_based_agent_1> chose action UP in 0.00s.
2026-09-21 19:38:47,936 [BombeRLeWorld] INFO: Agent <rule_based_agent_1> stayed within acceptable think time.
2026-09-21 19:38:48,034 [BombeRLeWorld] INFO: STARTING STEP 16
2026-09-21 19:38:48,036 [BombeRLeWorld] INFO: Agent <rule_based_agent_0> chose action LEFT in 0.00s.
2026-09-21 19:38:48,036 [BombeRLeWorld] INFO: Agent <rule_based_agent_0> stayed within acceptable think time.
2026-09-21 19:38:48,036 [BombeRLeWorld] INFO: Agent <rule_based_agent_2> chose action LEFT in 0.00s.
2026-09-21 19:38:48,036 [BombeRLeWorld] INFO: Agent <rule_based_agent_2> stayed within acceptable think time.
2026-09-21 19:38:48,036 [BombeRLeWorld] INFO: Agent <final_code> chose action DOWN in 0.00s.
2026-09-21 19:38:48,036 [BombeRLeWorld] INFO: Agent <final_code> stayed within acceptable think time.
2026-09-21 19:38:48,036 [BombeRLeWorld] INFO: Agent <rule_based_agent_1> chose action UP in 0.00s.
2026-09-21 19:38:48,036 [BombeRLeWorld] INFO: Agent <rule_based_agent_1> stayed within acceptable think time.
2026-09-21 19:38:48,134 [BombeRLeWorld] INFO: STARTING STEP 17
2026-09-21 19:38:48,136 [BombeRLeWorld] INFO: Agent <final_code> chose action BOMB in 0.00s.
2026-09-21 19:38:48,136 [BombeRLeWorld] INFO: Agent <final_code> stayed within acceptable think time.
2026-09-21 19:38:48,136 [BombeRLeWorld] INFO: Agent <final_code> drops bomb at (np.int64(3), np.int64(13))
2026-09-21 19:38:48,136 [BombeRLeWorld] INFO: Agent <rule_based_agent_1> chose action UP in 0.00s.
2026-09-21 19:38:48,136 [BombeRLeWorld] INFO: Agent <rule_based_agent_1> stayed within acceptable think time.
2026-09-21 19:38:48,136 [BombeRLeWorld] INFO: Agent <rule_based_agent_2> chose action BOMB in 0.00s.
2026-09-21 19:38:48,136 [BombeRLeWorld] INFO: Agent <rule_based_agent_2> stayed within acceptable think time.
2026-09-21 19:38:48,136 [BombeRLeWorld] INFO: Agent <rule_based_agent_2> drops bomb at (np.int64(10), np.int64(1))
2026-09-21 19:38:48,136 [BombeRLeWorld] INFO: Agent <rule_based_agent_0> chose action RIGHT in 0.00s.
2026-09-21 19:38:48,136 [BombeRLeWorld] INFO: Agent <rule_based_agent_0> stayed within acceptable think time.
2026-09-21 19:38:48,234 [BombeRLeWorld] INFO: STARTING STEP 18
2026-09-21 19:38:48,236 [BombeRLeWorld] INFO: Agent <rule_based_agent_1> chose action BOMB in 0.00s.
2026-09-21 19:38:48,236 [BombeRLeWorld] INFO: Agent <rule_based_agent_1> stayed within acceptable think time.
2026-09-21 19:38:48,236 [BombeRLeWorld] INFO: Agent <rule_based_agent_1> drops bomb at (np.int64(15), np.int64(10))
2026-09-21 19:38:48,236 [BombeRLeWorld] INFO: Agent <final_code> chose action DOWN in 0.00s.
2026-09-21 19:38:48,236 [BombeRLeWorld] INFO: Agent <final_code> stayed within acceptable think time.
2026-09-21 19:38:48,236 [BombeRLeWorld] INFO: Agent <rule_based_agent_2> chose action RIGHT in 0.00s.
2026-09-21 19:38:48,236 [BombeRLeWorld] INFO: Agent <rule_based_agent_2> stayed within acceptable think time.
2026-09-21 19:38:48,236 [BombeRLeWorld] INFO: Agent <rule_based_agent_0> chose action BOMB in 0.00s.
2026-09-21 19:38:48,236 [BombeRLeWorld] INFO: Agent <rule_based_agent_0> stayed within acceptable think time.
2026-09-21 19:38:48,236 [BombeRLeWorld] INFO: Agent <rule_based_agent_0> drops bomb at (np.int64(5), np.int64(1))
2026-09-21 19:38:48,334 [BombeRLeWorld] INFO: STARTING STEP 19
2026-09-21 19:38:48,337 [BombeRLeWorld] INFO: Agent <rule_based_agent_1> chose action DOWN in 0.00s.
2026-09-21 19:38:48,337 [BombeRLeWorld] INFO: Agent <rule_based_agent_1> stayed within acceptable think time.
2026-09-21 19:38:48,337 [BombeRLeWorld] INFO: Agent <rule_based_agent_0> chose action LEFT in 0.00s.
2026-09-21 19:38:48,337 [BombeRLeWorld] INFO: Agent <rule_based_agent_0> stayed within acceptable think time.
2026-09-21 19:38:48,337 [BombeRLeWorld] INFO: Agent <rule_based_agent_2> chose action RIGHT in 0.00s.
2026-09-21 19:38:48,337 [BombeRLeWorld] INFO: Agent <rule_based_agent_2> stayed within acceptable think time.
2026-09-21 19:38:48,337 [BombeRLeWorld] INFO: Agent <final_code> chose action DOWN in 0.00s.
2026-09-21 19:38:48,337 [BombeRLeWorld] INFO: Agent <final_code> stayed within acceptable think time.
2026-09-21 19:38:48,434 [BombeRLeWorld] INFO: STARTING STEP 20
2026-09-21 19:38:48,437 [BombeRLeWorld] INFO: Agent <rule_based_agent_2> chose action RIGHT in 0.00s.
2026-09-21 19:38:48,437 [BombeRLeWorld] INFO: Agent <rule_based_agent_2> stayed within acceptable think time.
2026-09-21 19:38:48,437 [BombeRLeWorld] INFO: Agent <final_code> chose action RIGHT in 0.00s.
2026-09-21 19:38:48,437 [BombeRLeWorld] INFO: Agent <final_code> stayed within acceptable think time.
2026-09-21 19:38:48,437 [BombeRLeWorld] INFO: Agent <rule_based_agent_0> chose action LEFT in 0.00s.
2026-09-21 19:38:48,437 [BombeRLeWorld] INFO: Agent <rule_based_agent_0> stayed within acceptable think time.
2026-09-21 19:38:48,437 [BombeRLeWorld] INFO: Agent <rule_based_agent_1> chose action DOWN in 0.00s.
2026-09-21 19:38:48,437 [BombeRLeWorld] INFO: Agent <rule_based_agent_1> stayed within acceptable think time.
2026-09-21 19:38:48,534 [BombeRLeWorld] INFO: STARTING STEP 21
2026-09-21 19:38:48,537 [BombeRLeWorld] INFO: Agent <rule_based_agent_0> chose action LEFT in 0.00s.
2026-09-21 19:38:48,537 [BombeRLeWorld] INFO: Agent <rule_based_agent_0> stayed within acceptable think time.
2026-09-21 19:38:48,537 [BombeRLeWorld] INFO: Agent <rule_based_agent_1> chose action DOWN in 0.00s.
2026-09-21 19:38:48,537 [BombeRLeWorld] INFO: Agent <rule_based_agent_1> stayed within acceptable think time.
2026-09-21 19:38:48,537 [BombeRLeWorld] INFO: Agent <final_code> chose action RIGHT in 0.00s.
2026-09-21 19:38:48,537 [BombeRLeWorld] INFO: Agent <final_code> stayed within acceptable think time.
2026-09-21 19:38:48,537 [BombeRLeWorld] INFO: Agent <rule_based_agent_2> chose action RIGHT in 0.00s.
2026-09-21 19:38:48,537 [BombeRLeWorld] INFO: Agent <rule_based_agent_2> stayed within acceptable think time.
2026-09-21 19:38:48,537 [BombeRLeWorld] INFO: Agent <final_code>'s bomb at (np.int64(3), np.int64(13)) explodes
2026-09-21 19:38:48,537 [BombeRLeWorld] INFO: Coin found at (np.int64(3), np.int64(11))
2026-09-21 19:38:48,537 [BombeRLeWorld] INFO: Agent <rule_based_agent_2>'s bomb at (np.int64(10), np.int64(1)) explodes
2026-09-21 19:38:48,635 [BombeRLeWorld] INFO: STARTING STEP 22
2026-09-21 19:38:48,638 [BombeRLeWorld] INFO: Agent <rule_based_agent_2> chose action RIGHT in 0.00s.
2026-09-21 19:38:48,638 [BombeRLeWorld] INFO: Agent <rule_based_agent_2> stayed within acceptable think time.
2026-09-21 19:38:48,638 [BombeRLeWorld] INFO: Agent <rule_based_agent_0> chose action LEFT in 0.00s.
2026-09-21 19:38:48,638 [BombeRLeWorld] INFO: Agent <rule_based_agent_0> stayed within acceptable think time.
2026-09-21 19:38:48,638 [BombeRLeWorld] INFO: Agent <rule_based_agent_1> chose action DOWN in 0.00s.
2026-09-21 19:38:48,638 [BombeRLeWorld] INFO: Agent <rule_based_agent_1> stayed within acceptable think time.
2026-09-21 19:38:48,638 [BombeRLeWorld] INFO: Agent <final_code> chose action UP in 0.00s.
2026-09-21 19:38:48,638 [BombeRLeWorld] INFO: Agent <final_code> stayed within acceptable think time.
2026-09-21 19:38:48,638 [BombeRLeWorld] INFO: Agent <rule_based_agent_1>'s bomb at (np.int64(15), np.int64(10)) explodes
2026-09-21 19:38:48,638 [BombeRLeWorld] INFO: Agent <rule_based_agent_0>'s bomb at (np.int64(5), np.int64(1)) explodes
2026-09-21 19:38:48,735 [BombeRLeWorld] INFO: STARTING STEP 23
2026-09-21 19:38:48,738 [BombeRLeWorld] INFO: Agent <final_code> chose action UP in 0.00s.
2026-09-21 19:38:48,738 [BombeRLeWorld] INFO: Agent <final_code> stayed within acceptable think time.
2026-09-21 19:38:48,738 [BombeRLeWorld] INFO: Agent <rule_based_agent_2> chose action DOWN in 0.00s.
2026-09-21 19:38:48,738 [BombeRLeWorld] INFO: Agent <rule_based_agent_2> stayed within acceptable think time.
2026-09-21 19:38:48,738 [BombeRLeWorld] INFO: Agent <rule_based_agent_0> chose action DOWN in 0.00s.
2026-09-21 19:38:48,738 [BombeRLeWorld] INFO: Agent <rule_based_agent_0> stayed within acceptable think time.
2026-09-21 19:38:48,738 [BombeRLeWorld] INFO: Agent <rule_based_agent_1> chose action DOWN in 0.00s.
2026-09-21 19:38:48,738 [BombeRLeWorld] INFO: Agent <rule_based_agent_1> stayed within acceptable think time.
2026-09-21 19:38:48,835 [BombeRLeWorld] INFO: STARTING STEP 24
2026-09-21 19:38:48,838 [BombeRLeWorld] INFO: Agent <final_code> chose action BOMB in 0.00s.
2026-09-21 19:38:48,838 [BombeRLeWorld] INFO: Agent <final_code> stayed within acceptable think time.
2026-09-21 19:38:48,838 [BombeRLeWorld] INFO: Agent <final_code> drops bomb at (np.int64(5), np.int64(13))
2026-09-21 19:38:48,838 [BombeRLeWorld] INFO: Agent <rule_based_agent_0> chose action DOWN in 0.00s.
2026-09-21 19:38:48,838 [BombeRLeWorld] INFO: Agent <rule_based_agent_0> stayed within acceptable think time.
2026-09-21 19:38:48,838 [BombeRLeWorld] INFO: Agent <rule_based_agent_1> chose action LEFT in 0.00s.
2026-09-21 19:38:48,838 [BombeRLeWorld] INFO: Agent <rule_based_agent_1> stayed within acceptable think time.
2026-09-21 19:38:48,838 [BombeRLeWorld] INFO: Agent <rule_based_agent_2> chose action DOWN in 0.00s.
2026-09-21 19:38:48,838 [BombeRLeWorld] INFO: Agent <rule_based_agent_2> stayed within acceptable think time.
2026-09-21 19:38:48,935 [BombeRLeWorld] INFO: STARTING STEP 25
2026-09-21 19:38:48,937 [BombeRLeWorld] INFO: Agent <final_code> chose action LEFT in 0.00s.
2026-09-21 19:38:48,938 [BombeRLeWorld] INFO: Agent <final_code> stayed within acceptable think time.
2026-09-21 19:38:48,938 [BombeRLeWorld] INFO: Agent <rule_based_agent_0> chose action DOWN in 0.00s.
2026-09-21 19:38:48,938 [BombeRLeWorld] INFO: Agent <rule_based_agent_0> stayed within acceptable think time.
2026-09-21 19:38:48,938 [BombeRLeWorld] INFO: Agent <rule_based_agent_2> chose action DOWN in 0.00s.
2026-09-21 19:38:48,938 [BombeRLeWorld] INFO: Agent <rule_based_agent_2> stayed within acceptable think time.
2026-09-21 19:38:48,938 [BombeRLeWorld] INFO: Agent <rule_based_agent_1> chose action LEFT in 0.00s.
2026-09-21 19:38:48,938 [BombeRLeWorld] INFO: Agent <rule_based_agent_1> stayed within acceptable think time.
2026-09-21 19:38:49,034 [BombeRLeWorld] INFO: STARTING STEP 26
2026-09-21 19:38:49,036 [BombeRLeWorld] INFO: Agent <rule_based_agent_0> chose action DOWN in 0.00s.
2026-09-21 19:38:49,036 [BombeRLeWorld] INFO: Agent <rule_based_agent_0> stayed within acceptable think time.
2026-09-21 19:38:49,036 [BombeRLeWorld] INFO: Agent <rule_based_agent_2> chose action DOWN in 0.00s.
2026-09-21 19:38:49,036 [BombeRLeWorld] INFO: Agent <rule_based_agent_2> stayed within acceptable think time.
2026-09-21 19:38:49,036 [BombeRLeWorld] INFO: Agent <rule_based_agent_1> chose action LEFT in 0.00s.
2026-09-21 19:38:49,036 [BombeRLeWorld] INFO: Agent <rule_based_agent_1> stayed within acceptable think time.
2026-09-21 19:38:49,036 [BombeRLeWorld] INFO: Agent <final_code> chose action LEFT in 0.00s.
2026-09-21 19:38:49,036 [BombeRLeWorld] INFO: Agent <final_code> stayed within acceptable think time.
2026-09-21 19:38:49,036 [BombeRLeWorld] INFO: Agent <rule_based_agent_1> picked up coin at (np.int64(12), np.int64(15)) and receives 1 point
2026-09-21 19:38:49,134 [BombeRLeWorld] INFO: STARTING STEP 27
2026-09-21 19:38:49,146 [BombeRLeWorld] INFO: Agent <final_code> chose action UP in 0.00s.
2026-09-21 19:38:49,146 [BombeRLeWorld] INFO: Agent <final_code> stayed within acceptable think time.
2026-09-21 19:38:49,146 [BombeRLeWorld] INFO: Agent <rule_based_agent_1> chose action LEFT in 0.00s.
2026-09-21 19:38:49,146 [BombeRLeWorld] INFO: Agent <rule_based_agent_1> stayed within acceptable think time.
2026-09-21 19:38:49,146 [BombeRLeWorld] INFO: Agent <rule_based_agent_2> chose action BOMB in 0.00s.
2026-09-21 19:38:49,146 [BombeRLeWorld] INFO: Agent <rule_based_agent_2> stayed within acceptable think time.
2026-09-21 19:38:49,146 [BombeRLeWorld] INFO: Agent <rule_based_agent_2> drops bomb at (np.int64(15), np.int64(5))
2026-09-21 19:38:49,146 [BombeRLeWorld] INFO: Agent <rule_based_agent_0> chose action RIGHT in 0.01s.
2026-09-21 19:38:49,146 [BombeRLeWorld] INFO: Agent <rule_based_agent_0> stayed within acceptable think time.
2026-09-21 19:38:49,235 [BombeRLeWorld] INFO: STARTING STEP 28
2026-09-21 19:38:49,237 [BombeRLeWorld] INFO: Agent <rule_based_agent_0> chose action RIGHT in 0.00s.
2026-09-21 19:38:49,237 [BombeRLeWorld] INFO: Agent <rule_based_agent_0> stayed within acceptable think time.
2026-09-21 19:38:49,237 [BombeRLeWorld] INFO: Agent <rule_based_agent_1> chose action LEFT in 0.00s.
2026-09-21 19:38:49,237 [BombeRLeWorld] INFO: Agent <rule_based_agent_1> stayed within acceptable think time.
2026-09-21 19:38:49,237 [BombeRLeWorld] INFO: Agent <rule_based_agent_2> chose action UP in 0.00s.
2026-09-21 19:38:49,237 [BombeRLeWorld] INFO: Agent <rule_based_agent_2> stayed within acceptable think time.
2026-09-21 19:38:49,237 [BombeRLeWorld] INFO: Agent <final_code> chose action UP in 0.00s.
2026-09-21 19:38:49,237 [BombeRLeWorld] INFO: Agent <final_code> stayed within acceptable think time.
2026-09-21 19:38:49,237 [BombeRLeWorld] INFO: Agent <final_code> picked up coin at (np.int64(3), np.int64(11)) and receives 1 point
2026-09-21 19:38:49,237 [BombeRLeWorld] INFO: Agent <final_code>'s bomb at (np.int64(5), np.int64(13)) explodes
2026-09-21 19:38:49,237 [BombeRLeWorld] INFO: Coin found at (np.int64(8), np.int64(13))
2026-09-21 19:38:49,335 [BombeRLeWorld] INFO: STARTING STEP 29
2026-09-21 19:38:49,338 [BombeRLeWorld] INFO: Agent <rule_based_agent_0> chose action BOMB in 0.00s.
2026-09-21 19:38:49,338 [BombeRLeWorld] INFO: Agent <rule_based_agent_0> stayed within acceptable think time.
2026-09-21 19:38:49,338 [BombeRLeWorld] INFO: Agent <rule_based_agent_0> drops bomb at (np.int64(3), np.int64(5))
2026-09-21 19:38:49,338 [BombeRLeWorld] INFO: Agent <rule_based_agent_2> chose action UP in 0.00s.
2026-09-21 19:38:49,338 [BombeRLeWorld] INFO: Agent <rule_based_agent_2> stayed within acceptable think time.
2026-09-21 19:38:49,338 [BombeRLeWorld] INFO: Agent <rule_based_agent_1> chose action LEFT in 0.00s.
2026-09-21 19:38:49,338 [BombeRLeWorld] INFO: Agent <rule_based_agent_1> stayed within acceptable think time.
2026-09-21 19:38:49,338 [BombeRLeWorld] INFO: Agent <final_code> chose action UP in 0.00s.
2026-09-21 19:38:49,338 [BombeRLeWorld] INFO: Agent <final_code> stayed within acceptable think time.
2026-09-21 19:38:49,435 [BombeRLeWorld] INFO: STARTING STEP 30
2026-09-21 19:38:49,438 [BombeRLeWorld] INFO: Agent <final_code> chose action DOWN in 0.00s.
2026-09-21 19:38:49,438 [BombeRLeWorld] INFO: Agent <final_code> stayed within acceptable think time.
2026-09-21 19:38:49,438 [BombeRLeWorld] INFO: Agent <rule_based_agent_1> chose action BOMB in 0.00s.
2026-09-21 19:38:49,438 [BombeRLeWorld] INFO: Agent <rule_based_agent_1> stayed within acceptable think time.
2026-09-21 19:38:49,438 [BombeRLeWorld] INFO: Agent <rule_based_agent_1> drops bomb at (np.int64(9), np.int64(15))
2026-09-21 19:38:49,438 [BombeRLeWorld] INFO: Agent <rule_based_agent_2> chose action UP in 0.00s.
2026-09-21 19:38:49,438 [BombeRLeWorld] INFO: Agent <rule_based_agent_2> stayed within acceptable think time.
2026-09-21 19:38:49,438 [BombeRLeWorld] INFO: Agent <rule_based_agent_0> chose action LEFT in 0.00s.
2026-09-21 19:38:49,438 [BombeRLeWorld] INFO: Agent <rule_based_agent_0> stayed within acceptable think time.
2026-09-21 19:38:49,535 [BombeRLeWorld] INFO: STARTING STEP 31
2026-09-21 19:38:49,539 [BombeRLeWorld] INFO: Agent <rule_based_agent_0> chose action LEFT in 0.00s.
2026-09-21 19:38:49,539 [BombeRLeWorld] INFO: Agent <rule_based_agent_0> stayed within acceptable think time.
2026-09-21 19:38:49,539 [BombeRLeWorld] INFO: Agent <rule_based_agent_1> chose action RIGHT in 0.00s.
2026-09-21 19:38:49,539 [BombeRLeWorld] INFO: Agent <rule_based_agent_1> stayed within acceptable think time.
2026-09-21 19:38:49,539 [BombeRLeWorld] INFO: Agent <rule_based_agent_2> chose action UP in 0.00s.
2026-09-21 19:38:49,539 [BombeRLeWorld] INFO: Agent <rule_based_agent_2> stayed within acceptable think time.
2026-09-21 19:38:49,539 [BombeRLeWorld] INFO: Agent <final_code> chose action BOMB in 0.00s.
2026-09-21 19:38:49,539 [BombeRLeWorld] INFO: Agent <final_code> stayed within acceptable think time.
2026-09-21 19:38:49,539 [BombeRLeWorld] INFO: Agent <final_code> drops bomb at (np.int64(3), np.int64(11))
2026-09-21 19:38:49,539 [BombeRLeWorld] INFO: Agent <rule_based_agent_2>'s bomb at (np.int64(15), np.int64(5)) explodes
2026-09-21 19:38:49,636 [BombeRLeWorld] INFO: STARTING STEP 32
2026-09-21 19:38:49,639 [BombeRLeWorld] INFO: Agent <rule_based_agent_2> chose action LEFT in 0.00s.
2026-09-21 19:38:49,639 [BombeRLeWorld] INFO: Agent <rule_based_agent_2> stayed within acceptable think time.
2026-09-21 19:38:49,639 [BombeRLeWorld] INFO: Agent <rule_based_agent_1> chose action RIGHT in 0.00s.
2026-09-21 19:38:49,639 [BombeRLeWorld] INFO: Agent <rule_based_agent_1> stayed within acceptable think time.
2026-09-21 19:38:49,639 [BombeRLeWorld] INFO: Agent <final_code> chose action DOWN in 0.00s.
2026-09-21 19:38:49,639 [BombeRLeWorld] INFO: Agent <final_code> stayed within acceptable think time.
2026-09-21 19:38:49,639 [BombeRLeWorld] INFO: Agent <rule_based_agent_0> chose action UP in 0.00s.
2026-09-21 19:38:49,639 [BombeRLeWorld] INFO: Agent <rule_based_agent_0> stayed within acceptable think time.
2026-09-21 19:38:49,735 [BombeRLeWorld] INFO: STARTING STEP 33
2026-09-21 19:38:49,738 [BombeRLeWorld] INFO: Agent <rule_based_agent_0> chose action UP in 0.00s.
2026-09-21 19:38:49,738 [BombeRLeWorld] INFO: Agent <rule_based_agent_0> stayed within acceptable think time.
2026-09-21 19:38:49,738 [BombeRLeWorld] INFO: Agent <final_code> chose action DOWN in 0.00s.
2026-09-21 19:38:49,738 [BombeRLeWorld] INFO: Agent <final_code> stayed within acceptable think time.
2026-09-21 19:38:49,738 [BombeRLeWorld] INFO: Agent <rule_based_agent_2> chose action LEFT in 0.00s.
2026-09-21 19:38:49,738 [BombeRLeWorld] INFO: Agent <rule_based_agent_2> stayed within acceptable think time.
2026-09-21 19:38:49,738 [BombeRLeWorld] INFO: Agent <rule_based_agent_1> chose action RIGHT in 0.00s.
2026-09-21 19:38:49,738 [BombeRLeWorld] INFO: Agent <rule_based_agent_1> stayed within acceptable think time.
2026-09-21 19:38:49,738 [BombeRLeWorld] INFO: Agent <rule_based_agent_0>'s bomb at (np.int64(3), np.int64(5)) explodes
2026-09-21 19:38:49,836 [BombeRLeWorld] INFO: STARTING STEP 34
2026-09-21 19:38:49,839 [BombeRLeWorld] INFO: Agent <rule_based_agent_0> chose action DOWN in 0.00s.
2026-09-21 19:38:49,839 [BombeRLeWorld] INFO: Agent <rule_based_agent_0> stayed within acceptable think time.
2026-09-21 19:38:49,839 [BombeRLeWorld] INFO: Agent <rule_based_agent_2> chose action LEFT in 0.00s.
2026-09-21 19:38:49,839 [BombeRLeWorld] INFO: Agent <rule_based_agent_2> stayed within acceptable think time.
2026-09-21 19:38:49,839 [BombeRLeWorld] INFO: Agent <rule_based_agent_1> chose action RIGHT in 0.00s.
2026-09-21 19:38:49,839 [BombeRLeWorld] INFO: Agent <rule_based_agent_1> stayed within acceptable think time.
2026-09-21 19:38:49,839 [BombeRLeWorld] INFO: Agent <final_code> chose action RIGHT in 0.00s.
2026-09-21 19:38:49,839 [BombeRLeWorld] INFO: Agent <final_code> stayed within acceptable think time.
2026-09-21 19:38:49,839 [BombeRLeWorld] INFO: Agent <rule_based_agent_1>'s bomb at (np.int64(9), np.int64(15)) explodes
2026-09-21 19:38:49,936 [BombeRLeWorld] INFO: STARTING STEP 35
2026-09-21 19:38:49,940 [BombeRLeWorld] INFO: Agent <rule_based_agent_2> chose action LEFT in 0.00s.
2026-09-21 19:38:49,940 [BombeRLeWorld] INFO: Agent <rule_based_agent_2> stayed within acceptable think time.
2026-09-21 19:38:49,940 [BombeRLeWorld] INFO: Agent <final_code> chose action RIGHT in 0.00s.
2026-09-21 19:38:49,940 [BombeRLeWorld] INFO: Agent <final_code> stayed within acceptable think time.
2026-09-21 19:38:49,940 [BombeRLeWorld] INFO: Agent <rule_based_agent_0> chose action DOWN in 0.00s.
2026-09-21 19:38:49,940 [BombeRLeWorld] INFO: Agent <rule_based_agent_0> stayed within acceptable think time.
2026-09-21 19:38:49,940 [BombeRLeWorld] INFO: Agent <rule_based_agent_1> chose action UP in 0.00s.
2026-09-21 19:38:49,940 [BombeRLeWorld] INFO: Agent <rule_based_agent_1> stayed within acceptable think time.
2026-09-21 19:38:49,940 [BombeRLeWorld] INFO: Agent <final_code>'s bomb at (np.int64(3), np.int64(11)) explodes
2026-09-21 19:38:50,036 [BombeRLeWorld] INFO: STARTING STEP 36
2026-09-21 19:38:50,041 [BombeRLeWorld] INFO: Agent <rule_based_agent_0> chose action RIGHT in 0.00s.
2026-09-21 19:38:50,041 [BombeRLeWorld] INFO: Agent <rule_based_agent_0> stayed within acceptable think time.
2026-09-21 19:38:50,041 [BombeRLeWorld] INFO: Agent <final_code> chose action RIGHT in 0.00s.
2026-09-21 19:38:50,041 [BombeRLeWorld] INFO: Agent <final_code> stayed within acceptable think time.
2026-09-21 19:38:50,041 [BombeRLeWorld] INFO: Agent <rule_based_agent_2> chose action LEFT in 0.00s.
2026-09-21 19:38:50,041 [BombeRLeWorld] INFO: Agent <rule_based_agent_2> stayed within acceptable think time.
2026-09-21 19:38:50,041 [BombeRLeWorld] INFO: Agent <rule_based_agent_1> chose action UP in 0.00s.
2026-09-21 19:38:50,041 [BombeRLeWorld] INFO: Agent <rule_based_agent_1> stayed within acceptable think time.
2026-09-21 19:38:50,136 [BombeRLeWorld] INFO: STARTING STEP 37
2026-09-21 19:38:50,140 [BombeRLeWorld] INFO: Agent <rule_based_agent_1> chose action LEFT in 0.00s.
2026-09-21 19:38:50,140 [BombeRLeWorld] INFO: Agent <rule_based_agent_1> stayed within acceptable think time.
2026-09-21 19:38:50,140 [BombeRLeWorld] INFO: Agent <rule_based_agent_2> chose action LEFT in 0.00s.
2026-09-21 19:38:50,140 [BombeRLeWorld] INFO: Agent <rule_based_agent_2> stayed within acceptable think time.
2026-09-21 19:38:50,140 [BombeRLeWorld] INFO: Agent <final_code> chose action RIGHT in 0.00s.
2026-09-21 19:38:50,140 [BombeRLeWorld] INFO: Agent <final_code> stayed within acceptable think time.
2026-09-21 19:38:50,140 [BombeRLeWorld] INFO: Agent <rule_based_agent_0> chose action RIGHT in 0.00s.
2026-09-21 19:38:50,140 [BombeRLeWorld] INFO: Agent <rule_based_agent_0> stayed within acceptable think time.
2026-09-21 19:38:50,236 [BombeRLeWorld] INFO: STARTING STEP 38
2026-09-21 19:38:50,240 [BombeRLeWorld] INFO: Agent <rule_based_agent_1> chose action BOMB in 0.00s.
2026-09-21 19:38:50,240 [BombeRLeWorld] INFO: Agent <rule_based_agent_1> stayed within acceptable think time.
2026-09-21 19:38:50,240 [BombeRLeWorld] INFO: Agent <rule_based_agent_1> drops bomb at (np.int64(12), np.int64(13))
2026-09-21 19:38:50,240 [BombeRLeWorld] INFO: Agent <rule_based_agent_2> chose action DOWN in 0.00s.
2026-09-21 19:38:50,240 [BombeRLeWorld] INFO: Agent <rule_based_agent_2> stayed within acceptable think time.
2026-09-21 19:38:50,240 [BombeRLeWorld] INFO: Agent <final_code> chose action BOMB in 0.00s.
2026-09-21 19:38:50,240 [BombeRLeWorld] INFO: Agent <final_code> stayed within acceptable think time.
2026-09-21 19:38:50,240 [BombeRLeWorld] INFO: Agent <final_code> drops bomb at (np.int64(7), np.int64(13))
2026-09-21 19:38:50,240 [BombeRLeWorld] INFO: Agent <rule_based_agent_0> chose action RIGHT in 0.00s.
2026-09-21 19:38:50,240 [BombeRLeWorld] INFO: Agent <rule_based_agent_0> stayed within acceptable think time.
2026-09-21 19:38:50,336 [BombeRLeWorld] INFO: STARTING STEP 39
2026-09-21 19:38:50,340 [BombeRLeWorld] INFO: Agent <rule_based_agent_1> chose action RIGHT in 0.00s.
2026-09-21 19:38:50,340 [BombeRLeWorld] INFO: Agent <rule_based_agent_1> stayed within acceptable think time.
2026-09-21 19:38:50,340 [BombeRLeWorld] INFO: Agent <rule_based_agent_2> chose action BOMB in 0.00s.
2026-09-21 19:38:50,340 [BombeRLeWorld] INFO: Agent <rule_based_agent_2> stayed within acceptable think time.
2026-09-21 19:38:50,340 [BombeRLeWorld] INFO: Agent <rule_based_agent_2> drops bomb at (np.int64(9), np.int64(2))
2026-09-21 19:38:50,340 [BombeRLeWorld] INFO: Agent <final_code> chose action RIGHT in 0.00s.
2026-09-21 19:38:50,340 [BombeRLeWorld] INFO: Agent <final_code> stayed within acceptable think time.
2026-09-21 19:38:50,340 [BombeRLeWorld] INFO: Agent <rule_based_agent_0> chose action RIGHT in 0.00s.
2026-09-21 19:38:50,340 [BombeRLeWorld] INFO: Agent <rule_based_agent_0> stayed within acceptable think time.
2026-09-21 19:38:50,340 [BombeRLeWorld] INFO: Agent <final_code> picked up coin at (np.int64(8), np.int64(13)) and receives 1 point
2026-09-21 19:38:50,436 [BombeRLeWorld] INFO: STARTING STEP 40
2026-09-21 19:38:50,439 [BombeRLeWorld] INFO: Agent <final_code> chose action RIGHT in 0.00s.
2026-09-21 19:38:50,440 [BombeRLeWorld] INFO: Agent <final_code> stayed within acceptable think time.
2026-09-21 19:38:50,440 [BombeRLeWorld] INFO: Agent <rule_based_agent_1> chose action DOWN in 0.00s.
2026-09-21 19:38:50,440 [BombeRLeWorld] INFO: Agent <rule_based_agent_1> stayed within acceptable think time.
2026-09-21 19:38:50,440 [BombeRLeWorld] INFO: Agent <rule_based_agent_0> chose action RIGHT in 0.00s.
2026-09-21 19:38:50,440 [BombeRLeWorld] INFO: Agent <rule_based_agent_0> stayed within acceptable think time.
2026-09-21 19:38:50,440 [BombeRLeWorld] INFO: Agent <rule_based_agent_2> chose action UP in 0.00s.
2026-09-21 19:38:50,440 [BombeRLeWorld] INFO: Agent <rule_based_agent_2> stayed within acceptable think time.
2026-09-21 19:38:50,536 [BombeRLeWorld] INFO: STARTING STEP 41
2026-09-21 19:38:50,541 [BombeRLeWorld] INFO: Agent <final_code> chose action DOWN in 0.00s.
2026-09-21 19:38:50,541 [BombeRLeWorld] INFO: Agent <final_code> stayed within acceptable think time.
2026-09-21 19:38:50,541 [BombeRLeWorld] INFO: Agent <rule_based_agent_0> chose action BOMB in 0.00s.
2026-09-21 19:38:50,541 [BombeRLeWorld] INFO: Agent <rule_based_agent_0> stayed within acceptable think time.
2026-09-21 19:38:50,541 [BombeRLeWorld] INFO: Agent <rule_based_agent_0> drops bomb at (np.int64(6), np.int64(5))
2026-09-21 19:38:50,541 [BombeRLeWorld] INFO: Agent <rule_based_agent_1> chose action UP in 0.00s.
2026-09-21 19:38:50,541 [BombeRLeWorld] INFO: Agent <rule_based_agent_1> stayed within acceptable think time.
2026-09-21 19:38:50,541 [BombeRLeWorld] INFO: Agent <rule_based_agent_2> chose action RIGHT in 0.00s.
2026-09-21 19:38:50,541 [BombeRLeWorld] INFO: Agent <rule_based_agent_2> stayed within acceptable think time.
2026-09-21 19:38:50,636 [BombeRLeWorld] INFO: STARTING STEP 42
2026-09-21 19:38:50,641 [BombeRLeWorld] INFO: Agent <final_code> chose action DOWN in 0.00s.
2026-09-21 19:38:50,641 [BombeRLeWorld] INFO: Agent <final_code> stayed within acceptable think time.
2026-09-21 19:38:50,641 [BombeRLeWorld] INFO: Agent <rule_based_agent_2> chose action RIGHT in 0.00s.
2026-09-21 19:38:50,641 [BombeRLeWorld] INFO: Agent <rule_based_agent_2> stayed within acceptable think time.
2026-09-21 19:38:50,641 [BombeRLeWorld] INFO: Agent <rule_based_agent_1> chose action DOWN in 0.00s.
2026-09-21 19:38:50,641 [BombeRLeWorld] INFO: Agent <rule_based_agent_1> stayed within acceptable think time.
2026-09-21 19:38:50,641 [BombeRLeWorld] INFO: Agent <rule_based_agent_0> chose action LEFT in 0.00s.
2026-09-21 19:38:50,641 [BombeRLeWorld] INFO: Agent <rule_based_agent_0> stayed within acceptable think time.
2026-09-21 19:38:50,641 [BombeRLeWorld] INFO: Agent <rule_based_agent_1>'s bomb at (np.int64(12), np.int64(13)) explodes
2026-09-21 19:38:50,641 [BombeRLeWorld] INFO: Agent <final_code>'s bomb at (np.int64(7), np.int64(13)) explodes
2026-09-21 19:38:50,641 [BombeRLeWorld] INFO: Coin found at (np.int64(7), np.int64(12))
2026-09-21 19:38:50,736 [BombeRLeWorld] INFO: STARTING STEP 43
2026-09-21 19:38:50,742 [BombeRLeWorld] INFO: Agent <final_code> chose action UP in 0.00s.
2026-09-21 19:38:50,742 [BombeRLeWorld] INFO: Agent <final_code> stayed within acceptable think time.
2026-09-21 19:38:50,742 [BombeRLeWorld] INFO: Agent <rule_based_agent_2> chose action LEFT in 0.00s.
2026-09-21 19:38:50,742 [BombeRLeWorld] INFO: Agent <rule_based_agent_2> stayed within acceptable think time.
2026-09-21 19:38:50,742 [BombeRLeWorld] INFO: Agent <rule_based_agent_1> chose action DOWN in 0.00s.
2026-09-21 19:38:50,742 [BombeRLeWorld] INFO: Agent <rule_based_agent_1> stayed within acceptable think time.
2026-09-21 19:38:50,742 [BombeRLeWorld] INFO: Agent <rule_based_agent_0> chose action UP in 0.00s.
2026-09-21 19:38:50,742 [BombeRLeWorld] INFO: Agent <rule_based_agent_0> stayed within acceptable think time.
2026-09-21 19:38:50,742 [BombeRLeWorld] INFO: Agent <rule_based_agent_2>'s bomb at (np.int64(9), np.int64(2)) explodes
2026-09-21 19:38:50,836 [BombeRLeWorld] INFO: STARTING STEP 44
2026-09-21 19:38:50,841 [BombeRLeWorld] INFO: Agent <rule_based_agent_2> chose action RIGHT in 0.00s.
2026-09-21 19:38:50,841 [BombeRLeWorld] INFO: Agent <rule_based_agent_2> stayed within acceptable think time.
2026-09-21 19:38:50,841 [BombeRLeWorld] INFO: Agent <rule_based_agent_1> chose action UP in 0.00s.
2026-09-21 19:38:50,841 [BombeRLeWorld] INFO: Agent <rule_based_agent_1> stayed within acceptable think time.
2026-09-21 19:38:50,841 [BombeRLeWorld] INFO: Agent <final_code> chose action UP in 0.00s.
2026-09-21 19:38:50,841 [BombeRLeWorld] INFO: Agent <final_code> stayed within acceptable think time.
2026-09-21 19:38:50,841 [BombeRLeWorld] INFO: Agent <rule_based_agent_0> chose action DOWN in 0.00s.
2026-09-21 19:38:50,842 [BombeRLeWorld] INFO: Agent <rule_based_agent_0> stayed within acceptable think time.
2026-09-21 19:38:50,936 [BombeRLeWorld] INFO: STARTING STEP 45
2026-09-21 19:38:50,942 [BombeRLeWorld] INFO: Agent <final_code> chose action BOMB in 0.00s.
2026-09-21 19:38:50,942 [BombeRLeWorld] INFO: Agent <final_code> stayed within acceptable think time.
2026-09-21 19:38:50,942 [BombeRLeWorld] INFO: Agent <final_code> drops bomb at (np.int64(9), np.int64(13))
2026-09-21 19:38:50,942 [BombeRLeWorld] INFO: Agent <rule_based_agent_0> chose action UP in 0.00s.
2026-09-21 19:38:50,942 [BombeRLeWorld] INFO: Agent <rule_based_agent_0> stayed within acceptable think time.
2026-09-21 19:38:50,942 [BombeRLeWorld] INFO: Agent <rule_based_agent_1> chose action UP in 0.00s.
2026-09-21 19:38:50,942 [BombeRLeWorld] INFO: Agent <rule_based_agent_1> stayed within acceptable think time.
2026-09-21 19:38:50,942 [BombeRLeWorld] INFO: Agent <rule_based_agent_2> chose action LEFT in 0.00s.
2026-09-21 19:38:50,942 [BombeRLeWorld] INFO: Agent <rule_based_agent_2> stayed within acceptable think time.
2026-09-21 19:38:50,942 [BombeRLeWorld] INFO: Agent <rule_based_agent_0>'s bomb at (np.int64(6), np.int64(5)) explodes
2026-09-21 19:38:51,036 [BombeRLeWorld] INFO: STARTING STEP 46
2026-09-21 19:38:51,041 [BombeRLeWorld] INFO: Agent <rule_based_agent_1> chose action UP in 0.00s.
2026-09-21 19:38:51,041 [BombeRLeWorld] INFO: Agent <rule_based_agent_1> stayed within acceptable think time.
2026-09-21 19:38:51,041 [BombeRLeWorld] INFO: Agent <rule_based_agent_0> chose action UP in 0.00s.
2026-09-21 19:38:51,041 [BombeRLeWorld] INFO: Agent <rule_based_agent_0> stayed within acceptable think time.
2026-09-21 19:38:51,041 [BombeRLeWorld] INFO: Agent <final_code> chose action LEFT in 0.00s.
2026-09-21 19:38:51,041 [BombeRLeWorld] INFO: Agent <final_code> stayed within acceptable think time.
2026-09-21 19:38:51,041 [BombeRLeWorld] INFO: Agent <rule_based_agent_2> chose action LEFT in 0.00s.
2026-09-21 19:38:51,041 [BombeRLeWorld] INFO: Agent <rule_based_agent_2> stayed within acceptable think time.
2026-09-21 19:38:51,041 [BombeRLeWorld] INFO: Agent <rule_based_agent_1> picked up coin at (np.int64(13), np.int64(12)) and receives 1 point
2026-09-21 19:38:51,136 [BombeRLeWorld] INFO: STARTING STEP 47
2026-09-21 19:38:51,141 [BombeRLeWorld] INFO: Agent <rule_based_agent_2> chose action DOWN in 0.00s.
2026-09-21 19:38:51,141 [BombeRLeWorld] INFO: Agent <rule_based_agent_2> stayed within acceptable think time.
2026-09-21 19:38:51,141 [BombeRLeWorld] INFO: Agent <rule_based_agent_0> chose action DOWN in 0.00s.
2026-09-21 19:38:51,141 [BombeRLeWorld] INFO: Agent <rule_based_agent_0> stayed within acceptable think time.
2026-09-21 19:38:51,141 [BombeRLeWorld] INFO: Agent <rule_based_agent_1> chose action BOMB in 0.00s.
2026-09-21 19:38:51,141 [BombeRLeWorld] INFO: Agent <rule_based_agent_1> stayed within acceptable think time.
2026-09-21 19:38:51,141 [BombeRLeWorld] INFO: Agent <rule_based_agent_1> drops bomb at (np.int64(13), np.int64(12))
2026-09-21 19:38:51,141 [BombeRLeWorld] INFO: Agent <final_code> chose action LEFT in 0.00s.
2026-09-21 19:38:51,141 [BombeRLeWorld] INFO: Agent <final_code> stayed within acceptable think time.
2026-09-21 19:38:51,236 [BombeRLeWorld] INFO: STARTING STEP 48
2026-09-21 19:38:51,242 [BombeRLeWorld] INFO: Agent <rule_based_agent_0> chose action DOWN in 0.00s.
2026-09-21 19:38:51,242 [BombeRLeWorld] INFO: Agent <rule_based_agent_0> stayed within acceptable think time.
2026-09-21 19:38:51,242 [BombeRLeWorld] INFO: Agent <rule_based_agent_1> chose action DOWN in 0.00s.
2026-09-21 19:38:51,242 [BombeRLeWorld] INFO: Agent <rule_based_agent_1> stayed within acceptable think time.
2026-09-21 19:38:51,242 [BombeRLeWorld] INFO: Agent <rule_based_agent_2> chose action DOWN in 0.00s.
2026-09-21 19:38:51,242 [BombeRLeWorld] INFO: Agent <rule_based_agent_2> stayed within acceptable think time.
2026-09-21 19:38:51,242 [BombeRLeWorld] INFO: Agent <final_code> chose action UP in 0.00s.
2026-09-21 19:38:51,242 [BombeRLeWorld] INFO: Agent <final_code> stayed within acceptable think time.
2026-09-21 19:38:51,242 [BombeRLeWorld] INFO: Agent <final_code> picked up coin at (np.int64(7), np.int64(12)) and receives 1 point
2026-09-21 19:38:51,336 [BombeRLeWorld] INFO: STARTING STEP 49
2026-09-21 19:38:51,341 [BombeRLeWorld] INFO: Agent <rule_based_agent_1> chose action RIGHT in 0.00s.
2026-09-21 19:38:51,341 [BombeRLeWorld] INFO: Agent <rule_based_agent_1> stayed within acceptable think time.
2026-09-21 19:38:51,341 [BombeRLeWorld] INFO: Agent <rule_based_agent_0> chose action RIGHT in 0.00s.
2026-09-21 19:38:51,341 [BombeRLeWorld] INFO: Agent <rule_based_agent_0> stayed within acceptable think time.
2026-09-21 19:38:51,341 [BombeRLeWorld] INFO: Agent <final_code> chose action UP in 0.00s.
2026-09-21 19:38:51,341 [BombeRLeWorld] INFO: Agent <final_code> stayed within acceptable think time.
2026-09-21 19:38:51,341 [BombeRLeWorld] INFO: Agent <rule_based_agent_2> chose action DOWN in 0.00s.
2026-09-21 19:38:51,341 [BombeRLeWorld] INFO: Agent <rule_based_agent_2> stayed within acceptable think time.
2026-09-21 19:38:51,341 [BombeRLeWorld] INFO: Agent <final_code>'s bomb at (np.int64(9), np.int64(13)) explodes
2026-09-21 19:38:51,437 [BombeRLeWorld] INFO: STARTING STEP 50
2026-09-21 19:38:51,442 [BombeRLeWorld] INFO: Agent <rule_based_agent_2> chose action DOWN in 0.00s.
2026-09-21 19:38:51,442 [BombeRLeWorld] INFO: Agent <rule_based_agent_2> stayed within acceptable think time.
2026-09-21 19:38:51,442 [BombeRLeWorld] INFO: Agent <final_code> chose action WAIT in 0.00s.
2026-09-21 19:38:51,442 [BombeRLeWorld] INFO: Agent <final_code> stayed within acceptable think time.
2026-09-21 19:38:51,442 [BombeRLeWorld] INFO: Agent <rule_based_agent_0> chose action RIGHT in 0.00s.
2026-09-21 19:38:51,442 [BombeRLeWorld] INFO: Agent <rule_based_agent_0> stayed within acceptable think time.
2026-09-21 19:38:51,442 [BombeRLeWorld] INFO: Agent <rule_based_agent_1> chose action LEFT in 0.00s.
2026-09-21 19:38:51,442 [BombeRLeWorld] INFO: Agent <rule_based_agent_1> stayed within acceptable think time.
2026-09-21 19:38:51,537 [BombeRLeWorld] INFO: STARTING STEP 51
2026-09-21 19:38:51,542 [BombeRLeWorld] INFO: Agent <rule_based_agent_2> chose action RIGHT in 0.00s.
2026-09-21 19:38:51,542 [BombeRLeWorld] INFO: Agent <rule_based_agent_2> stayed within acceptable think time.
2026-09-21 19:38:51,542 [BombeRLeWorld] INFO: Agent <final_code> chose action WAIT in 0.00s.
2026-09-21 19:38:51,542 [BombeRLeWorld] INFO: Agent <final_code> stayed within acceptable think time.
2026-09-21 19:38:51,542 [BombeRLeWorld] INFO: Agent <rule_based_agent_0> chose action DOWN in 0.00s.
2026-09-21 19:38:51,542 [BombeRLeWorld] INFO: Agent <rule_based_agent_0> stayed within acceptable think time.
2026-09-21 19:38:51,542 [BombeRLeWorld] INFO: Agent <rule_based_agent_1> chose action RIGHT in 0.00s.
2026-09-21 19:38:51,542 [BombeRLeWorld] INFO: Agent <rule_based_agent_1> stayed within acceptable think time.
2026-09-21 19:38:51,542 [BombeRLeWorld] INFO: Agent <rule_based_agent_1>'s bomb at (np.int64(13), np.int64(12)) explodes
2026-09-21 19:38:51,542 [BombeRLeWorld] INFO: Coin found at (np.int64(13), np.int64(10))
2026-09-21 19:38:51,637 [BombeRLeWorld] INFO: STARTING STEP 52
2026-09-21 19:38:51,642 [BombeRLeWorld] INFO: Agent <final_code> chose action BOMB in 0.00s.
2026-09-21 19:38:51,642 [BombeRLeWorld] INFO: Agent <final_code> stayed within acceptable think time.
2026-09-21 19:38:51,642 [BombeRLeWorld] INFO: Agent <final_code> drops bomb at (np.int64(7), np.int64(11))
2026-09-21 19:38:51,642 [BombeRLeWorld] INFO: Agent <rule_based_agent_0> chose action BOMB in 0.00s.
2026-09-21 19:38:51,642 [BombeRLeWorld] INFO: Agent <rule_based_agent_0> stayed within acceptable think time.
2026-09-21 19:38:51,642 [BombeRLeWorld] INFO: Agent <rule_based_agent_0> drops bomb at (np.int64(7), np.int64(6))
2026-09-21 19:38:51,642 [BombeRLeWorld] INFO: Agent <rule_based_agent_1> chose action RIGHT in 0.00s.
2026-09-21 19:38:51,642 [BombeRLeWorld] INFO: Agent <rule_based_agent_1> stayed within acceptable think time.
2026-09-21 19:38:51,642 [BombeRLeWorld] INFO: Agent <rule_based_agent_2> chose action BOMB in 0.00s.
2026-09-21 19:38:51,642 [BombeRLeWorld] INFO: Agent <rule_based_agent_2> stayed within acceptable think time.
2026-09-21 19:38:51,642 [BombeRLeWorld] INFO: Agent <rule_based_agent_2> drops bomb at (np.int64(10), np.int64(5))
2026-09-21 19:38:51,737 [BombeRLeWorld] INFO: STARTING STEP 53
2026-09-21 19:38:51,743 [BombeRLeWorld] INFO: Agent <rule_based_agent_1> chose action LEFT in 0.00s.
2026-09-21 19:38:51,743 [BombeRLeWorld] INFO: Agent <rule_based_agent_1> stayed within acceptable think time.
2026-09-21 19:38:51,743 [BombeRLeWorld] INFO: Agent <rule_based_agent_2> chose action LEFT in 0.00s.
2026-09-21 19:38:51,743 [BombeRLeWorld] INFO: Agent <rule_based_agent_2> stayed within acceptable think time.
2026-09-21 19:38:51,743 [BombeRLeWorld] INFO: Agent <final_code> chose action DOWN in 0.00s.
2026-09-21 19:38:51,743 [BombeRLeWorld] INFO: Agent <final_code> stayed within acceptable think time.
2026-09-21 19:38:51,743 [BombeRLeWorld] INFO: Agent <rule_based_agent_0> chose action UP in 0.00s.
2026-09-21 19:38:51,743 [BombeRLeWorld] INFO: Agent <rule_based_agent_0> stayed within acceptable think time.
2026-09-21 19:38:51,837 [BombeRLeWorld] INFO: STARTING STEP 54
2026-09-21 19:38:51,841 [BombeRLeWorld] INFO: Agent <rule_based_agent_0> chose action LEFT in 0.00s.
2026-09-21 19:38:51,841 [BombeRLeWorld] INFO: Agent <rule_based_agent_0> stayed within acceptable think time.
2026-09-21 19:38:51,841 [BombeRLeWorld] INFO: Agent <rule_based_agent_2> chose action UP in 0.00s.
2026-09-21 19:38:51,841 [BombeRLeWorld] INFO: Agent <rule_based_agent_2> stayed within acceptable think time.
2026-09-21 19:38:51,841 [BombeRLeWorld] INFO: Agent <final_code> chose action DOWN in 0.00s.
2026-09-21 19:38:51,841 [BombeRLeWorld] INFO: Agent <final_code> stayed within acceptable think time.
2026-09-21 19:38:51,841 [BombeRLeWorld] INFO: Agent <rule_based_agent_1> chose action LEFT in 0.00s.
2026-09-21 19:38:51,841 [BombeRLeWorld] INFO: Agent <rule_based_agent_1> stayed within acceptable think time.
2026-09-21 19:38:51,937 [BombeRLeWorld] INFO: STARTING STEP 55
2026-09-21 19:38:51,943 [BombeRLeWorld] INFO: Agent <rule_based_agent_0> chose action LEFT in 0.00s.
2026-09-21 19:38:51,943 [BombeRLeWorld] INFO: Agent <rule_based_agent_0> stayed within acceptable think time.
2026-09-21 19:38:51,943 [BombeRLeWorld] INFO: Agent <rule_based_agent_1> chose action UP in 0.00s.
2026-09-21 19:38:51,943 [BombeRLeWorld] INFO: Agent <rule_based_agent_1> stayed within acceptable think time.
2026-09-21 19:38:51,943 [BombeRLeWorld] INFO: Agent <final_code> chose action RIGHT in 0.00s.
2026-09-21 19:38:51,943 [BombeRLeWorld] INFO: Agent <final_code> stayed within acceptable think time.
2026-09-21 19:38:51,943 [BombeRLeWorld] INFO: Agent <rule_based_agent_2> chose action DOWN in 0.00s.
2026-09-21 19:38:51,943 [BombeRLeWorld] INFO: Agent <rule_based_agent_2> stayed within acceptable think time.
2026-09-21 19:38:52,037 [BombeRLeWorld] INFO: STARTING STEP 56
2026-09-21 19:38:52,041 [BombeRLeWorld] INFO: Agent <rule_based_agent_1> chose action UP in 0.00s.
2026-09-21 19:38:52,041 [BombeRLeWorld] INFO: Agent <rule_based_agent_1> stayed within acceptable think time.
2026-09-21 19:38:52,041 [BombeRLeWorld] INFO: Agent <final_code> chose action RIGHT in 0.00s.
2026-09-21 19:38:52,041 [BombeRLeWorld] INFO: Agent <final_code> stayed within acceptable think time.
2026-09-21 19:38:52,042 [BombeRLeWorld] INFO: Agent <rule_based_agent_0> chose action LEFT in 0.00s.
2026-09-21 19:38:52,042 [BombeRLeWorld] INFO: Agent <rule_based_agent_0> stayed within acceptable think time.
2026-09-21 19:38:52,042 [BombeRLeWorld] INFO: Agent <rule_based_agent_2> chose action UP in 0.00s.
2026-09-21 19:38:52,042 [BombeRLeWorld] INFO: Agent <rule_based_agent_2> stayed within acceptable think time.
2026-09-21 19:38:52,042 [BombeRLeWorld] INFO: Agent <final_code>'s bomb at (np.int64(7), np.int64(11)) explodes
2026-09-21 19:38:52,042 [BombeRLeWorld] INFO: Agent <rule_based_agent_0>'s bomb at (np.int64(7), np.int64(6)) explodes
2026-09-21 19:38:52,042 [BombeRLeWorld] INFO: Agent <rule_based_agent_2>'s bomb at (np.int64(10), np.int64(5)) explodes
2026-09-21 19:38:52,137 [BombeRLeWorld] INFO: STARTING STEP 57
2026-09-21 19:38:52,144 [BombeRLeWorld] INFO: Agent <rule_based_agent_1> chose action UP in 0.00s.
2026-09-21 19:38:52,144 [BombeRLeWorld] INFO: Agent <rule_based_agent_1> stayed within acceptable think time.
2026-09-21 19:38:52,144 [BombeRLeWorld] INFO: Agent <final_code> chose action RIGHT in 0.00s.
2026-09-21 19:38:52,144 [BombeRLeWorld] INFO: Agent <final_code> stayed within acceptable think time.
2026-09-21 19:38:52,144 [BombeRLeWorld] INFO: Agent <rule_based_agent_0> chose action RIGHT in 0.00s.
2026-09-21 19:38:52,144 [BombeRLeWorld] INFO: Agent <rule_based_agent_0> stayed within acceptable think time.
2026-09-21 19:38:52,144 [BombeRLeWorld] INFO: Agent <rule_based_agent_2> chose action UP in 0.00s.
2026-09-21 19:38:52,144 [BombeRLeWorld] INFO: Agent <rule_based_agent_2> stayed within acceptable think time.
2026-09-21 19:38:52,144 [BombeRLeWorld] INFO: Agent <rule_based_agent_1> picked up coin at (np.int64(13), np.int64(10)) and receives 1 point
2026-09-21 19:38:52,237 [BombeRLeWorld] INFO: STARTING STEP 58
2026-09-21 19:38:52,242 [BombeRLeWorld] INFO: Agent <rule_based_agent_2> chose action DOWN in 0.00s.
2026-09-21 19:38:52,242 [BombeRLeWorld] INFO: Agent <rule_based_agent_2> stayed within acceptable think time.
2026-09-21 19:38:52,242 [BombeRLeWorld] INFO: Agent <final_code> chose action RIGHT in 0.00s.
2026-09-21 19:38:52,242 [BombeRLeWorld] INFO: Agent <final_code> stayed within acceptable think time.
2026-09-21 19:38:52,242 [BombeRLeWorld] INFO: Agent <rule_based_agent_1> chose action UP in 0.00s.
2026-09-21 19:38:52,242 [BombeRLeWorld] INFO: Agent <rule_based_agent_1> stayed within acceptable think time.
2026-09-21 19:38:52,242 [BombeRLeWorld] INFO: Agent <rule_based_agent_0> chose action RIGHT in 0.00s.
2026-09-21 19:38:52,242 [BombeRLeWorld] INFO: Agent <rule_based_agent_0> stayed within acceptable think time.
2026-09-21 19:38:52,338 [BombeRLeWorld] INFO: STARTING STEP 59
2026-09-21 19:38:52,342 [BombeRLeWorld] INFO: Agent <rule_based_agent_1> chose action LEFT in 0.00s.
2026-09-21 19:38:52,342 [BombeRLeWorld] INFO: Agent <rule_based_agent_1> stayed within acceptable think time.
2026-09-21 19:38:52,342 [BombeRLeWorld] INFO: Agent <rule_based_agent_0> chose action RIGHT in 0.00s.
2026-09-21 19:38:52,342 [BombeRLeWorld] INFO: Agent <rule_based_agent_0> stayed within acceptable think time.
2026-09-21 19:38:52,342 [BombeRLeWorld] INFO: Agent <rule_based_agent_2> chose action DOWN in 0.00s.
2026-09-21 19:38:52,342 [BombeRLeWorld] INFO: Agent <rule_based_agent_2> stayed within acceptable think time.
2026-09-21 19:38:52,343 [BombeRLeWorld] INFO: Agent <final_code> chose action BOMB in 0.00s.
2026-09-21 19:38:52,343 [BombeRLeWorld] INFO: Agent <final_code> stayed within acceptable think time.
2026-09-21 19:38:52,343 [BombeRLeWorld] INFO: Agent <final_code> drops bomb at (np.int64(11), np.int64(13))
2026-09-21 19:38:52,438 [BombeRLeWorld] INFO: STARTING STEP 60
2026-09-21 19:38:52,442 [BombeRLeWorld] INFO: Agent <rule_based_agent_1> chose action BOMB in 0.00s.
2026-09-21 19:38:52,442 [BombeRLeWorld] INFO: Agent <rule_based_agent_1> stayed within acceptable think time.
2026-09-21 19:38:52,442 [BombeRLeWorld] INFO: Agent <rule_based_agent_1> drops bomb at (np.int64(12), np.int64(9))
2026-09-21 19:38:52,442 [BombeRLeWorld] INFO: Agent <final_code> chose action RIGHT in 0.00s.
2026-09-21 19:38:52,442 [BombeRLeWorld] INFO: Agent <final_code> stayed within acceptable think time.
2026-09-21 19:38:52,442 [BombeRLeWorld] INFO: Agent <rule_based_agent_2> chose action RIGHT in 0.00s.
2026-09-21 19:38:52,442 [BombeRLeWorld] INFO: Agent <rule_based_agent_2> stayed within acceptable think time.
2026-09-21 19:38:52,442 [BombeRLeWorld] INFO: Agent <rule_based_agent_0> chose action UP in 0.00s.
2026-09-21 19:38:52,442 [BombeRLeWorld] INFO: Agent <rule_based_agent_0> stayed within acceptable think time.
2026-09-21 19:38:52,538 [BombeRLeWorld] INFO: STARTING STEP 61
2026-09-21 19:38:52,542 [BombeRLeWorld] INFO: Agent <rule_based_agent_2> chose action RIGHT in 0.00s.
2026-09-21 19:38:52,542 [BombeRLeWorld] INFO: Agent <rule_based_agent_2> stayed within acceptable think time.
2026-09-21 19:38:52,542 [BombeRLeWorld] INFO: Agent <rule_based_agent_0> chose action UP in 0.00s.
2026-09-21 19:38:52,542 [BombeRLeWorld] INFO: Agent <rule_based_agent_0> stayed within acceptable think time.
2026-09-21 19:38:52,542 [BombeRLeWorld] INFO: Agent <rule_based_agent_1> chose action RIGHT in 0.00s.
2026-09-21 19:38:52,542 [BombeRLeWorld] INFO: Agent <rule_based_agent_1> stayed within acceptable think time.
2026-09-21 19:38:52,542 [BombeRLeWorld] INFO: Agent <final_code> chose action RIGHT in 0.00s.
2026-09-21 19:38:52,542 [BombeRLeWorld] INFO: Agent <final_code> stayed within acceptable think time.
2026-09-21 19:38:52,638 [BombeRLeWorld] INFO: STARTING STEP 62
2026-09-21 19:38:52,643 [BombeRLeWorld] INFO: Agent <rule_based_agent_0> chose action BOMB in 0.00s.
2026-09-21 19:38:52,643 [BombeRLeWorld] INFO: Agent <rule_based_agent_0> stayed within acceptable think time.
2026-09-21 19:38:52,643 [BombeRLeWorld] INFO: Agent <rule_based_agent_0> drops bomb at (np.int64(7), np.int64(3))
2026-09-21 19:38:52,643 [BombeRLeWorld] INFO: Agent <rule_based_agent_1> chose action DOWN in 0.00s.
2026-09-21 19:38:52,643 [BombeRLeWorld] INFO: Agent <rule_based_agent_1> stayed within acceptable think time.
2026-09-21 19:38:52,643 [BombeRLeWorld] INFO: Agent <final_code> chose action UP in 0.00s.
2026-09-21 19:38:52,643 [BombeRLeWorld] INFO: Agent <final_code> stayed within acceptable think time.
2026-09-21 19:38:52,643 [BombeRLeWorld] INFO: Agent <rule_based_agent_2> chose action RIGHT in 0.00s.
2026-09-21 19:38:52,643 [BombeRLeWorld] INFO: Agent <rule_based_agent_2> stayed within acceptable think time.
2026-09-21 19:38:52,738 [BombeRLeWorld] INFO: STARTING STEP 63
2026-09-21 19:38:52,743 [BombeRLeWorld] INFO: Agent <final_code> chose action WAIT in 0.00s.
2026-09-21 19:38:52,743 [BombeRLeWorld] INFO: Agent <final_code> stayed within acceptable think time.
2026-09-21 19:38:52,743 [BombeRLeWorld] INFO: Agent <rule_based_agent_1> chose action DOWN in 0.00s.
2026-09-21 19:38:52,743 [BombeRLeWorld] INFO: Agent <rule_based_agent_1> stayed within acceptable think time.
2026-09-21 19:38:52,743 [BombeRLeWorld] INFO: Agent <rule_based_agent_0> chose action DOWN in 0.00s.
2026-09-21 19:38:52,743 [BombeRLeWorld] INFO: Agent <rule_based_agent_0> stayed within acceptable think time.
2026-09-21 19:38:52,743 [BombeRLeWorld] INFO: Agent <rule_based_agent_2> chose action RIGHT in 0.00s.
2026-09-21 19:38:52,743 [BombeRLeWorld] INFO: Agent <rule_based_agent_2> stayed within acceptable think time.
2026-09-21 19:38:52,743 [BombeRLeWorld] INFO: Agent <final_code>'s bomb at (np.int64(11), np.int64(13)) explodes
2026-09-21 19:38:52,838 [BombeRLeWorld] INFO: STARTING STEP 64
2026-09-21 19:38:52,843 [BombeRLeWorld] INFO: Agent <rule_based_agent_1> chose action UP in 0.00s.
2026-09-21 19:38:52,843 [BombeRLeWorld] INFO: Agent <rule_based_agent_1> stayed within acceptable think time.
2026-09-21 19:38:52,843 [BombeRLeWorld] INFO: Agent <final_code> chose action WAIT in 0.00s.
2026-09-21 19:38:52,843 [BombeRLeWorld] INFO: Agent <final_code> stayed within acceptable think time.
2026-09-21 19:38:52,843 [BombeRLeWorld] INFO: Agent <rule_based_agent_0> chose action DOWN in 0.00s.
2026-09-21 19:38:52,843 [BombeRLeWorld] INFO: Agent <rule_based_agent_0> stayed within acceptable think time.
2026-09-21 19:38:52,843 [BombeRLeWorld] INFO: Agent <rule_based_agent_2> chose action UP in 0.00s.
2026-09-21 19:38:52,843 [BombeRLeWorld] INFO: Agent <rule_based_agent_2> stayed within acceptable think time.
2026-09-21 19:38:52,843 [BombeRLeWorld] INFO: Agent <rule_based_agent_1>'s bomb at (np.int64(12), np.int64(9)) explodes
2026-09-21 19:38:52,938 [BombeRLeWorld] INFO: STARTING STEP 65
2026-09-21 19:38:52,943 [BombeRLeWorld] INFO: Agent <rule_based_agent_2> chose action BOMB in 0.00s.
2026-09-21 19:38:52,944 [BombeRLeWorld] INFO: Agent <rule_based_agent_2> stayed within acceptable think time.
2026-09-21 19:38:52,944 [BombeRLeWorld] INFO: Agent <rule_based_agent_2> drops bomb at (np.int64(13), np.int64(4))
2026-09-21 19:38:52,944 [BombeRLeWorld] INFO: Agent <rule_based_agent_1> chose action DOWN in 0.00s.
2026-09-21 19:38:52,944 [BombeRLeWorld] INFO: Agent <rule_based_agent_1> stayed within acceptable think time.
2026-09-21 19:38:52,944 [BombeRLeWorld] INFO: Agent <final_code> chose action UP in 0.00s.
2026-09-21 19:38:52,944 [BombeRLeWorld] INFO: Agent <final_code> stayed within acceptable think time.
2026-09-21 19:38:52,944 [BombeRLeWorld] INFO: Agent <rule_based_agent_0> chose action RIGHT in 0.00s.
2026-09-21 19:38:52,944 [BombeRLeWorld] INFO: Agent <rule_based_agent_0> stayed within acceptable think time.
2026-09-21 19:38:53,038 [BombeRLeWorld] INFO: STARTING STEP 66
2026-09-21 19:38:53,044 [BombeRLeWorld] INFO: Agent <final_code> chose action DOWN in 0.00s.
2026-09-21 19:38:53,044 [BombeRLeWorld] INFO: Agent <final_code> stayed within acceptable think time.
2026-09-21 19:38:53,044 [BombeRLeWorld] INFO: Agent <rule_based_agent_2> chose action DOWN in 0.00s.
2026-09-21 19:38:53,044 [BombeRLeWorld] INFO: Agent <rule_based_agent_2> stayed within acceptable think time.
2026-09-21 19:38:53,044 [BombeRLeWorld] INFO: Agent <rule_based_agent_1> chose action UP in 0.00s.
2026-09-21 19:38:53,044 [BombeRLeWorld] INFO: Agent <rule_based_agent_1> stayed within acceptable think time.
2026-09-21 19:38:53,044 [BombeRLeWorld] INFO: Agent <rule_based_agent_0> chose action RIGHT in 0.00s.
2026-09-21 19:38:53,044 [BombeRLeWorld] INFO: Agent <rule_based_agent_0> stayed within acceptable think time.
2026-09-21 19:38:53,044 [BombeRLeWorld] INFO: Agent <rule_based_agent_0>'s bomb at (np.int64(7), np.int64(3)) explodes
2026-09-21 19:38:53,139 [BombeRLeWorld] INFO: STARTING STEP 67
2026-09-21 19:38:53,145 [BombeRLeWorld] INFO: Agent <rule_based_agent_2> chose action RIGHT in 0.00s.
2026-09-21 19:38:53,145 [BombeRLeWorld] INFO: Agent <rule_based_agent_2> stayed within acceptable think time.
2026-09-21 19:38:53,145 [BombeRLeWorld] INFO: Agent <final_code> chose action BOMB in 0.00s.
2026-09-21 19:38:53,145 [BombeRLeWorld] INFO: Agent <final_code> stayed within acceptable think time.
2026-09-21 19:38:53,145 [BombeRLeWorld] INFO: Agent <final_code> drops bomb at (np.int64(13), np.int64(13))
2026-09-21 19:38:53,145 [BombeRLeWorld] INFO: Agent <rule_based_agent_1> chose action UP in 0.00s.
2026-09-21 19:38:53,145 [BombeRLeWorld] INFO: Agent <rule_based_agent_1> stayed within acceptable think time.
2026-09-21 19:38:53,145 [BombeRLeWorld] INFO: Agent <rule_based_agent_0> chose action UP in 0.00s.
2026-09-21 19:38:53,145 [BombeRLeWorld] INFO: Agent <rule_based_agent_0> stayed within acceptable think time.
2026-09-21 19:38:53,238 [BombeRLeWorld] INFO: STARTING STEP 68
2026-09-21 19:38:53,243 [BombeRLeWorld] INFO: Agent <rule_based_agent_2> chose action LEFT in 0.00s.
2026-09-21 19:38:53,243 [BombeRLeWorld] INFO: Agent <rule_based_agent_2> stayed within acceptable think time.
2026-09-21 19:38:53,243 [BombeRLeWorld] INFO: Agent <rule_based_agent_1> chose action LEFT in 0.00s.
2026-09-21 19:38:53,243 [BombeRLeWorld] INFO: Agent <rule_based_agent_1> stayed within acceptable think time.
2026-09-21 19:38:53,243 [BombeRLeWorld] INFO: Agent <final_code> chose action DOWN in 0.00s.
2026-09-21 19:38:53,243 [BombeRLeWorld] INFO: Agent <final_code> stayed within acceptable think time.
2026-09-21 19:38:53,243 [BombeRLeWorld] INFO: Agent <rule_based_agent_0> chose action UP in 0.00s.
2026-09-21 19:38:53,243 [BombeRLeWorld] INFO: Agent <rule_based_agent_0> stayed within acceptable think time.
2026-09-21 19:38:53,339 [BombeRLeWorld] INFO: STARTING STEP 69
2026-09-21 19:38:53,343 [BombeRLeWorld] INFO: Agent <rule_based_agent_0> chose action RIGHT in 0.00s.
2026-09-21 19:38:53,343 [BombeRLeWorld] INFO: Agent <rule_based_agent_0> stayed within acceptable think time.
2026-09-21 19:38:53,343 [BombeRLeWorld] INFO: Agent <final_code> chose action DOWN in 0.00s.
2026-09-21 19:38:53,343 [BombeRLeWorld] INFO: Agent <final_code> stayed within acceptable think time.
2026-09-21 19:38:53,343 [BombeRLeWorld] INFO: Agent <rule_based_agent_1> chose action LEFT in 0.00s.
2026-09-21 19:38:53,343 [BombeRLeWorld] INFO: Agent <rule_based_agent_1> stayed within acceptable think time.
2026-09-21 19:38:53,343 [BombeRLeWorld] INFO: Agent <rule_based_agent_2> chose action RIGHT in 0.00s.
2026-09-21 19:38:53,343 [BombeRLeWorld] INFO: Agent <rule_based_agent_2> stayed within acceptable think time.
2026-09-21 19:38:53,343 [BombeRLeWorld] INFO: Agent <rule_based_agent_2>'s bomb at (np.int64(13), np.int64(4)) explodes
2026-09-21 19:38:53,439 [BombeRLeWorld] INFO: STARTING STEP 70
2026-09-21 19:38:53,444 [BombeRLeWorld] INFO: Agent <final_code> chose action RIGHT in 0.00s.
2026-09-21 19:38:53,444 [BombeRLeWorld] INFO: Agent <final_code> stayed within acceptable think time.
2026-09-21 19:38:53,444 [BombeRLeWorld] INFO: Agent <rule_based_agent_2> chose action RIGHT in 0.00s.
2026-09-21 19:38:53,444 [BombeRLeWorld] INFO: Agent <rule_based_agent_2> stayed within acceptable think time.
2026-09-21 19:38:53,444 [BombeRLeWorld] INFO: Agent <rule_based_agent_0> chose action BOMB in 0.00s.
2026-09-21 19:38:53,444 [BombeRLeWorld] INFO: Agent <rule_based_agent_0> stayed within acceptable think time.
2026-09-21 19:38:53,444 [BombeRLeWorld] INFO: Agent <rule_based_agent_0> drops bomb at (np.int64(10), np.int64(3))
2026-09-21 19:38:53,444 [BombeRLeWorld] INFO: Agent <rule_based_agent_1> chose action LEFT in 0.00s.
2026-09-21 19:38:53,444 [BombeRLeWorld] INFO: Agent <rule_based_agent_1> stayed within acceptable think time.
2026-09-21 19:38:53,539 [BombeRLeWorld] INFO: STARTING STEP 71
2026-09-21 19:38:53,543 [BombeRLeWorld] INFO: Agent <rule_based_agent_2> chose action LEFT in 0.00s.
2026-09-21 19:38:53,543 [BombeRLeWorld] INFO: Agent <rule_based_agent_2> stayed within acceptable think time.
2026-09-21 19:38:53,543 [BombeRLeWorld] INFO: Agent <rule_based_agent_0> chose action LEFT in 0.00s.
2026-09-21 19:38:53,543 [BombeRLeWorld] INFO: Agent <rule_based_agent_0> stayed within acceptable think time.
2026-09-21 19:38:53,543 [BombeRLeWorld] INFO: Agent <rule_based_agent_1> chose action LEFT in 0.00s.
2026-09-21 19:38:53,543 [BombeRLeWorld] INFO: Agent <rule_based_agent_1> stayed within acceptable think time.
2026-09-21 19:38:53,543 [BombeRLeWorld] INFO: Agent <final_code> chose action RIGHT in 0.00s.
2026-09-21 19:38:53,543 [BombeRLeWorld] INFO: Agent <final_code> stayed within acceptable think time.
2026-09-21 19:38:53,543 [BombeRLeWorld] INFO: Agent <final_code>'s bomb at (np.int64(13), np.int64(13)) explodes
2026-09-21 19:38:53,639 [BombeRLeWorld] INFO: STARTING STEP 72
2026-09-21 19:38:53,644 [BombeRLeWorld] INFO: Agent <rule_based_agent_0> chose action DOWN in 0.00s.
2026-09-21 19:38:53,644 [BombeRLeWorld] INFO: Agent <rule_based_agent_0> stayed within acceptable think time.
2026-09-21 19:38:53,644 [BombeRLeWorld] INFO: Agent <rule_based_agent_2> chose action LEFT in 0.00s.
2026-09-21 19:38:53,644 [BombeRLeWorld] INFO: Agent <rule_based_agent_2> stayed within acceptable think time.
2026-09-21 19:38:53,644 [BombeRLeWorld] INFO: Agent <final_code> chose action UP in 0.00s.
2026-09-21 19:38:53,644 [BombeRLeWorld] INFO: Agent <final_code> stayed within acceptable think time.
2026-09-21 19:38:53,644 [BombeRLeWorld] INFO: Agent <rule_based_agent_1> chose action UP in 0.00s.
2026-09-21 19:38:53,644 [BombeRLeWorld] INFO: Agent <rule_based_agent_1> stayed within acceptable think time.
2026-09-21 19:38:53,739 [BombeRLeWorld] INFO: STARTING STEP 73
2026-09-21 19:38:53,744 [BombeRLeWorld] INFO: Agent <final_code> chose action UP in 0.00s.
2026-09-21 19:38:53,744 [BombeRLeWorld] INFO: Agent <final_code> stayed within acceptable think time.
2026-09-21 19:38:53,744 [BombeRLeWorld] INFO: Agent <rule_based_agent_1> chose action BOMB in 0.00s.
2026-09-21 19:38:53,744 [BombeRLeWorld] INFO: Agent <rule_based_agent_1> stayed within acceptable think time.
2026-09-21 19:38:53,744 [BombeRLeWorld] INFO: Agent <rule_based_agent_1> drops bomb at (np.int64(9), np.int64(8))
2026-09-21 19:38:53,744 [BombeRLeWorld] INFO: Agent <rule_based_agent_2> chose action DOWN in 0.00s.
2026-09-21 19:38:53,744 [BombeRLeWorld] INFO: Agent <rule_based_agent_2> stayed within acceptable think time.
2026-09-21 19:38:53,744 [BombeRLeWorld] INFO: Agent <rule_based_agent_0> chose action DOWN in 0.00s.
2026-09-21 19:38:53,744 [BombeRLeWorld] INFO: Agent <rule_based_agent_0> stayed within acceptable think time.
2026-09-21 19:38:53,839 [BombeRLeWorld] INFO: STARTING STEP 74
2026-09-21 19:38:53,845 [BombeRLeWorld] INFO: Agent <rule_based_agent_2> chose action DOWN in 0.00s.
2026-09-21 19:38:53,845 [BombeRLeWorld] INFO: Agent <rule_based_agent_2> stayed within acceptable think time.
2026-09-21 19:38:53,845 [BombeRLeWorld] INFO: Agent <rule_based_agent_1> chose action DOWN in 0.00s.
2026-09-21 19:38:53,845 [BombeRLeWorld] INFO: Agent <rule_based_agent_1> stayed within acceptable think time.
2026-09-21 19:38:53,845 [BombeRLeWorld] INFO: Agent <final_code> chose action UP in 0.00s.
2026-09-21 19:38:53,845 [BombeRLeWorld] INFO: Agent <final_code> stayed within acceptable think time.
2026-09-21 19:38:53,845 [BombeRLeWorld] INFO: Agent <rule_based_agent_0> chose action LEFT in 0.00s.
2026-09-21 19:38:53,845 [BombeRLeWorld] INFO: Agent <rule_based_agent_0> stayed within acceptable think time.
2026-09-21 19:38:53,845 [BombeRLeWorld] INFO: Agent <rule_based_agent_0>'s bomb at (np.int64(10), np.int64(3)) explodes
2026-09-21 19:38:53,939 [BombeRLeWorld] INFO: STARTING STEP 75
2026-09-21 19:38:53,944 [BombeRLeWorld] INFO: Agent <rule_based_agent_2> chose action BOMB in 0.00s.
2026-09-21 19:38:53,944 [BombeRLeWorld] INFO: Agent <rule_based_agent_2> stayed within acceptable think time.
2026-09-21 19:38:53,945 [BombeRLeWorld] INFO: Agent <rule_based_agent_2> drops bomb at (np.int64(13), np.int64(7))
2026-09-21 19:38:53,945 [BombeRLeWorld] INFO: Agent <rule_based_agent_1> chose action RIGHT in 0.00s.
2026-09-21 19:38:53,945 [BombeRLeWorld] INFO: Agent <rule_based_agent_1> stayed within acceptable think time.
2026-09-21 19:38:53,945 [BombeRLeWorld] INFO: Agent <rule_based_agent_0> chose action RIGHT in 0.00s.
2026-09-21 19:38:53,945 [BombeRLeWorld] INFO: Agent <rule_based_agent_0> stayed within acceptable think time.
2026-09-21 19:38:53,945 [BombeRLeWorld] INFO: Agent <final_code> chose action UP in 0.00s.
2026-09-21 19:38:53,945 [BombeRLeWorld] INFO: Agent <final_code> stayed within acceptable think time.
2026-09-21 19:38:54,039 [BombeRLeWorld] INFO: STARTING STEP 76
2026-09-21 19:38:54,046 [BombeRLeWorld] INFO: Agent <rule_based_agent_1> chose action RIGHT in 0.00s.
2026-09-21 19:38:54,046 [BombeRLeWorld] INFO: Agent <rule_based_agent_1> stayed within acceptable think time.
2026-09-21 19:38:54,046 [BombeRLeWorld] INFO: Agent <rule_based_agent_2> chose action UP in 0.00s.
2026-09-21 19:38:54,046 [BombeRLeWorld] INFO: Agent <rule_based_agent_2> stayed within acceptable think time.
2026-09-21 19:38:54,046 [BombeRLeWorld] INFO: Agent <final_code> chose action BOMB in 0.00s.
2026-09-21 19:38:54,046 [BombeRLeWorld] INFO: Agent <final_code> stayed within acceptable think time.
2026-09-21 19:38:54,046 [BombeRLeWorld] INFO: Agent <final_code> drops bomb at (np.int64(15), np.int64(11))
2026-09-21 19:38:54,046 [BombeRLeWorld] INFO: Agent <rule_based_agent_0> chose action RIGHT in 0.00s.
2026-09-21 19:38:54,046 [BombeRLeWorld] INFO: Agent <rule_based_agent_0> stayed within acceptable think time.
2026-09-21 19:38:54,139 [BombeRLeWorld] INFO: STARTING STEP 77
2026-09-21 19:38:54,145 [BombeRLeWorld] INFO: Agent <rule_based_agent_1> chose action DOWN in 0.00s.
2026-09-21 19:38:54,145 [BombeRLeWorld] INFO: Agent <rule_based_agent_1> stayed within acceptable think time.
2026-09-21 19:38:54,145 [BombeRLeWorld] INFO: Agent <rule_based_agent_0> chose action RIGHT in 0.00s.
2026-09-21 19:38:54,145 [BombeRLeWorld] INFO: Agent <rule_based_agent_0> stayed within acceptable think time.
2026-09-21 19:38:54,145 [BombeRLeWorld] INFO: Agent <final_code> chose action DOWN in 0.00s.
2026-09-21 19:38:54,145 [BombeRLeWorld] INFO: Agent <final_code> stayed within acceptable think time.
2026-09-21 19:38:54,145 [BombeRLeWorld] INFO: Agent <rule_based_agent_2> chose action UP in 0.00s.
2026-09-21 19:38:54,145 [BombeRLeWorld] INFO: Agent <rule_based_agent_2> stayed within acceptable think time.
2026-09-21 19:38:54,145 [BombeRLeWorld] INFO: Agent <rule_based_agent_1>'s bomb at (np.int64(9), np.int64(8)) explodes
2026-09-21 19:38:54,239 [BombeRLeWorld] INFO: STARTING STEP 78
2026-09-21 19:38:54,245 [BombeRLeWorld] INFO: Agent <rule_based_agent_1> chose action UP in 0.00s.
2026-09-21 19:38:54,245 [BombeRLeWorld] INFO: Agent <rule_based_agent_1> stayed within acceptable think time.
2026-09-21 19:38:54,245 [BombeRLeWorld] INFO: Agent <rule_based_agent_2> chose action RIGHT in 0.00s.
2026-09-21 19:38:54,245 [BombeRLeWorld] INFO: Agent <rule_based_agent_2> stayed within acceptable think time.
2026-09-21 19:38:54,245 [BombeRLeWorld] INFO: Agent <final_code> chose action DOWN in 0.00s.
2026-09-21 19:38:54,245 [BombeRLeWorld] INFO: Agent <final_code> stayed within acceptable think time.
2026-09-21 19:38:54,245 [BombeRLeWorld] INFO: Agent <rule_based_agent_0> chose action RIGHT in 0.00s.
2026-09-21 19:38:54,245 [BombeRLeWorld] INFO: Agent <rule_based_agent_0> stayed within acceptable think time.
2026-09-21 19:38:54,339 [BombeRLeWorld] INFO: STARTING STEP 79
2026-09-21 19:38:54,346 [BombeRLeWorld] INFO: Agent <final_code> chose action LEFT in 0.00s.
2026-09-21 19:38:54,346 [BombeRLeWorld] INFO: Agent <final_code> stayed within acceptable think time.
2026-09-21 19:38:54,346 [BombeRLeWorld] INFO: Agent <rule_based_agent_1> chose action DOWN in 0.00s.
2026-09-21 19:38:54,346 [BombeRLeWorld] INFO: Agent <rule_based_agent_1> stayed within acceptable think time.
2026-09-21 19:38:54,346 [BombeRLeWorld] INFO: Agent <rule_based_agent_2> chose action RIGHT in 0.00s.
2026-09-21 19:38:54,346 [BombeRLeWorld] INFO: Agent <rule_based_agent_2> stayed within acceptable think time.
2026-09-21 19:38:54,346 [BombeRLeWorld] INFO: Agent <rule_based_agent_0> chose action LEFT in 0.00s.
2026-09-21 19:38:54,346 [BombeRLeWorld] INFO: Agent <rule_based_agent_0> stayed within acceptable think time.
2026-09-21 19:38:54,346 [BombeRLeWorld] INFO: Agent <rule_based_agent_2>'s bomb at (np.int64(13), np.int64(7)) explodes
2026-09-21 19:38:54,346 [BombeRLeWorld] INFO: Coin found at (np.int64(11), np.int64(7))
2026-09-21 19:38:54,346 [BombeRLeWorld] INFO: Coin found at (np.int64(10), np.int64(7))
2026-09-21 19:38:54,439 [BombeRLeWorld] INFO: STARTING STEP 80
2026-09-21 19:38:54,444 [BombeRLeWorld] INFO: Agent <rule_based_agent_2> chose action DOWN in 0.00s.
2026-09-21 19:38:54,444 [BombeRLeWorld] INFO: Agent <rule_based_agent_2> stayed within acceptable think time.
2026-09-21 19:38:54,444 [BombeRLeWorld] INFO: Agent <rule_based_agent_0> chose action RIGHT in 0.00s.
2026-09-21 19:38:54,444 [BombeRLeWorld] INFO: Agent <rule_based_agent_0> stayed within acceptable think time.
2026-09-21 19:38:54,444 [BombeRLeWorld] INFO: Agent <rule_based_agent_1> chose action UP in 0.00s.
2026-09-21 19:38:54,444 [BombeRLeWorld] INFO: Agent <rule_based_agent_1> stayed within acceptable think time.
2026-09-21 19:38:54,445 [BombeRLeWorld] INFO: Agent <final_code> chose action LEFT in 0.00s.
2026-09-21 19:38:54,445 [BombeRLeWorld] INFO: Agent <final_code> stayed within acceptable think time.
2026-09-21 19:38:54,445 [BombeRLeWorld] INFO: Agent <final_code>'s bomb at (np.int64(15), np.int64(11)) explodes
2026-09-21 19:38:54,539 [BombeRLeWorld] INFO: STARTING STEP 81
2026-09-21 19:38:54,546 [BombeRLeWorld] INFO: Agent <rule_based_agent_1> chose action LEFT in 0.00s.
2026-09-21 19:38:54,546 [BombeRLeWorld] INFO: Agent <rule_based_agent_1> stayed within acceptable think time.
2026-09-21 19:38:54,546 [BombeRLeWorld] INFO: Agent <final_code> chose action UP in 0.01s.
2026-09-21 19:38:54,546 [BombeRLeWorld] INFO: Agent <final_code> stayed within acceptable think time.
2026-09-21 19:38:54,546 [BombeRLeWorld] INFO: Agent <rule_based_agent_0> chose action RIGHT in 0.00s.
2026-09-21 19:38:54,546 [BombeRLeWorld] INFO: Agent <rule_based_agent_0> stayed within acceptable think time.
2026-09-21 19:38:54,546 [BombeRLeWorld] INFO: Agent <rule_based_agent_2> chose action DOWN in 0.00s.
2026-09-21 19:38:54,546 [BombeRLeWorld] INFO: Agent <rule_based_agent_2> stayed within acceptable think time.
2026-09-21 19:38:54,639 [BombeRLeWorld] INFO: STARTING STEP 82
2026-09-21 19:38:54,644 [BombeRLeWorld] INFO: Agent <final_code> chose action UP in 0.00s.
2026-09-21 19:38:54,644 [BombeRLeWorld] INFO: Agent <final_code> stayed within acceptable think time.
2026-09-21 19:38:54,644 [BombeRLeWorld] INFO: Agent <rule_based_agent_0> chose action DOWN in 0.00s.
2026-09-21 19:38:54,644 [BombeRLeWorld] INFO: Agent <rule_based_agent_0> stayed within acceptable think time.
2026-09-21 19:38:54,644 [BombeRLeWorld] INFO: Agent <rule_based_agent_1> chose action LEFT in 0.00s.
2026-09-21 19:38:54,644 [BombeRLeWorld] INFO: Agent <rule_based_agent_1> stayed within acceptable think time.
2026-09-21 19:38:54,644 [BombeRLeWorld] INFO: Agent <rule_based_agent_2> chose action LEFT in 0.00s.
2026-09-21 19:38:54,644 [BombeRLeWorld] INFO: Agent <rule_based_agent_2> stayed within acceptable think time.
2026-09-21 19:38:54,740 [BombeRLeWorld] INFO: STARTING STEP 83
2026-09-21 19:38:54,746 [BombeRLeWorld] INFO: Agent <rule_based_agent_1> chose action UP in 0.00s.
2026-09-21 19:38:54,746 [BombeRLeWorld] INFO: Agent <rule_based_agent_1> stayed within acceptable think time.
2026-09-21 19:38:54,746 [BombeRLeWorld] INFO: Agent <rule_based_agent_2> chose action LEFT in 0.00s.
2026-09-21 19:38:54,746 [BombeRLeWorld] INFO: Agent <rule_based_agent_2> stayed within acceptable think time.
2026-09-21 19:38:54,746 [BombeRLeWorld] INFO: Agent <rule_based_agent_0> chose action DOWN in 0.00s.
2026-09-21 19:38:54,746 [BombeRLeWorld] INFO: Agent <rule_based_agent_0> stayed within acceptable think time.
2026-09-21 19:38:54,746 [BombeRLeWorld] INFO: Agent <final_code> chose action UP in 0.01s.
2026-09-21 19:38:54,746 [BombeRLeWorld] INFO: Agent <final_code> stayed within acceptable think time.
2026-09-21 19:38:54,839 [BombeRLeWorld] INFO: STARTING STEP 84
2026-09-21 19:38:54,845 [BombeRLeWorld] INFO: Agent <rule_based_agent_0> chose action BOMB in 0.00s.
2026-09-21 19:38:54,845 [BombeRLeWorld] INFO: Agent <rule_based_agent_0> stayed within acceptable think time.
2026-09-21 19:38:54,845 [BombeRLeWorld] INFO: Agent <rule_based_agent_0> drops bomb at (np.int64(13), np.int64(6))
2026-09-21 19:38:54,845 [BombeRLeWorld] INFO: Agent <final_code> chose action UP in 0.00s.
2026-09-21 19:38:54,845 [BombeRLeWorld] INFO: Agent <final_code> stayed within acceptable think time.
2026-09-21 19:38:54,845 [BombeRLeWorld] INFO: Agent <rule_based_agent_1> chose action UP in 0.00s.
2026-09-21 19:38:54,845 [BombeRLeWorld] INFO: Agent <rule_based_agent_1> stayed within acceptable think time.
2026-09-21 19:38:54,845 [BombeRLeWorld] INFO: Agent <rule_based_agent_2> chose action LEFT in 0.00s.
2026-09-21 19:38:54,845 [BombeRLeWorld] INFO: Agent <rule_based_agent_2> stayed within acceptable think time.
2026-09-21 19:38:54,939 [BombeRLeWorld] INFO: STARTING STEP 85
2026-09-21 19:38:54,945 [BombeRLeWorld] INFO: Agent <rule_based_agent_1> chose action RIGHT in 0.00s.
2026-09-21 19:38:54,945 [BombeRLeWorld] INFO: Agent <rule_based_agent_1> stayed within acceptable think time.
2026-09-21 19:38:54,945 [BombeRLeWorld] INFO: Agent <rule_based_agent_0> chose action UP in 0.00s.
2026-09-21 19:38:54,945 [BombeRLeWorld] INFO: Agent <rule_based_agent_0> stayed within acceptable think time.
2026-09-21 19:38:54,945 [BombeRLeWorld] INFO: Agent <rule_based_agent_2> chose action LEFT in 0.00s.
2026-09-21 19:38:54,945 [BombeRLeWorld] INFO: Agent <rule_based_agent_2> stayed within acceptable think time.
2026-09-21 19:38:54,945 [BombeRLeWorld] INFO: Agent <final_code> chose action LEFT in 0.00s.
2026-09-21 19:38:54,945 [BombeRLeWorld] INFO: Agent <final_code> stayed within acceptable think time.
2026-09-21 19:38:54,945 [BombeRLeWorld] INFO: Agent <rule_based_agent_2> picked up coin at (np.int64(11), np.int64(7)) and receives 1 point
2026-09-21 19:38:54,945 [BombeRLeWorld] INFO: Agent <rule_based_agent_1> picked up coin at (np.int64(10), np.int64(7)) and receives 1 point
2026-09-21 19:38:55,039 [BombeRLeWorld] INFO: STARTING STEP 86
2026-09-21 19:38:55,043 [BombeRLeWorld] INFO: Agent <rule_based_agent_1> chose action BOMB in 0.00s.
2026-09-21 19:38:55,043 [BombeRLeWorld] INFO: Agent <rule_based_agent_1> stayed within acceptable think time.
2026-09-21 19:38:55,043 [BombeRLeWorld] INFO: Agent <rule_based_agent_1> drops bomb at (np.int64(10), np.int64(7))
2026-09-21 19:38:55,043 [BombeRLeWorld] INFO: Agent <rule_based_agent_0> chose action RIGHT in 0.00s.
2026-09-21 19:38:55,043 [BombeRLeWorld] INFO: Agent <rule_based_agent_0> stayed within acceptable think time.
2026-09-21 19:38:55,043 [BombeRLeWorld] INFO: Agent <rule_based_agent_2> chose action BOMB in 0.00s.
2026-09-21 19:38:55,043 [BombeRLeWorld] INFO: Agent <rule_based_agent_2> stayed within acceptable think time.
2026-09-21 19:38:55,043 [BombeRLeWorld] INFO: Agent <rule_based_agent_2> drops bomb at (np.int64(11), np.int64(7))
2026-09-21 19:38:55,043 [BombeRLeWorld] INFO: Agent <final_code> chose action LEFT in 0.00s.
2026-09-21 19:38:55,043 [BombeRLeWorld] INFO: Agent <final_code> stayed within acceptable think time.
2026-09-21 19:38:55,139 [BombeRLeWorld] INFO: STARTING STEP 87
2026-09-21 19:38:55,146 [BombeRLeWorld] INFO: Agent <final_code> chose action DOWN in 0.00s.
2026-09-21 19:38:55,146 [BombeRLeWorld] INFO: Agent <final_code> stayed within acceptable think time.
2026-09-21 19:38:55,146 [BombeRLeWorld] INFO: Agent <rule_based_agent_2> chose action RIGHT in 0.00s.
2026-09-21 19:38:55,146 [BombeRLeWorld] INFO: Agent <rule_based_agent_2> stayed within acceptable think time.
2026-09-21 19:38:55,146 [BombeRLeWorld] INFO: Agent <rule_based_agent_0> chose action LEFT in 0.00s.
2026-09-21 19:38:55,146 [BombeRLeWorld] INFO: Agent <rule_based_agent_0> stayed within acceptable think time.
2026-09-21 19:38:55,146 [BombeRLeWorld] INFO: Agent <rule_based_agent_1> chose action LEFT in 0.00s.
2026-09-21 19:38:55,146 [BombeRLeWorld] INFO: Agent <rule_based_agent_1> stayed within acceptable think time.
2026-09-21 19:38:55,240 [BombeRLeWorld] INFO: STARTING STEP 88
2026-09-21 19:38:55,244 [BombeRLeWorld] INFO: Agent <rule_based_agent_0> chose action RIGHT in 0.00s.
2026-09-21 19:38:55,244 [BombeRLeWorld] INFO: Agent <rule_based_agent_0> stayed within acceptable think time.
2026-09-21 19:38:55,244 [BombeRLeWorld] INFO: Agent <rule_based_agent_1> chose action DOWN in 0.00s.
2026-09-21 19:38:55,244 [BombeRLeWorld] INFO: Agent <rule_based_agent_1> stayed within acceptable think time.
2026-09-21 19:38:55,244 [BombeRLeWorld] INFO: Agent <final_code> chose action UP in 0.00s.
2026-09-21 19:38:55,244 [BombeRLeWorld] INFO: Agent <final_code> stayed within acceptable think time.
2026-09-21 19:38:55,244 [BombeRLeWorld] INFO: Agent <rule_based_agent_2> chose action None in 0.00s.
2026-09-21 19:38:55,244 [BombeRLeWorld] INFO: Agent <rule_based_agent_2> stayed within acceptable think time.
2026-09-21 19:38:55,245 [BombeRLeWorld] INFO: Agent <rule_based_agent_0>'s bomb at (np.int64(13), np.int64(6)) explodes
2026-09-21 19:38:55,340 [BombeRLeWorld] INFO: STARTING STEP 89
2026-09-21 19:38:55,346 [BombeRLeWorld] INFO: Agent <final_code> chose action RIGHT in 0.00s.
2026-09-21 19:38:55,346 [BombeRLeWorld] INFO: Agent <final_code> stayed within acceptable think time.
2026-09-21 19:38:55,346 [BombeRLeWorld] INFO: Agent <rule_based_agent_1> chose action DOWN in 0.00s.
2026-09-21 19:38:55,346 [BombeRLeWorld] INFO: Agent <rule_based_agent_1> stayed within acceptable think time.
2026-09-21 19:38:55,346 [BombeRLeWorld] INFO: Agent <rule_based_agent_0> chose action RIGHT in 0.00s.
2026-09-21 19:38:55,346 [BombeRLeWorld] INFO: Agent <rule_based_agent_0> stayed within acceptable think time.
2026-09-21 19:38:55,346 [BombeRLeWorld] INFO: Agent <rule_based_agent_2> chose action None in 0.00s.
2026-09-21 19:38:55,346 [BombeRLeWorld] INFO: Agent <rule_based_agent_2> stayed within acceptable think time.
2026-09-21 19:38:55,440 [BombeRLeWorld] INFO: STARTING STEP 90
2026-09-21 19:38:55,446 [BombeRLeWorld] INFO: Agent <final_code> chose action RIGHT in 0.00s.
2026-09-21 19:38:55,446 [BombeRLeWorld] INFO: Agent <final_code> stayed within acceptable think time.
2026-09-21 19:38:55,446 [BombeRLeWorld] INFO: Agent <rule_based_agent_2> chose action None in 0.00s.
2026-09-21 19:38:55,446 [BombeRLeWorld] INFO: Agent <rule_based_agent_2> stayed within acceptable think time.
2026-09-21 19:38:55,446 [BombeRLeWorld] INFO: Agent <rule_based_agent_0> chose action LEFT in 0.00s.
2026-09-21 19:38:55,446 [BombeRLeWorld] INFO: Agent <rule_based_agent_0> stayed within acceptable think time.
2026-09-21 19:38:55,446 [BombeRLeWorld] INFO: Agent <rule_based_agent_1> chose action DOWN in 0.00s.
2026-09-21 19:38:55,446 [BombeRLeWorld] INFO: Agent <rule_based_agent_1> stayed within acceptable think time.
2026-09-21 19:38:55,446 [BombeRLeWorld] INFO: Agent <rule_based_agent_1>'s bomb at (np.int64(10), np.int64(7)) explodes
2026-09-21 19:38:55,446 [BombeRLeWorld] INFO: Agent <rule_based_agent_2>'s bomb at (np.int64(11), np.int64(7)) explodes
2026-09-21 19:38:55,446 [BombeRLeWorld] INFO: Agent <rule_based_agent_2> blown up by agent <rule_based_agent_1>'s bomb
2026-09-21 19:38:55,446 [BombeRLeWorld] INFO: Agent <rule_based_agent_1> receives 1 point
2026-09-21 19:38:55,446 [BombeRLeWorld] INFO: Agent <rule_based_agent_2> blown up by own bomb
2026-09-21 19:38:55,540 [BombeRLeWorld] INFO: STARTING STEP 91
2026-09-21 19:38:55,546 [BombeRLeWorld] INFO: Agent <rule_based_agent_1> chose action DOWN in 0.00s.
2026-09-21 19:38:55,546 [BombeRLeWorld] INFO: Agent <rule_based_agent_1> stayed within acceptable think time.
2026-09-21 19:38:55,546 [BombeRLeWorld] INFO: Agent <final_code> chose action BOMB in 0.00s.
2026-09-21 19:38:55,546 [BombeRLeWorld] INFO: Agent <final_code> stayed within acceptable think time.
2026-09-21 19:38:55,546 [BombeRLeWorld] INFO: Agent <final_code> drops bomb at (np.int64(13), np.int64(9))
2026-09-21 19:38:55,546 [BombeRLeWorld] INFO: Agent <rule_based_agent_0> chose action LEFT in 0.00s.
2026-09-21 19:38:55,546 [BombeRLeWorld] INFO: Agent <rule_based_agent_0> stayed within acceptable think time.
2026-09-21 19:38:55,640 [BombeRLeWorld] INFO: STARTING STEP 92
2026-09-21 19:38:55,646 [BombeRLeWorld] INFO: Agent <final_code> chose action DOWN in 0.00s.
2026-09-21 19:38:55,646 [BombeRLeWorld] INFO: Agent <final_code> stayed within acceptable think time.
2026-09-21 19:38:55,646 [BombeRLeWorld] INFO: Agent <rule_based_agent_0> chose action LEFT in 0.00s.
2026-09-21 19:38:55,646 [BombeRLeWorld] INFO: Agent <rule_based_agent_0> stayed within acceptable think time.
2026-09-21 19:38:55,646 [BombeRLeWorld] INFO: Agent <rule_based_agent_1> chose action LEFT in 0.00s.
2026-09-21 19:38:55,646 [BombeRLeWorld] INFO: Agent <rule_based_agent_1> stayed within acceptable think time.
2026-09-21 19:38:55,740 [BombeRLeWorld] INFO: STARTING STEP 93
2026-09-21 19:38:55,745 [BombeRLeWorld] INFO: Agent <final_code> chose action DOWN in 0.00s.
2026-09-21 19:38:55,745 [BombeRLeWorld] INFO: Agent <final_code> stayed within acceptable think time.
2026-09-21 19:38:55,745 [BombeRLeWorld] INFO: Agent <rule_based_agent_0> chose action LEFT in 0.00s.
2026-09-21 19:38:55,745 [BombeRLeWorld] INFO: Agent <rule_based_agent_0> stayed within acceptable think time.
2026-09-21 19:38:55,745 [BombeRLeWorld] INFO: Agent <rule_based_agent_1> chose action LEFT in 0.00s.
2026-09-21 19:38:55,745 [BombeRLeWorld] INFO: Agent <rule_based_agent_1> stayed within acceptable think time.
2026-09-21 19:38:55,840 [BombeRLeWorld] INFO: STARTING STEP 94
2026-09-21 19:38:55,846 [BombeRLeWorld] INFO: Agent <rule_based_agent_1> chose action LEFT in 0.00s.
2026-09-21 19:38:55,846 [BombeRLeWorld] INFO: Agent <rule_based_agent_1> stayed within acceptable think time.
2026-09-21 19:38:55,846 [BombeRLeWorld] INFO: Agent <rule_based_agent_0> chose action LEFT in 0.00s.
2026-09-21 19:38:55,846 [BombeRLeWorld] INFO: Agent <rule_based_agent_0> stayed within acceptable think time.
2026-09-21 19:38:55,846 [BombeRLeWorld] INFO: Agent <final_code> chose action RIGHT in 0.00s.
2026-09-21 19:38:55,846 [BombeRLeWorld] INFO: Agent <final_code> stayed within acceptable think time.
2026-09-21 19:38:55,940 [BombeRLeWorld] INFO: STARTING STEP 95
2026-09-21 19:38:55,945 [BombeRLeWorld] INFO: Agent <rule_based_agent_0> chose action LEFT in 0.00s.
2026-09-21 19:38:55,945 [BombeRLeWorld] INFO: Agent <rule_based_agent_0> stayed within acceptable think time.
2026-09-21 19:38:55,945 [BombeRLeWorld] INFO: Agent <rule_based_agent_1> chose action LEFT in 0.00s.
2026-09-21 19:38:55,945 [BombeRLeWorld] INFO: Agent <rule_based_agent_1> stayed within acceptable think time.
2026-09-21 19:38:55,945 [BombeRLeWorld] INFO: Agent <final_code> chose action RIGHT in 0.00s.
2026-09-21 19:38:55,945 [BombeRLeWorld] INFO: Agent <final_code> stayed within acceptable think time.
2026-09-21 19:38:55,945 [BombeRLeWorld] INFO: Agent <final_code>'s bomb at (np.int64(13), np.int64(9)) explodes
2026-09-21 19:38:56,040 [BombeRLeWorld] INFO: STARTING STEP 96
2026-09-21 19:38:56,046 [BombeRLeWorld] INFO: Agent <final_code> chose action UP in 0.00s.
2026-09-21 19:38:56,046 [BombeRLeWorld] INFO: Agent <final_code> stayed within acceptable think time.
2026-09-21 19:38:56,046 [BombeRLeWorld] INFO: Agent <rule_based_agent_0> chose action LEFT in 0.00s.
2026-09-21 19:38:56,046 [BombeRLeWorld] INFO: Agent <rule_based_agent_0> stayed within acceptable think time.
2026-09-21 19:38:56,046 [BombeRLeWorld] INFO: Agent <rule_based_agent_1> chose action UP in 0.00s.
2026-09-21 19:38:56,046 [BombeRLeWorld] INFO: Agent <rule_based_agent_1> stayed within acceptable think time.
2026-09-21 19:38:56,140 [BombeRLeWorld] INFO: STARTING STEP 97
2026-09-21 19:38:56,145 [BombeRLeWorld] INFO: Agent <final_code> chose action UP in 0.00s.
2026-09-21 19:38:56,145 [BombeRLeWorld] INFO: Agent <final_code> stayed within acceptable think time.
2026-09-21 19:38:56,145 [BombeRLeWorld] INFO: Agent <rule_based_agent_1> chose action BOMB in 0.00s.
2026-09-21 19:38:56,145 [BombeRLeWorld] INFO: Agent <rule_based_agent_1> stayed within acceptable think time.
2026-09-21 19:38:56,145 [BombeRLeWorld] INFO: Agent <rule_based_agent_1> drops bomb at (np.int64(5), np.int64(10))
2026-09-21 19:38:56,145 [BombeRLeWorld] INFO: Agent <rule_based_agent_0> chose action LEFT in 0.00s.
2026-09-21 19:38:56,145 [BombeRLeWorld] INFO: Agent <rule_based_agent_0> stayed within acceptable think time.
2026-09-21 19:38:56,240 [BombeRLeWorld] INFO: STARTING STEP 98
2026-09-21 19:38:56,247 [BombeRLeWorld] INFO: Agent <rule_based_agent_0> chose action LEFT in 0.00s.
2026-09-21 19:38:56,247 [BombeRLeWorld] INFO: Agent <rule_based_agent_0> stayed within acceptable think time.
2026-09-21 19:38:56,247 [BombeRLeWorld] INFO: Agent <final_code> chose action BOMB in 0.00s.
2026-09-21 19:38:56,247 [BombeRLeWorld] INFO: Agent <final_code> stayed within acceptable think time.
2026-09-21 19:38:56,247 [BombeRLeWorld] INFO: Agent <final_code> drops bomb at (np.int64(15), np.int64(9))
2026-09-21 19:38:56,247 [BombeRLeWorld] INFO: Agent <rule_based_agent_1> chose action DOWN in 0.00s.
2026-09-21 19:38:56,247 [BombeRLeWorld] INFO: Agent <rule_based_agent_1> stayed within acceptable think time.
2026-09-21 19:38:56,340 [BombeRLeWorld] INFO: STARTING STEP 99
2026-09-21 19:38:56,346 [BombeRLeWorld] INFO: Agent <rule_based_agent_0> chose action LEFT in 0.00s.
2026-09-21 19:38:56,346 [BombeRLeWorld] INFO: Agent <rule_based_agent_0> stayed within acceptable think time.
2026-09-21 19:38:56,346 [BombeRLeWorld] INFO: Agent <final_code> chose action LEFT in 0.00s.
2026-09-21 19:38:56,346 [BombeRLeWorld] INFO: Agent <final_code> stayed within acceptable think time.
2026-09-21 19:38:56,346 [BombeRLeWorld] INFO: Agent <rule_based_agent_1> chose action RIGHT in 0.00s.
2026-09-21 19:38:56,346 [BombeRLeWorld] INFO: Agent <rule_based_agent_1> stayed within acceptable think time.
2026-09-21 19:38:56,440 [BombeRLeWorld] INFO: STARTING STEP 100
2026-09-21 19:38:56,445 [BombeRLeWorld] INFO: Agent <rule_based_agent_1> chose action LEFT in 0.00s.
2026-09-21 19:38:56,445 [BombeRLeWorld] INFO: Agent <rule_based_agent_1> stayed within acceptable think time.
2026-09-21 19:38:56,445 [BombeRLeWorld] INFO: Agent <rule_based_agent_0> chose action LEFT in 0.00s.
2026-09-21 19:38:56,445 [BombeRLeWorld] INFO: Agent <rule_based_agent_0> stayed within acceptable think time.
2026-09-21 19:38:56,445 [BombeRLeWorld] INFO: Agent <final_code> chose action LEFT in 0.00s.
2026-09-21 19:38:56,445 [BombeRLeWorld] INFO: Agent <final_code> stayed within acceptable think time.
2026-09-21 19:38:56,540 [BombeRLeWorld] INFO: STARTING STEP 101
2026-09-21 19:38:56,546 [BombeRLeWorld] INFO: Agent <final_code> chose action UP in 0.00s.
2026-09-21 19:38:56,546 [BombeRLeWorld] INFO: Agent <final_code> stayed within acceptable think time.
2026-09-21 19:38:56,546 [BombeRLeWorld] INFO: Agent <rule_based_agent_0> chose action LEFT in 0.00s.
2026-09-21 19:38:56,546 [BombeRLeWorld] INFO: Agent <rule_based_agent_0> stayed within acceptable think time.
2026-09-21 19:38:56,546 [BombeRLeWorld] INFO: Agent <rule_based_agent_1> chose action RIGHT in 0.00s.
2026-09-21 19:38:56,546 [BombeRLeWorld] INFO: Agent <rule_based_agent_1> stayed within acceptable think time.
2026-09-21 19:38:56,546 [BombeRLeWorld] INFO: Agent <rule_based_agent_1>'s bomb at (np.int64(5), np.int64(10)) explodes
2026-09-21 19:38:56,641 [BombeRLeWorld] INFO: STARTING STEP 102
2026-09-21 19:38:56,645 [BombeRLeWorld] INFO: Agent <final_code> chose action UP in 0.00s.
2026-09-21 19:38:56,645 [BombeRLeWorld] INFO: Agent <final_code> stayed within acceptable think time.
2026-09-21 19:38:56,645 [BombeRLeWorld] INFO: Agent <rule_based_agent_1> chose action RIGHT in 0.00s.
2026-09-21 19:38:56,645 [BombeRLeWorld] INFO: Agent <rule_based_agent_1> stayed within acceptable think time.
2026-09-21 19:38:56,645 [BombeRLeWorld] INFO: Agent <rule_based_agent_0> chose action DOWN in 0.00s.
2026-09-21 19:38:56,645 [BombeRLeWorld] INFO: Agent <rule_based_agent_0> stayed within acceptable think time.
2026-09-21 19:38:56,645 [BombeRLeWorld] INFO: Agent <final_code>'s bomb at (np.int64(15), np.int64(9)) explodes
2026-09-21 19:38:56,741 [BombeRLeWorld] INFO: STARTING STEP 103
2026-09-21 19:38:56,747 [BombeRLeWorld] INFO: Agent <rule_based_agent_1> chose action LEFT in 0.00s.
2026-09-21 19:38:56,747 [BombeRLeWorld] INFO: Agent <rule_based_agent_1> stayed within acceptable think time.
2026-09-21 19:38:56,747 [BombeRLeWorld] INFO: Agent <rule_based_agent_0> chose action DOWN in 0.00s.
2026-09-21 19:38:56,747 [BombeRLeWorld] INFO: Agent <rule_based_agent_0> stayed within acceptable think time.
2026-09-21 19:38:56,747 [BombeRLeWorld] INFO: Agent <final_code> chose action UP in 0.01s.
2026-09-21 19:38:56,747 [BombeRLeWorld] INFO: Agent <final_code> stayed within acceptable think time.
2026-09-21 19:38:56,841 [BombeRLeWorld] INFO: STARTING STEP 104
2026-09-21 19:38:56,846 [BombeRLeWorld] INFO: Agent <rule_based_agent_0> chose action DOWN in 0.00s.
2026-09-21 19:38:56,846 [BombeRLeWorld] INFO: Agent <rule_based_agent_0> stayed within acceptable think time.
2026-09-21 19:38:56,846 [BombeRLeWorld] INFO: Agent <rule_based_agent_1> chose action LEFT in 0.00s.
2026-09-21 19:38:56,846 [BombeRLeWorld] INFO: Agent <rule_based_agent_1> stayed within acceptable think time.
2026-09-21 19:38:56,846 [BombeRLeWorld] INFO: Agent <final_code> chose action UP in 0.00s.
2026-09-21 19:38:56,846 [BombeRLeWorld] INFO: Agent <final_code> stayed within acceptable think time.
2026-09-21 19:38:56,941 [BombeRLeWorld] INFO: STARTING STEP 105
2026-09-21 19:38:56,947 [BombeRLeWorld] INFO: Agent <rule_based_agent_0> chose action DOWN in 0.00s.
2026-09-21 19:38:56,947 [BombeRLeWorld] INFO: Agent <rule_based_agent_0> stayed within acceptable think time.
2026-09-21 19:38:56,947 [BombeRLeWorld] INFO: Agent <rule_based_agent_1> chose action UP in 0.00s.
2026-09-21 19:38:56,947 [BombeRLeWorld] INFO: Agent <rule_based_agent_1> stayed within acceptable think time.
2026-09-21 19:38:56,947 [BombeRLeWorld] INFO: Agent <final_code> chose action UP in 0.00s.
2026-09-21 19:38:56,947 [BombeRLeWorld] INFO: Agent <final_code> stayed within acceptable think time.
2026-09-21 19:38:57,041 [BombeRLeWorld] INFO: STARTING STEP 106
2026-09-21 19:38:57,045 [BombeRLeWorld] INFO: Agent <final_code> chose action UP in 0.00s.
2026-09-21 19:38:57,045 [BombeRLeWorld] INFO: Agent <final_code> stayed within acceptable think time.
2026-09-21 19:38:57,045 [BombeRLeWorld] INFO: Agent <rule_based_agent_0> chose action RIGHT in 0.00s.
2026-09-21 19:38:57,045 [BombeRLeWorld] INFO: Agent <rule_based_agent_0> stayed within acceptable think time.
2026-09-21 19:38:57,045 [BombeRLeWorld] INFO: Agent <rule_based_agent_1> chose action UP in 0.00s.
2026-09-21 19:38:57,045 [BombeRLeWorld] INFO: Agent <rule_based_agent_1> stayed within acceptable think time.
2026-09-21 19:38:57,141 [BombeRLeWorld] INFO: STARTING STEP 107
2026-09-21 19:38:57,146 [BombeRLeWorld] INFO: Agent <rule_based_agent_0> chose action BOMB in 0.00s.
2026-09-21 19:38:57,146 [BombeRLeWorld] INFO: Agent <rule_based_agent_0> stayed within acceptable think time.
2026-09-21 19:38:57,146 [BombeRLeWorld] INFO: Agent <rule_based_agent_0> drops bomb at (np.int64(4), np.int64(9))
2026-09-21 19:38:57,146 [BombeRLeWorld] INFO: Agent <final_code> chose action BOMB in 0.00s.
2026-09-21 19:38:57,146 [BombeRLeWorld] INFO: Agent <final_code> stayed within acceptable think time.
2026-09-21 19:38:57,146 [BombeRLeWorld] INFO: Agent <final_code> drops bomb at (np.int64(13), np.int64(3))
2026-09-21 19:38:57,146 [BombeRLeWorld] INFO: Agent <rule_based_agent_1> chose action BOMB in 0.00s.
2026-09-21 19:38:57,146 [BombeRLeWorld] INFO: Agent <rule_based_agent_1> stayed within acceptable think time.
2026-09-21 19:38:57,146 [BombeRLeWorld] INFO: Agent <rule_based_agent_1> drops bomb at (np.int64(5), np.int64(9))
2026-09-21 19:38:57,241 [BombeRLeWorld] INFO: STARTING STEP 108
2026-09-21 19:38:57,245 [BombeRLeWorld] INFO: Agent <rule_based_agent_0> chose action LEFT in 0.00s.
2026-09-21 19:38:57,245 [BombeRLeWorld] INFO: Agent <rule_based_agent_0> stayed within acceptable think time.
2026-09-21 19:38:57,245 [BombeRLeWorld] INFO: Agent <final_code> chose action UP in 0.00s.
2026-09-21 19:38:57,245 [BombeRLeWorld] INFO: Agent <final_code> stayed within acceptable think time.
2026-09-21 19:38:57,245 [BombeRLeWorld] INFO: Agent <rule_based_agent_1> chose action DOWN in 0.00s.
2026-09-21 19:38:57,245 [BombeRLeWorld] INFO: Agent <rule_based_agent_1> stayed within acceptable think time.
2026-09-21 19:38:57,341 [BombeRLeWorld] INFO: STARTING STEP 109
2026-09-21 19:38:57,345 [BombeRLeWorld] INFO: Agent <rule_based_agent_1> chose action DOWN in 0.00s.
2026-09-21 19:38:57,345 [BombeRLeWorld] INFO: Agent <rule_based_agent_1> stayed within acceptable think time.
2026-09-21 19:38:57,345 [BombeRLeWorld] INFO: Agent <final_code> chose action UP in 0.00s.
2026-09-21 19:38:57,345 [BombeRLeWorld] INFO: Agent <final_code> stayed within acceptable think time.
2026-09-21 19:38:57,345 [BombeRLeWorld] INFO: Agent <rule_based_agent_0> chose action DOWN in 0.00s.
2026-09-21 19:38:57,345 [BombeRLeWorld] INFO: Agent <rule_based_agent_0> stayed within acceptable think time.
2026-09-21 19:38:57,441 [BombeRLeWorld] INFO: STARTING STEP 110
2026-09-21 19:38:57,446 [BombeRLeWorld] INFO: Agent <rule_based_agent_0> chose action DOWN in 0.00s.
2026-09-21 19:38:57,446 [BombeRLeWorld] INFO: Agent <rule_based_agent_0> stayed within acceptable think time.
2026-09-21 19:38:57,446 [BombeRLeWorld] INFO: Agent <rule_based_agent_1> chose action RIGHT in 0.00s.
2026-09-21 19:38:57,446 [BombeRLeWorld] INFO: Agent <rule_based_agent_1> stayed within acceptable think time.
2026-09-21 19:38:57,446 [BombeRLeWorld] INFO: Agent <final_code> chose action LEFT in 0.00s.
2026-09-21 19:38:57,446 [BombeRLeWorld] INFO: Agent <final_code> stayed within acceptable think time.
2026-09-21 19:38:57,541 [BombeRLeWorld] INFO: STARTING STEP 111
2026-09-21 19:38:57,546 [BombeRLeWorld] INFO: Agent <rule_based_agent_0> chose action LEFT in 0.00s.
2026-09-21 19:38:57,546 [BombeRLeWorld] INFO: Agent <rule_based_agent_0> stayed within acceptable think time.
2026-09-21 19:38:57,546 [BombeRLeWorld] INFO: Agent <rule_based_agent_1> chose action RIGHT in 0.00s.
2026-09-21 19:38:57,546 [BombeRLeWorld] INFO: Agent <rule_based_agent_1> stayed within acceptable think time.
2026-09-21 19:38:57,546 [BombeRLeWorld] INFO: Agent <final_code> chose action LEFT in 0.00s.
2026-09-21 19:38:57,546 [BombeRLeWorld] INFO: Agent <final_code> stayed within acceptable think time.
2026-09-21 19:38:57,546 [BombeRLeWorld] INFO: Agent <rule_based_agent_0>'s bomb at (np.int64(4), np.int64(9)) explodes
2026-09-21 19:38:57,546 [BombeRLeWorld] INFO: Agent <final_code>'s bomb at (np.int64(13), np.int64(3)) explodes
2026-09-21 19:38:57,546 [BombeRLeWorld] INFO: Agent <rule_based_agent_1>'s bomb at (np.int64(5), np.int64(9)) explodes
2026-09-21 19:38:57,641 [BombeRLeWorld] INFO: STARTING STEP 112
2026-09-21 19:38:57,647 [BombeRLeWorld] INFO: Agent <rule_based_agent_1> chose action UP in 0.00s.
2026-09-21 19:38:57,647 [BombeRLeWorld] INFO: Agent <rule_based_agent_1> stayed within acceptable think time.
2026-09-21 19:38:57,647 [BombeRLeWorld] INFO: Agent <final_code> chose action LEFT in 0.00s.
2026-09-21 19:38:57,647 [BombeRLeWorld] INFO: Agent <final_code> stayed within acceptable think time.
2026-09-21 19:38:57,647 [BombeRLeWorld] INFO: Agent <rule_based_agent_0> chose action RIGHT in 0.00s.
2026-09-21 19:38:57,647 [BombeRLeWorld] INFO: Agent <rule_based_agent_0> stayed within acceptable think time.
2026-09-21 19:38:57,741 [BombeRLeWorld] INFO: STARTING STEP 113
2026-09-21 19:38:57,747 [BombeRLeWorld] INFO: Agent <rule_based_agent_1> chose action UP in 0.00s.
2026-09-21 19:38:57,747 [BombeRLeWorld] INFO: Agent <rule_based_agent_1> stayed within acceptable think time.
2026-09-21 19:38:57,747 [BombeRLeWorld] INFO: Agent <rule_based_agent_0> chose action RIGHT in 0.00s.
2026-09-21 19:38:57,747 [BombeRLeWorld] INFO: Agent <rule_based_agent_0> stayed within acceptable think time.
2026-09-21 19:38:57,747 [BombeRLeWorld] INFO: Agent <final_code> chose action RIGHT in 0.00s.
2026-09-21 19:38:57,747 [BombeRLeWorld] INFO: Agent <final_code> stayed within acceptable think time.
2026-09-21 19:38:57,842 [BombeRLeWorld] INFO: STARTING STEP 114
2026-09-21 19:38:57,848 [BombeRLeWorld] INFO: Agent <rule_based_agent_1> chose action UP in 0.00s.
2026-09-21 19:38:57,848 [BombeRLeWorld] INFO: Agent <rule_based_agent_1> stayed within acceptable think time.
2026-09-21 19:38:57,848 [BombeRLeWorld] INFO: Agent <final_code> chose action BOMB in 0.00s.
2026-09-21 19:38:57,848 [BombeRLeWorld] INFO: Agent <final_code> stayed within acceptable think time.
2026-09-21 19:38:57,848 [BombeRLeWorld] INFO: Agent <final_code> drops bomb at (np.int64(11), np.int64(1))
2026-09-21 19:38:57,848 [BombeRLeWorld] INFO: Agent <rule_based_agent_0> chose action RIGHT in 0.00s.
2026-09-21 19:38:57,848 [BombeRLeWorld] INFO: Agent <rule_based_agent_0> stayed within acceptable think time.
2026-09-21 19:38:57,942 [BombeRLeWorld] INFO: STARTING STEP 115
2026-09-21 19:38:57,947 [BombeRLeWorld] INFO: Agent <final_code> chose action RIGHT in 0.00s.
2026-09-21 19:38:57,947 [BombeRLeWorld] INFO: Agent <final_code> stayed within acceptable think time.
2026-09-21 19:38:57,947 [BombeRLeWorld] INFO: Agent <rule_based_agent_0> chose action RIGHT in 0.00s.
2026-09-21 19:38:57,947 [BombeRLeWorld] INFO: Agent <rule_based_agent_0> stayed within acceptable think time.
2026-09-21 19:38:57,947 [BombeRLeWorld] INFO: Agent <rule_based_agent_1> chose action UP in 0.00s.
2026-09-21 19:38:57,947 [BombeRLeWorld] INFO: Agent <rule_based_agent_1> stayed within acceptable think time.
2026-09-21 19:38:58,041 [BombeRLeWorld] INFO: STARTING STEP 116
2026-09-21 19:38:58,046 [BombeRLeWorld] INFO: Agent <rule_based_agent_0> chose action RIGHT in 0.00s.
2026-09-21 19:38:58,046 [BombeRLeWorld] INFO: Agent <rule_based_agent_0> stayed within acceptable think time.
2026-09-21 19:38:58,046 [BombeRLeWorld] INFO: Agent <final_code> chose action RIGHT in 0.00s.
2026-09-21 19:38:58,046 [BombeRLeWorld] INFO: Agent <final_code> stayed within acceptable think time.
2026-09-21 19:38:58,046 [BombeRLeWorld] INFO: Agent <rule_based_agent_1> chose action DOWN in 0.00s.
2026-09-21 19:38:58,046 [BombeRLeWorld] INFO: Agent <rule_based_agent_1> stayed within acceptable think time.
2026-09-21 19:38:58,141 [BombeRLeWorld] INFO: STARTING STEP 117
2026-09-21 19:38:58,146 [BombeRLeWorld] INFO: Agent <final_code> chose action DOWN in 0.00s.
2026-09-21 19:38:58,146 [BombeRLeWorld] INFO: Agent <final_code> stayed within acceptable think time.
2026-09-21 19:38:58,147 [BombeRLeWorld] INFO: Agent <rule_based_agent_1> chose action DOWN in 0.00s.
2026-09-21 19:38:58,147 [BombeRLeWorld] INFO: Agent <rule_based_agent_1> stayed within acceptable think time.
2026-09-21 19:38:58,147 [BombeRLeWorld] INFO: Agent <rule_based_agent_0> chose action UP in 0.00s.
2026-09-21 19:38:58,147 [BombeRLeWorld] INFO: Agent <rule_based_agent_0> stayed within acceptable think time.
2026-09-21 19:38:58,241 [BombeRLeWorld] INFO: STARTING STEP 118
2026-09-21 19:38:58,245 [BombeRLeWorld] INFO: Agent <rule_based_agent_1> chose action BOMB in 0.00s.
2026-09-21 19:38:58,245 [BombeRLeWorld] INFO: Agent <rule_based_agent_1> stayed within acceptable think time.
2026-09-21 19:38:58,245 [BombeRLeWorld] INFO: Agent <rule_based_agent_1> drops bomb at (np.int64(7), np.int64(9))
2026-09-21 19:38:58,245 [BombeRLeWorld] INFO: Agent <final_code> chose action DOWN in 0.00s.
2026-09-21 19:38:58,245 [BombeRLeWorld] INFO: Agent <final_code> stayed within acceptable think time.
2026-09-21 19:38:58,245 [BombeRLeWorld] INFO: Agent <rule_based_agent_0> chose action BOMB in 0.00s.
2026-09-21 19:38:58,245 [BombeRLeWorld] INFO: Agent <rule_based_agent_0> stayed within acceptable think time.
2026-09-21 19:38:58,245 [BombeRLeWorld] INFO: Agent <rule_based_agent_0> drops bomb at (np.int64(7), np.int64(10))
2026-09-21 19:38:58,245 [BombeRLeWorld] INFO: Agent <final_code>'s bomb at (np.int64(11), np.int64(1)) explodes
2026-09-21 19:38:58,341 [BombeRLeWorld] INFO: STARTING STEP 119
2026-09-21 19:38:58,349 [BombeRLeWorld] INFO: Agent <rule_based_agent_1> chose action UP in 0.00s.
2026-09-21 19:38:58,349 [BombeRLeWorld] INFO: Agent <rule_based_agent_1> stayed within acceptable think time.
2026-09-21 19:38:58,349 [BombeRLeWorld] INFO: Agent <final_code> chose action LEFT in 0.01s.
2026-09-21 19:38:58,349 [BombeRLeWorld] INFO: Agent <final_code> stayed within acceptable think time.
2026-09-21 19:38:58,349 [BombeRLeWorld] INFO: Agent <rule_based_agent_0> chose action DOWN in 0.00s.
2026-09-21 19:38:58,349 [BombeRLeWorld] INFO: Agent <rule_based_agent_0> stayed within acceptable think time.
2026-09-21 19:38:58,442 [BombeRLeWorld] INFO: STARTING STEP 120
2026-09-21 19:38:58,446 [BombeRLeWorld] INFO: Agent <rule_based_agent_0> chose action RIGHT in 0.00s.
2026-09-21 19:38:58,446 [BombeRLeWorld] INFO: Agent <rule_based_agent_0> stayed within acceptable think time.
2026-09-21 19:38:58,446 [BombeRLeWorld] INFO: Agent <final_code> chose action LEFT in 0.00s.
2026-09-21 19:38:58,446 [BombeRLeWorld] INFO: Agent <final_code> stayed within acceptable think time.
2026-09-21 19:38:58,446 [BombeRLeWorld] INFO: Agent <rule_based_agent_1> chose action UP in 0.00s.
2026-09-21 19:38:58,446 [BombeRLeWorld] INFO: Agent <rule_based_agent_1> stayed within acceptable think time.
2026-09-21 19:38:58,542 [BombeRLeWorld] INFO: STARTING STEP 121
2026-09-21 19:38:58,548 [BombeRLeWorld] INFO: Agent <final_code> chose action BOMB in 0.01s.
2026-09-21 19:38:58,548 [BombeRLeWorld] INFO: Agent <final_code> stayed within acceptable think time.
2026-09-21 19:38:58,548 [BombeRLeWorld] INFO: Agent <final_code> drops bomb at (np.int64(11), np.int64(3))
2026-09-21 19:38:58,548 [BombeRLeWorld] INFO: Agent <rule_based_agent_1> chose action RIGHT in 0.00s.
2026-09-21 19:38:58,548 [BombeRLeWorld] INFO: Agent <rule_based_agent_1> stayed within acceptable think time.
2026-09-21 19:38:58,548 [BombeRLeWorld] INFO: Agent <rule_based_agent_0> chose action LEFT in 0.00s.
2026-09-21 19:38:58,548 [BombeRLeWorld] INFO: Agent <rule_based_agent_0> stayed within acceptable think time.
2026-09-21 19:38:58,642 [BombeRLeWorld] INFO: STARTING STEP 122
2026-09-21 19:38:58,647 [BombeRLeWorld] INFO: Agent <final_code> chose action LEFT in 0.00s.
2026-09-21 19:38:58,647 [BombeRLeWorld] INFO: Agent <final_code> stayed within acceptable think time.
2026-09-21 19:38:58,647 [BombeRLeWorld] INFO: Agent <rule_based_agent_1> chose action RIGHT in 0.00s.
2026-09-21 19:38:58,647 [BombeRLeWorld] INFO: Agent <rule_based_agent_1> stayed within acceptable think time.
2026-09-21 19:38:58,647 [BombeRLeWorld] INFO: Agent <rule_based_agent_0> chose action RIGHT in 0.00s.
2026-09-21 19:38:58,647 [BombeRLeWorld] INFO: Agent <rule_based_agent_0> stayed within acceptable think time.
2026-09-21 19:38:58,647 [BombeRLeWorld] INFO: Agent <rule_based_agent_1>'s bomb at (np.int64(7), np.int64(9)) explodes
2026-09-21 19:38:58,647 [BombeRLeWorld] INFO: Agent <rule_based_agent_0>'s bomb at (np.int64(7), np.int64(10)) explodes
2026-09-21 19:38:58,742 [BombeRLeWorld] INFO: STARTING STEP 123
2026-09-21 19:38:58,747 [BombeRLeWorld] INFO: Agent <final_code> chose action LEFT in 0.00s.
2026-09-21 19:38:58,747 [BombeRLeWorld] INFO: Agent <final_code> stayed within acceptable think time.
2026-09-21 19:38:58,747 [BombeRLeWorld] INFO: Agent <rule_based_agent_1> chose action UP in 0.00s.
2026-09-21 19:38:58,747 [BombeRLeWorld] INFO: Agent <rule_based_agent_1> stayed within acceptable think time.
2026-09-21 19:38:58,747 [BombeRLeWorld] INFO: Agent <rule_based_agent_0> chose action RIGHT in 0.00s.
2026-09-21 19:38:58,747 [BombeRLeWorld] INFO: Agent <rule_based_agent_0> stayed within acceptable think time.
2026-09-21 19:38:58,842 [BombeRLeWorld] INFO: STARTING STEP 124
2026-09-21 19:38:58,848 [BombeRLeWorld] INFO: Agent <final_code> chose action UP in 0.00s.
2026-09-21 19:38:58,848 [BombeRLeWorld] INFO: Agent <final_code> stayed within acceptable think time.
2026-09-21 19:38:58,848 [BombeRLeWorld] INFO: Agent <rule_based_agent_1> chose action UP in 0.00s.
2026-09-21 19:38:58,848 [BombeRLeWorld] INFO: Agent <rule_based_agent_1> stayed within acceptable think time.
2026-09-21 19:38:58,848 [BombeRLeWorld] INFO: Agent <rule_based_agent_0> chose action UP in 0.00s.
2026-09-21 19:38:58,848 [BombeRLeWorld] INFO: Agent <rule_based_agent_0> stayed within acceptable think time.
2026-09-21 19:38:58,942 [BombeRLeWorld] INFO: STARTING STEP 125
2026-09-21 19:38:58,946 [BombeRLeWorld] INFO: Agent <rule_based_agent_1> chose action UP in 0.00s.
2026-09-21 19:38:58,946 [BombeRLeWorld] INFO: Agent <rule_based_agent_1> stayed within acceptable think time.
2026-09-21 19:38:58,946 [BombeRLeWorld] INFO: Agent <rule_based_agent_0> chose action UP in 0.00s.
2026-09-21 19:38:58,946 [BombeRLeWorld] INFO: Agent <rule_based_agent_0> stayed within acceptable think time.
2026-09-21 19:38:58,946 [BombeRLeWorld] INFO: Agent <final_code> chose action UP in 0.00s.
2026-09-21 19:38:58,946 [BombeRLeWorld] INFO: Agent <final_code> stayed within acceptable think time.
2026-09-21 19:38:58,946 [BombeRLeWorld] INFO: Agent <final_code>'s bomb at (np.int64(11), np.int64(3)) explodes
2026-09-21 19:38:59,042 [BombeRLeWorld] INFO: STARTING STEP 126
2026-09-21 19:38:59,048 [BombeRLeWorld] INFO: Agent <final_code> chose action LEFT in 0.00s.
2026-09-21 19:38:59,048 [BombeRLeWorld] INFO: Agent <final_code> stayed within acceptable think time.
2026-09-21 19:38:59,048 [BombeRLeWorld] INFO: Agent <rule_based_agent_0> chose action UP in 0.00s.
2026-09-21 19:38:59,048 [BombeRLeWorld] INFO: Agent <rule_based_agent_0> stayed within acceptable think time.
2026-09-21 19:38:59,048 [BombeRLeWorld] INFO: Agent <rule_based_agent_1> chose action DOWN in 0.00s.
2026-09-21 19:38:59,048 [BombeRLeWorld] INFO: Agent <rule_based_agent_1> stayed within acceptable think time.
2026-09-21 19:38:59,142 [BombeRLeWorld] INFO: STARTING STEP 127
2026-09-21 19:38:59,146 [BombeRLeWorld] INFO: Agent <final_code> chose action LEFT in 0.00s.
2026-09-21 19:38:59,146 [BombeRLeWorld] INFO: Agent <final_code> stayed within acceptable think time.
2026-09-21 19:38:59,147 [BombeRLeWorld] INFO: Agent <rule_based_agent_1> chose action DOWN in 0.00s.
2026-09-21 19:38:59,147 [BombeRLeWorld] INFO: Agent <rule_based_agent_1> stayed within acceptable think time.
2026-09-21 19:38:59,147 [BombeRLeWorld] INFO: Agent <rule_based_agent_0> chose action UP in 0.00s.
2026-09-21 19:38:59,147 [BombeRLeWorld] INFO: Agent <rule_based_agent_0> stayed within acceptable think time.
2026-09-21 19:38:59,242 [BombeRLeWorld] INFO: STARTING STEP 128
2026-09-21 19:38:59,247 [BombeRLeWorld] INFO: Agent <rule_based_agent_0> chose action BOMB in 0.00s.
2026-09-21 19:38:59,247 [BombeRLeWorld] INFO: Agent <rule_based_agent_0> stayed within acceptable think time.
2026-09-21 19:38:59,247 [BombeRLeWorld] INFO: Agent <rule_based_agent_0> drops bomb at (np.int64(9), np.int64(7))
2026-09-21 19:38:59,247 [BombeRLeWorld] INFO: Agent <final_code> chose action BOMB in 0.00s.
2026-09-21 19:38:59,247 [BombeRLeWorld] INFO: Agent <final_code> stayed within acceptable think time.
2026-09-21 19:38:59,247 [BombeRLeWorld] INFO: Agent <final_code> drops bomb at (np.int64(7), np.int64(1))
2026-09-21 19:38:59,247 [BombeRLeWorld] INFO: Agent <rule_based_agent_1> chose action BOMB in 0.00s.
2026-09-21 19:38:59,247 [BombeRLeWorld] INFO: Agent <rule_based_agent_1> stayed within acceptable think time.
2026-09-21 19:38:59,247 [BombeRLeWorld] INFO: Agent <rule_based_agent_1> drops bomb at (np.int64(9), np.int64(6))
2026-09-21 19:38:59,342 [BombeRLeWorld] INFO: STARTING STEP 129
2026-09-21 19:38:59,349 [BombeRLeWorld] INFO: Agent <rule_based_agent_0> chose action RIGHT in 0.00s.
2026-09-21 19:38:59,349 [BombeRLeWorld] INFO: Agent <rule_based_agent_0> stayed within acceptable think time.
2026-09-21 19:38:59,349 [BombeRLeWorld] INFO: Agent <rule_based_agent_1> chose action UP in 0.00s.
2026-09-21 19:38:59,349 [BombeRLeWorld] INFO: Agent <rule_based_agent_1> stayed within acceptable think time.
2026-09-21 19:38:59,349 [BombeRLeWorld] INFO: Agent <final_code> chose action DOWN in 0.00s.
2026-09-21 19:38:59,349 [BombeRLeWorld] INFO: Agent <final_code> stayed within acceptable think time.
2026-09-21 19:38:59,442 [BombeRLeWorld] INFO: STARTING STEP 130
2026-09-21 19:38:59,446 [BombeRLeWorld] INFO: Agent <rule_based_agent_0> chose action RIGHT in 0.00s.
2026-09-21 19:38:59,446 [BombeRLeWorld] INFO: Agent <rule_based_agent_0> stayed within acceptable think time.
2026-09-21 19:38:59,446 [BombeRLeWorld] INFO: Agent <rule_based_agent_1> chose action RIGHT in 0.00s.
2026-09-21 19:38:59,446 [BombeRLeWorld] INFO: Agent <rule_based_agent_1> stayed within acceptable think time.
2026-09-21 19:38:59,446 [BombeRLeWorld] INFO: Agent <final_code> chose action DOWN in 0.00s.
2026-09-21 19:38:59,446 [BombeRLeWorld] INFO: Agent <final_code> stayed within acceptable think time.
2026-09-21 19:38:59,542 [BombeRLeWorld] INFO: STARTING STEP 131
2026-09-21 19:38:59,548 [BombeRLeWorld] INFO: Agent <rule_based_agent_1> chose action RIGHT in 0.00s.
2026-09-21 19:38:59,548 [BombeRLeWorld] INFO: Agent <rule_based_agent_1> stayed within acceptable think time.
2026-09-21 19:38:59,548 [BombeRLeWorld] INFO: Agent <final_code> chose action LEFT in 0.00s.
2026-09-21 19:38:59,548 [BombeRLeWorld] INFO: Agent <final_code> stayed within acceptable think time.
2026-09-21 19:38:59,548 [BombeRLeWorld] INFO: Agent <rule_based_agent_0> chose action DOWN in 0.00s.
2026-09-21 19:38:59,548 [BombeRLeWorld] INFO: Agent <rule_based_agent_0> stayed within acceptable think time.
2026-09-21 19:38:59,642 [BombeRLeWorld] INFO: STARTING STEP 132
2026-09-21 19:38:59,646 [BombeRLeWorld] INFO: Agent <final_code> chose action LEFT in 0.00s.
2026-09-21 19:38:59,646 [BombeRLeWorld] INFO: Agent <final_code> stayed within acceptable think time.
2026-09-21 19:38:59,646 [BombeRLeWorld] INFO: Agent <rule_based_agent_0> chose action DOWN in 0.00s.
2026-09-21 19:38:59,646 [BombeRLeWorld] INFO: Agent <rule_based_agent_0> stayed within acceptable think time.
2026-09-21 19:38:59,646 [BombeRLeWorld] INFO: Agent <rule_based_agent_1> chose action LEFT in 0.00s.
2026-09-21 19:38:59,646 [BombeRLeWorld] INFO: Agent <rule_based_agent_1> stayed within acceptable think time.
2026-09-21 19:38:59,646 [BombeRLeWorld] INFO: Agent <rule_based_agent_0>'s bomb at (np.int64(9), np.int64(7)) explodes
2026-09-21 19:38:59,646 [BombeRLeWorld] INFO: Agent <final_code>'s bomb at (np.int64(7), np.int64(1)) explodes
2026-09-21 19:38:59,646 [BombeRLeWorld] INFO: Agent <rule_based_agent_1>'s bomb at (np.int64(9), np.int64(6)) explodes
2026-09-21 19:38:59,743 [BombeRLeWorld] INFO: STARTING STEP 133
2026-09-21 19:38:59,749 [BombeRLeWorld] INFO: Agent <final_code> chose action LEFT in 0.01s.
2026-09-21 19:38:59,749 [BombeRLeWorld] INFO: Agent <final_code> stayed within acceptable think time.
2026-09-21 19:38:59,749 [BombeRLeWorld] INFO: Agent <rule_based_agent_1> chose action RIGHT in 0.00s.
2026-09-21 19:38:59,749 [BombeRLeWorld] INFO: Agent <rule_based_agent_1> stayed within acceptable think time.
2026-09-21 19:38:59,749 [BombeRLeWorld] INFO: Agent <rule_based_agent_0> chose action UP in 0.00s.
2026-09-21 19:38:59,749 [BombeRLeWorld] INFO: Agent <rule_based_agent_0> stayed within acceptable think time.
2026-09-21 19:38:59,843 [BombeRLeWorld] INFO: STARTING STEP 134
2026-09-21 19:38:59,847 [BombeRLeWorld] INFO: Agent <rule_based_agent_1> chose action DOWN in 0.00s.
2026-09-21 19:38:59,847 [BombeRLeWorld] INFO: Agent <rule_based_agent_1> stayed within acceptable think time.
2026-09-21 19:38:59,847 [BombeRLeWorld] INFO: Agent <rule_based_agent_0> chose action UP in 0.00s.
2026-09-21 19:38:59,847 [BombeRLeWorld] INFO: Agent <rule_based_agent_0> stayed within acceptable think time.
2026-09-21 19:38:59,847 [BombeRLeWorld] INFO: Agent <final_code> chose action LEFT in 0.00s.
2026-09-21 19:38:59,847 [BombeRLeWorld] INFO: Agent <final_code> stayed within acceptable think time.
2026-09-21 19:38:59,943 [BombeRLeWorld] INFO: STARTING STEP 135
2026-09-21 19:38:59,948 [BombeRLeWorld] INFO: Agent <final_code> chose action BOMB in 0.00s.
2026-09-21 19:38:59,948 [BombeRLeWorld] INFO: Agent <final_code> stayed within acceptable think time.
2026-09-21 19:38:59,948 [BombeRLeWorld] INFO: Agent <final_code> drops bomb at (np.int64(3), np.int64(3))
2026-09-21 19:38:59,948 [BombeRLeWorld] INFO: Agent <rule_based_agent_1> chose action BOMB in 0.00s.
2026-09-21 19:38:59,948 [BombeRLeWorld] INFO: Agent <rule_based_agent_1> stayed within acceptable think time.
2026-09-21 19:38:59,948 [BombeRLeWorld] INFO: Agent <rule_based_agent_1> drops bomb at (np.int64(11), np.int64(6))
2026-09-21 19:38:59,948 [BombeRLeWorld] INFO: Agent <rule_based_agent_0> chose action BOMB in 0.00s.
2026-09-21 19:38:59,948 [BombeRLeWorld] INFO: Agent <rule_based_agent_0> stayed within acceptable think time.
2026-09-21 19:38:59,948 [BombeRLeWorld] INFO: Agent <rule_based_agent_0> drops bomb at (np.int64(11), np.int64(7))
2026-09-21 19:39:00,043 [BombeRLeWorld] INFO: STARTING STEP 136
2026-09-21 19:39:00,049 [BombeRLeWorld] INFO: Agent <final_code> chose action UP in 0.00s.
2026-09-21 19:39:00,049 [BombeRLeWorld] INFO: Agent <final_code> stayed within acceptable think time.
2026-09-21 19:39:00,049 [BombeRLeWorld] INFO: Agent <rule_based_agent_1> chose action UP in 0.00s.
2026-09-21 19:39:00,049 [BombeRLeWorld] INFO: Agent <rule_based_agent_1> stayed within acceptable think time.
2026-09-21 19:39:00,049 [BombeRLeWorld] INFO: Agent <rule_based_agent_0> chose action LEFT in 0.00s.
2026-09-21 19:39:00,049 [BombeRLeWorld] INFO: Agent <rule_based_agent_0> stayed within acceptable think time.
2026-09-21 19:39:00,142 [BombeRLeWorld] INFO: STARTING STEP 137
2026-09-21 19:39:00,147 [BombeRLeWorld] INFO: Agent <rule_based_agent_0> chose action LEFT in 0.00s.
2026-09-21 19:39:00,147 [BombeRLeWorld] INFO: Agent <rule_based_agent_0> stayed within acceptable think time.
2026-09-21 19:39:00,147 [BombeRLeWorld] INFO: Agent <rule_based_agent_1> chose action RIGHT in 0.00s.
2026-09-21 19:39:00,147 [BombeRLeWorld] INFO: Agent <rule_based_agent_1> stayed within acceptable think time.
2026-09-21 19:39:00,147 [BombeRLeWorld] INFO: Agent <final_code> chose action UP in 0.00s.
2026-09-21 19:39:00,147 [BombeRLeWorld] INFO: Agent <final_code> stayed within acceptable think time.
2026-09-21 19:39:00,242 [BombeRLeWorld] INFO: STARTING STEP 138
2026-09-21 19:39:00,248 [BombeRLeWorld] INFO: Agent <rule_based_agent_0> chose action DOWN in 0.00s.
2026-09-21 19:39:00,248 [BombeRLeWorld] INFO: Agent <rule_based_agent_0> stayed within acceptable think time.
2026-09-21 19:39:00,248 [BombeRLeWorld] INFO: Agent <rule_based_agent_1> chose action LEFT in 0.00s.
2026-09-21 19:39:00,248 [BombeRLeWorld] INFO: Agent <rule_based_agent_1> stayed within acceptable think time.
2026-09-21 19:39:00,248 [BombeRLeWorld] INFO: Agent <final_code> chose action RIGHT in 0.00s.
2026-09-21 19:39:00,248 [BombeRLeWorld] INFO: Agent <final_code> stayed within acceptable think time.
2026-09-21 19:39:00,343 [BombeRLeWorld] INFO: STARTING STEP 139
2026-09-21 19:39:00,348 [BombeRLeWorld] INFO: Agent <rule_based_agent_0> chose action DOWN in 0.00s.
2026-09-21 19:39:00,348 [BombeRLeWorld] INFO: Agent <rule_based_agent_0> stayed within acceptable think time.
2026-09-21 19:39:00,348 [BombeRLeWorld] INFO: Agent <rule_based_agent_1> chose action RIGHT in 0.00s.
2026-09-21 19:39:00,348 [BombeRLeWorld] INFO: Agent <rule_based_agent_1> stayed within acceptable think time.
2026-09-21 19:39:00,348 [BombeRLeWorld] INFO: Agent <final_code> chose action RIGHT in 0.00s.
2026-09-21 19:39:00,348 [BombeRLeWorld] INFO: Agent <final_code> stayed within acceptable think time.
2026-09-21 19:39:00,348 [BombeRLeWorld] INFO: Agent <final_code>'s bomb at (np.int64(3), np.int64(3)) explodes
2026-09-21 19:39:00,348 [BombeRLeWorld] INFO: Agent <rule_based_agent_1>'s bomb at (np.int64(11), np.int64(6)) explodes
2026-09-21 19:39:00,348 [BombeRLeWorld] INFO: Agent <rule_based_agent_0>'s bomb at (np.int64(11), np.int64(7)) explodes
2026-09-21 19:39:00,443 [BombeRLeWorld] INFO: STARTING STEP 140
2026-09-21 19:39:00,450 [BombeRLeWorld] INFO: Agent <rule_based_agent_0> chose action RIGHT in 0.00s.
2026-09-21 19:39:00,450 [BombeRLeWorld] INFO: Agent <rule_based_agent_0> stayed within acceptable think time.
2026-09-21 19:39:00,450 [BombeRLeWorld] INFO: Agent <rule_based_agent_1> chose action RIGHT in 0.00s.
2026-09-21 19:39:00,450 [BombeRLeWorld] INFO: Agent <rule_based_agent_1> stayed within acceptable think time.
2026-09-21 19:39:00,450 [BombeRLeWorld] INFO: Agent <final_code> chose action RIGHT in 0.00s.
2026-09-21 19:39:00,450 [BombeRLeWorld] INFO: Agent <final_code> stayed within acceptable think time.
2026-09-21 19:39:00,543 [BombeRLeWorld] INFO: STARTING STEP 141
2026-09-21 19:39:00,549 [BombeRLeWorld] INFO: Agent <rule_based_agent_0> chose action RIGHT in 0.00s.
2026-09-21 19:39:00,549 [BombeRLeWorld] INFO: Agent <rule_based_agent_0> stayed within acceptable think time.
2026-09-21 19:39:00,549 [BombeRLeWorld] INFO: Agent <rule_based_agent_1> chose action DOWN in 0.00s.
2026-09-21 19:39:00,549 [BombeRLeWorld] INFO: Agent <rule_based_agent_1> stayed within acceptable think time.
2026-09-21 19:39:00,549 [BombeRLeWorld] INFO: Agent <final_code> chose action LEFT in 0.00s.
2026-09-21 19:39:00,549 [BombeRLeWorld] INFO: Agent <final_code> stayed within acceptable think time.
2026-09-21 19:39:00,643 [BombeRLeWorld] INFO: STARTING STEP 142
2026-09-21 19:39:00,650 [BombeRLeWorld] INFO: Agent <rule_based_agent_1> chose action DOWN in 0.00s.
2026-09-21 19:39:00,650 [BombeRLeWorld] INFO: Agent <rule_based_agent_1> stayed within acceptable think time.
2026-09-21 19:39:00,650 [BombeRLeWorld] INFO: Agent <rule_based_agent_0> chose action RIGHT in 0.00s.
2026-09-21 19:39:00,650 [BombeRLeWorld] INFO: Agent <rule_based_agent_0> stayed within acceptable think time.
2026-09-21 19:39:00,650 [BombeRLeWorld] INFO: Agent <final_code> chose action BOMB in 0.00s.
2026-09-21 19:39:00,650 [BombeRLeWorld] INFO: Agent <final_code> stayed within acceptable think time.
2026-09-21 19:39:00,650 [BombeRLeWorld] INFO: Agent <final_code> drops bomb at (np.int64(5), np.int64(1))
2026-09-21 19:39:00,743 [BombeRLeWorld] INFO: STARTING STEP 143
2026-09-21 19:39:00,749 [BombeRLeWorld] INFO: Agent <final_code> chose action DOWN in 0.00s.
2026-09-21 19:39:00,749 [BombeRLeWorld] INFO: Agent <final_code> stayed within acceptable think time.
2026-09-21 19:39:00,749 [BombeRLeWorld] INFO: Agent <rule_based_agent_1> chose action LEFT in 0.00s.
2026-09-21 19:39:00,749 [BombeRLeWorld] INFO: Agent <rule_based_agent_1> stayed within acceptable think time.
2026-09-21 19:39:00,749 [BombeRLeWorld] INFO: Agent <rule_based_agent_0> chose action RIGHT in 0.00s.
2026-09-21 19:39:00,749 [BombeRLeWorld] INFO: Agent <rule_based_agent_0> stayed within acceptable think time.
2026-09-21 19:39:00,843 [BombeRLeWorld] INFO: STARTING STEP 144
2026-09-21 19:39:00,847 [BombeRLeWorld] INFO: Agent <final_code> chose action DOWN in 0.00s.
2026-09-21 19:39:00,847 [BombeRLeWorld] INFO: Agent <final_code> stayed within acceptable think time.
2026-09-21 19:39:00,847 [BombeRLeWorld] INFO: Agent <rule_based_agent_1> chose action RIGHT in 0.00s.
2026-09-21 19:39:00,847 [BombeRLeWorld] INFO: Agent <rule_based_agent_1> stayed within acceptable think time.
2026-09-21 19:39:00,847 [BombeRLeWorld] INFO: Agent <rule_based_agent_0> chose action UP in 0.00s.
2026-09-21 19:39:00,847 [BombeRLeWorld] INFO: Agent <rule_based_agent_0> stayed within acceptable think time.
2026-09-21 19:39:00,943 [BombeRLeWorld] INFO: STARTING STEP 145
2026-09-21 19:39:00,949 [BombeRLeWorld] INFO: Agent <rule_based_agent_1> chose action BOMB in 0.00s.
2026-09-21 19:39:00,949 [BombeRLeWorld] INFO: Agent <rule_based_agent_1> stayed within acceptable think time.
2026-09-21 19:39:00,949 [BombeRLeWorld] INFO: Agent <rule_based_agent_1> drops bomb at (np.int64(13), np.int64(7))
2026-09-21 19:39:00,949 [BombeRLeWorld] INFO: Agent <rule_based_agent_0> chose action BOMB in 0.00s.
2026-09-21 19:39:00,949 [BombeRLeWorld] INFO: Agent <rule_based_agent_0> stayed within acceptable think time.
2026-09-21 19:39:00,949 [BombeRLeWorld] INFO: Agent <rule_based_agent_0> drops bomb at (np.int64(13), np.int64(8))
2026-09-21 19:39:00,949 [BombeRLeWorld] INFO: Agent <final_code> chose action RIGHT in 0.00s.
2026-09-21 19:39:00,949 [BombeRLeWorld] INFO: Agent <final_code> stayed within acceptable think time.
2026-09-21 19:39:01,043 [BombeRLeWorld] INFO: STARTING STEP 146
2026-09-21 19:39:01,049 [BombeRLeWorld] INFO: Agent <rule_based_agent_1> chose action UP in 0.00s.
2026-09-21 19:39:01,049 [BombeRLeWorld] INFO: Agent <rule_based_agent_1> stayed within acceptable think time.
2026-09-21 19:39:01,049 [BombeRLeWorld] INFO: Agent <final_code> chose action RIGHT in 0.00s.
2026-09-21 19:39:01,049 [BombeRLeWorld] INFO: Agent <final_code> stayed within acceptable think time.
2026-09-21 19:39:01,049 [BombeRLeWorld] INFO: Agent <rule_based_agent_0> chose action DOWN in 0.00s.
2026-09-21 19:39:01,049 [BombeRLeWorld] INFO: Agent <rule_based_agent_0> stayed within acceptable think time.
2026-09-21 19:39:01,049 [BombeRLeWorld] INFO: Agent <final_code>'s bomb at (np.int64(5), np.int64(1)) explodes
2026-09-21 19:39:01,143 [BombeRLeWorld] INFO: STARTING STEP 147
2026-09-21 19:39:01,150 [BombeRLeWorld] INFO: Agent <final_code> chose action DOWN in 0.01s.
2026-09-21 19:39:01,150 [BombeRLeWorld] INFO: Agent <final_code> stayed within acceptable think time.
2026-09-21 19:39:01,150 [BombeRLeWorld] INFO: Agent <rule_based_agent_0> chose action RIGHT in 0.00s.
2026-09-21 19:39:01,150 [BombeRLeWorld] INFO: Agent <rule_based_agent_0> stayed within acceptable think time.
2026-09-21 19:39:01,150 [BombeRLeWorld] INFO: Agent <rule_based_agent_1> chose action UP in 0.00s.
2026-09-21 19:39:01,150 [BombeRLeWorld] INFO: Agent <rule_based_agent_1> stayed within acceptable think time.
2026-09-21 19:39:01,243 [BombeRLeWorld] INFO: STARTING STEP 148
2026-09-21 19:39:01,248 [BombeRLeWorld] INFO: Agent <final_code> chose action DOWN in 0.00s.
2026-09-21 19:39:01,248 [BombeRLeWorld] INFO: Agent <final_code> stayed within acceptable think time.
2026-09-21 19:39:01,248 [BombeRLeWorld] INFO: Agent <rule_based_agent_1> chose action RIGHT in 0.00s.
2026-09-21 19:39:01,248 [BombeRLeWorld] INFO: Agent <rule_based_agent_1> stayed within acceptable think time.
2026-09-21 19:39:01,248 [BombeRLeWorld] INFO: Agent <rule_based_agent_0> chose action LEFT in 0.00s.
2026-09-21 19:39:01,248 [BombeRLeWorld] INFO: Agent <rule_based_agent_0> stayed within acceptable think time.
2026-09-21 19:39:01,343 [BombeRLeWorld] INFO: STARTING STEP 149
2026-09-21 19:39:01,350 [BombeRLeWorld] INFO: Agent <final_code> chose action BOMB in 0.01s.
2026-09-21 19:39:01,350 [BombeRLeWorld] INFO: Agent <final_code> stayed within acceptable think time.
2026-09-21 19:39:01,350 [BombeRLeWorld] INFO: Agent <final_code> drops bomb at (np.int64(7), np.int64(5))
2026-09-21 19:39:01,350 [BombeRLeWorld] INFO: Agent <rule_based_agent_0> chose action RIGHT in 0.00s.
2026-09-21 19:39:01,350 [BombeRLeWorld] INFO: Agent <rule_based_agent_0> stayed within acceptable think time.
2026-09-21 19:39:01,350 [BombeRLeWorld] INFO: Agent <rule_based_agent_1> chose action RIGHT in 0.00s.
2026-09-21 19:39:01,350 [BombeRLeWorld] INFO: Agent <rule_based_agent_1> stayed within acceptable think time.
2026-09-21 19:39:01,350 [BombeRLeWorld] INFO: Agent <rule_based_agent_1>'s bomb at (np.int64(13), np.int64(7)) explodes
2026-09-21 19:39:01,350 [BombeRLeWorld] INFO: Agent <rule_based_agent_0>'s bomb at (np.int64(13), np.int64(8)) explodes
2026-09-21 19:39:01,444 [BombeRLeWorld] INFO: STARTING STEP 150
2026-09-21 19:39:01,449 [BombeRLeWorld] INFO: Agent <final_code> chose action DOWN in 0.00s.
2026-09-21 19:39:01,449 [BombeRLeWorld] INFO: Agent <final_code> stayed within acceptable think time.
2026-09-21 19:39:01,449 [BombeRLeWorld] INFO: Agent <rule_based_agent_1> chose action DOWN in 0.00s.
2026-09-21 19:39:01,449 [BombeRLeWorld] INFO: Agent <rule_based_agent_1> stayed within acceptable think time.
2026-09-21 19:39:01,449 [BombeRLeWorld] INFO: Agent <rule_based_agent_0> chose action RIGHT in 0.00s.
2026-09-21 19:39:01,449 [BombeRLeWorld] INFO: Agent <rule_based_agent_0> stayed within acceptable think time.
2026-09-21 19:39:01,544 [BombeRLeWorld] INFO: STARTING STEP 151
2026-09-21 19:39:01,548 [BombeRLeWorld] INFO: Agent <final_code> chose action DOWN in 0.00s.
2026-09-21 19:39:01,548 [BombeRLeWorld] INFO: Agent <final_code> stayed within acceptable think time.
2026-09-21 19:39:01,548 [BombeRLeWorld] INFO: Agent <rule_based_agent_1> chose action DOWN in 0.00s.
2026-09-21 19:39:01,548 [BombeRLeWorld] INFO: Agent <rule_based_agent_1> stayed within acceptable think time.
2026-09-21 19:39:01,548 [BombeRLeWorld] INFO: Agent <rule_based_agent_0> chose action UP in 0.00s.
2026-09-21 19:39:01,548 [BombeRLeWorld] INFO: Agent <rule_based_agent_0> stayed within acceptable think time.
2026-09-21 19:39:01,644 [BombeRLeWorld] INFO: STARTING STEP 152
2026-09-21 19:39:01,649 [BombeRLeWorld] INFO: Agent <final_code> chose action LEFT in 0.00s.
2026-09-21 19:39:01,649 [BombeRLeWorld] INFO: Agent <final_code> stayed within acceptable think time.
2026-09-21 19:39:01,649 [BombeRLeWorld] INFO: Agent <rule_based_agent_0> chose action BOMB in 0.00s.
2026-09-21 19:39:01,649 [BombeRLeWorld] INFO: Agent <rule_based_agent_0> stayed within acceptable think time.
2026-09-21 19:39:01,649 [BombeRLeWorld] INFO: Agent <rule_based_agent_0> drops bomb at (np.int64(15), np.int64(8))
2026-09-21 19:39:01,649 [BombeRLeWorld] INFO: Agent <rule_based_agent_1> chose action BOMB in 0.00s.
2026-09-21 19:39:01,649 [BombeRLeWorld] INFO: Agent <rule_based_agent_1> stayed within acceptable think time.
2026-09-21 19:39:01,649 [BombeRLeWorld] INFO: Agent <rule_based_agent_1> drops bomb at (np.int64(15), np.int64(7))
2026-09-21 19:39:01,744 [BombeRLeWorld] INFO: STARTING STEP 153
2026-09-21 19:39:01,749 [BombeRLeWorld] INFO: Agent <rule_based_agent_1> chose action LEFT in 0.00s.
2026-09-21 19:39:01,749 [BombeRLeWorld] INFO: Agent <rule_based_agent_1> stayed within acceptable think time.
2026-09-21 19:39:01,749 [BombeRLeWorld] INFO: Agent <final_code> chose action LEFT in 0.00s.
2026-09-21 19:39:01,749 [BombeRLeWorld] INFO: Agent <final_code> stayed within acceptable think time.
2026-09-21 19:39:01,749 [BombeRLeWorld] INFO: Agent <rule_based_agent_0> chose action DOWN in 0.00s.
2026-09-21 19:39:01,749 [BombeRLeWorld] INFO: Agent <rule_based_agent_0> stayed within acceptable think time.
2026-09-21 19:39:01,749 [BombeRLeWorld] INFO: Agent <final_code>'s bomb at (np.int64(7), np.int64(5)) explodes
2026-09-21 19:39:01,844 [BombeRLeWorld] INFO: STARTING STEP 154
2026-09-21 19:39:01,849 [BombeRLeWorld] INFO: Agent <rule_based_agent_0> chose action LEFT in 0.00s.
2026-09-21 19:39:01,849 [BombeRLeWorld] INFO: Agent <rule_based_agent_0> stayed within acceptable think time.
2026-09-21 19:39:01,849 [BombeRLeWorld] INFO: Agent <final_code> chose action UP in 0.00s.
2026-09-21 19:39:01,849 [BombeRLeWorld] INFO: Agent <final_code> stayed within acceptable think time.
2026-09-21 19:39:01,849 [BombeRLeWorld] INFO: Agent <rule_based_agent_1> chose action LEFT in 0.00s.
2026-09-21 19:39:01,849 [BombeRLeWorld] INFO: Agent <rule_based_agent_1> stayed within acceptable think time.
2026-09-21 19:39:01,944 [BombeRLeWorld] INFO: STARTING STEP 155
2026-09-21 19:39:01,949 [BombeRLeWorld] INFO: Agent <rule_based_agent_0> chose action LEFT in 0.00s.
2026-09-21 19:39:01,949 [BombeRLeWorld] INFO: Agent <rule_based_agent_0> stayed within acceptable think time.
2026-09-21 19:39:01,949 [BombeRLeWorld] INFO: Agent <rule_based_agent_1> chose action DOWN in 0.00s.
2026-09-21 19:39:01,949 [BombeRLeWorld] INFO: Agent <rule_based_agent_1> stayed within acceptable think time.
2026-09-21 19:39:01,949 [BombeRLeWorld] INFO: Agent <final_code> chose action DOWN in 0.00s.
2026-09-21 19:39:01,949 [BombeRLeWorld] INFO: Agent <final_code> stayed within acceptable think time.
2026-09-21 19:39:02,044 [BombeRLeWorld] INFO: STARTING STEP 156
2026-09-21 19:39:02,051 [BombeRLeWorld] INFO: Agent <rule_based_agent_1> chose action None in 0.00s.
2026-09-21 19:39:02,051 [BombeRLeWorld] INFO: Agent <rule_based_agent_1> stayed within acceptable think time.
2026-09-21 19:39:02,051 [BombeRLeWorld] INFO: Agent <final_code> chose action BOMB in 0.00s.
2026-09-21 19:39:02,051 [BombeRLeWorld] INFO: Agent <final_code> stayed within acceptable think time.
2026-09-21 19:39:02,051 [BombeRLeWorld] INFO: Agent <final_code> drops bomb at (np.int64(5), np.int64(7))
2026-09-21 19:39:02,051 [BombeRLeWorld] INFO: Agent <rule_based_agent_0> chose action LEFT in 0.00s.
2026-09-21 19:39:02,051 [BombeRLeWorld] INFO: Agent <rule_based_agent_0> stayed within acceptable think time.
2026-09-21 19:39:02,051 [BombeRLeWorld] INFO: Agent <rule_based_agent_0>'s bomb at (np.int64(15), np.int64(8)) explodes
2026-09-21 19:39:02,051 [BombeRLeWorld] INFO: Agent <rule_based_agent_1>'s bomb at (np.int64(15), np.int64(7)) explodes
2026-09-21 19:39:02,144 [BombeRLeWorld] INFO: STARTING STEP 157
2026-09-21 19:39:02,151 [BombeRLeWorld] INFO: Agent <final_code> chose action DOWN in 0.00s.
2026-09-21 19:39:02,151 [BombeRLeWorld] INFO: Agent <final_code> stayed within acceptable think time.
2026-09-21 19:39:02,151 [BombeRLeWorld] INFO: Agent <rule_based_agent_1> chose action DOWN in 0.00s.
2026-09-21 19:39:02,151 [BombeRLeWorld] INFO: Agent <rule_based_agent_1> stayed within acceptable think time.
2026-09-21 19:39:02,151 [BombeRLeWorld] INFO: Agent <rule_based_agent_0> chose action LEFT in 0.00s.
2026-09-21 19:39:02,151 [BombeRLeWorld] INFO: Agent <rule_based_agent_0> stayed within acceptable think time.
2026-09-21 19:39:02,244 [BombeRLeWorld] INFO: STARTING STEP 158
2026-09-21 19:39:02,250 [BombeRLeWorld] INFO: Agent <rule_based_agent_1> chose action UP in 0.00s.
2026-09-21 19:39:02,250 [BombeRLeWorld] INFO: Agent <rule_based_agent_1> stayed within acceptable think time.
2026-09-21 19:39:02,250 [BombeRLeWorld] INFO: Agent <final_code> chose action DOWN in 0.00s.
2026-09-21 19:39:02,250 [BombeRLeWorld] INFO: Agent <final_code> stayed within acceptable think time.
2026-09-21 19:39:02,250 [BombeRLeWorld] INFO: Agent <rule_based_agent_0> chose action LEFT in 0.00s.
2026-09-21 19:39:02,250 [BombeRLeWorld] INFO: Agent <rule_based_agent_0> stayed within acceptable think time.
2026-09-21 19:39:02,344 [BombeRLeWorld] INFO: STARTING STEP 159
2026-09-21 19:39:02,351 [BombeRLeWorld] INFO: Agent <rule_based_agent_1> chose action UP in 0.00s.
2026-09-21 19:39:02,351 [BombeRLeWorld] INFO: Agent <rule_based_agent_1> stayed within acceptable think time.
2026-09-21 19:39:02,351 [BombeRLeWorld] INFO: Agent <final_code> chose action LEFT in 0.00s.
2026-09-21 19:39:02,351 [BombeRLeWorld] INFO: Agent <final_code> stayed within acceptable think time.
2026-09-21 19:39:02,351 [BombeRLeWorld] INFO: Agent <rule_based_agent_0> chose action LEFT in 0.00s.
2026-09-21 19:39:02,351 [BombeRLeWorld] INFO: Agent <rule_based_agent_0> stayed within acceptable think time.
2026-09-21 19:39:02,444 [BombeRLeWorld] INFO: STARTING STEP 160
2026-09-21 19:39:02,450 [BombeRLeWorld] INFO: Agent <rule_based_agent_0> chose action LEFT in 0.00s.
2026-09-21 19:39:02,450 [BombeRLeWorld] INFO: Agent <rule_based_agent_0> stayed within acceptable think time.
2026-09-21 19:39:02,450 [BombeRLeWorld] INFO: Agent <rule_based_agent_1> chose action LEFT in 0.00s.
2026-09-21 19:39:02,450 [BombeRLeWorld] INFO: Agent <rule_based_agent_1> stayed within acceptable think time.
2026-09-21 19:39:02,450 [BombeRLeWorld] INFO: Agent <final_code> chose action LEFT in 0.00s.
2026-09-21 19:39:02,450 [BombeRLeWorld] INFO: Agent <final_code> stayed within acceptable think time.
2026-09-21 19:39:02,450 [BombeRLeWorld] INFO: Agent <final_code>'s bomb at (np.int64(5), np.int64(7)) explodes
2026-09-21 19:39:02,450 [BombeRLeWorld] INFO: Coin found at (np.int64(4), np.int64(7))
2026-09-21 19:39:02,544 [BombeRLeWorld] INFO: STARTING STEP 161
2026-09-21 19:39:02,551 [BombeRLeWorld] INFO: Agent <rule_based_agent_0> chose action LEFT in 0.00s.
2026-09-21 19:39:02,551 [BombeRLeWorld] INFO: Agent <rule_based_agent_0> stayed within acceptable think time.
2026-09-21 19:39:02,551 [BombeRLeWorld] INFO: Agent <rule_based_agent_1> chose action LEFT in 0.00s.
2026-09-21 19:39:02,551 [BombeRLeWorld] INFO: Agent <rule_based_agent_1> stayed within acceptable think time.
2026-09-21 19:39:02,551 [BombeRLeWorld] INFO: Agent <final_code> chose action UP in 0.01s.
2026-09-21 19:39:02,551 [BombeRLeWorld] INFO: Agent <final_code> stayed within acceptable think time.
2026-09-21 19:39:02,644 [BombeRLeWorld] INFO: STARTING STEP 162
2026-09-21 19:39:02,650 [BombeRLeWorld] INFO: Agent <rule_based_agent_0> chose action LEFT in 0.00s.
2026-09-21 19:39:02,650 [BombeRLeWorld] INFO: Agent <rule_based_agent_0> stayed within acceptable think time.
2026-09-21 19:39:02,650 [BombeRLeWorld] INFO: Agent <rule_based_agent_1> chose action LEFT in 0.00s.
2026-09-21 19:39:02,650 [BombeRLeWorld] INFO: Agent <rule_based_agent_1> stayed within acceptable think time.
2026-09-21 19:39:02,650 [BombeRLeWorld] INFO: Agent <final_code> chose action UP in 0.00s.
2026-09-21 19:39:02,650 [BombeRLeWorld] INFO: Agent <final_code> stayed within acceptable think time.
2026-09-21 19:39:02,744 [BombeRLeWorld] INFO: STARTING STEP 163
2026-09-21 19:39:02,751 [BombeRLeWorld] INFO: Agent <rule_based_agent_0> chose action LEFT in 0.00s.
2026-09-21 19:39:02,751 [BombeRLeWorld] INFO: Agent <rule_based_agent_0> stayed within acceptable think time.
2026-09-21 19:39:02,751 [BombeRLeWorld] INFO: Agent <rule_based_agent_1> chose action LEFT in 0.00s.
2026-09-21 19:39:02,751 [BombeRLeWorld] INFO: Agent <rule_based_agent_1> stayed within acceptable think time.
2026-09-21 19:39:02,751 [BombeRLeWorld] INFO: Agent <final_code> chose action RIGHT in 0.01s.
2026-09-21 19:39:02,751 [BombeRLeWorld] INFO: Agent <final_code> stayed within acceptable think time.
2026-09-21 19:39:02,751 [BombeRLeWorld] INFO: Agent <final_code> picked up coin at (np.int64(4), np.int64(7)) and receives 1 point
2026-09-21 19:39:02,844 [BombeRLeWorld] INFO: STARTING STEP 164
2026-09-21 19:39:02,850 [BombeRLeWorld] INFO: Agent <rule_based_agent_1> chose action UP in 0.00s.
2026-09-21 19:39:02,850 [BombeRLeWorld] INFO: Agent <rule_based_agent_1> stayed within acceptable think time.
2026-09-21 19:39:02,850 [BombeRLeWorld] INFO: Agent <final_code> chose action LEFT in 0.00s.
2026-09-21 19:39:02,850 [BombeRLeWorld] INFO: Agent <final_code> stayed within acceptable think time.
2026-09-21 19:39:02,850 [BombeRLeWorld] INFO: Agent <rule_based_agent_0> chose action UP in 0.00s.
2026-09-21 19:39:02,850 [BombeRLeWorld] INFO: Agent <rule_based_agent_0> stayed within acceptable think time.
2026-09-21 19:39:02,944 [BombeRLeWorld] INFO: STARTING STEP 165
2026-09-21 19:39:02,951 [BombeRLeWorld] INFO: Agent <final_code> chose action LEFT in 0.01s.
2026-09-21 19:39:02,951 [BombeRLeWorld] INFO: Agent <final_code> stayed within acceptable think time.
2026-09-21 19:39:02,951 [BombeRLeWorld] INFO: Agent <rule_based_agent_0> chose action UP in 0.00s.
2026-09-21 19:39:02,951 [BombeRLeWorld] INFO: Agent <rule_based_agent_0> stayed within acceptable think time.
2026-09-21 19:39:02,951 [BombeRLeWorld] INFO: Agent <rule_based_agent_1> chose action DOWN in 0.00s.
2026-09-21 19:39:02,951 [BombeRLeWorld] INFO: Agent <rule_based_agent_1> stayed within acceptable think time.
2026-09-21 19:39:03,045 [BombeRLeWorld] INFO: STARTING STEP 166
2026-09-21 19:39:03,049 [BombeRLeWorld] INFO: Agent <rule_based_agent_1> chose action LEFT in 0.00s.
2026-09-21 19:39:03,049 [BombeRLeWorld] INFO: Agent <rule_based_agent_1> stayed within acceptable think time.
2026-09-21 19:39:03,049 [BombeRLeWorld] INFO: Agent <rule_based_agent_0> chose action LEFT in 0.00s.
2026-09-21 19:39:03,049 [BombeRLeWorld] INFO: Agent <rule_based_agent_0> stayed within acceptable think time.
2026-09-21 19:39:03,049 [BombeRLeWorld] INFO: Agent <final_code> chose action RIGHT in 0.00s.
2026-09-21 19:39:03,049 [BombeRLeWorld] INFO: Agent <final_code> stayed within acceptable think time.
2026-09-21 19:39:03,144 [BombeRLeWorld] INFO: STARTING STEP 167
2026-09-21 19:39:03,150 [BombeRLeWorld] INFO: Agent <final_code> chose action BOMB in 0.01s.
2026-09-21 19:39:03,150 [BombeRLeWorld] INFO: Agent <final_code> stayed within acceptable think time.
2026-09-21 19:39:03,150 [BombeRLeWorld] INFO: Agent <final_code> drops bomb at (np.int64(3), np.int64(7))
2026-09-21 19:39:03,150 [BombeRLeWorld] INFO: Agent <rule_based_agent_1> chose action LEFT in 0.00s.
2026-09-21 19:39:03,150 [BombeRLeWorld] INFO: Agent <rule_based_agent_1> stayed within acceptable think time.
2026-09-21 19:39:03,150 [BombeRLeWorld] INFO: Agent <rule_based_agent_0> chose action BOMB in 0.00s.
2026-09-21 19:39:03,150 [BombeRLeWorld] INFO: Agent <rule_based_agent_0> stayed within acceptable think time.
2026-09-21 19:39:03,150 [BombeRLeWorld] INFO: Agent <rule_based_agent_0> drops bomb at (np.int64(4), np.int64(7))
2026-09-21 19:39:03,244 [BombeRLeWorld] INFO: STARTING STEP 168
2026-09-21 19:39:03,249 [BombeRLeWorld] INFO: Agent <final_code> chose action UP in 0.00s.
2026-09-21 19:39:03,249 [BombeRLeWorld] INFO: Agent <final_code> stayed within acceptable think time.
2026-09-21 19:39:03,249 [BombeRLeWorld] INFO: Agent <rule_based_agent_1> chose action DOWN in 0.00s.
2026-09-21 19:39:03,249 [BombeRLeWorld] INFO: Agent <rule_based_agent_1> stayed within acceptable think time.
2026-09-21 19:39:03,249 [BombeRLeWorld] INFO: Agent <rule_based_agent_0> chose action RIGHT in 0.00s.
2026-09-21 19:39:03,249 [BombeRLeWorld] INFO: Agent <rule_based_agent_0> stayed within acceptable think time.
2026-09-21 19:39:03,344 [BombeRLeWorld] INFO: STARTING STEP 169
2026-09-21 19:39:03,348 [BombeRLeWorld] INFO: Agent <final_code> chose action UP in 0.00s.
2026-09-21 19:39:03,348 [BombeRLeWorld] INFO: Agent <final_code> stayed within acceptable think time.
2026-09-21 19:39:03,348 [BombeRLeWorld] INFO: Agent <rule_based_agent_1> chose action UP in 0.00s.
2026-09-21 19:39:03,348 [BombeRLeWorld] INFO: Agent <rule_based_agent_1> stayed within acceptable think time.
2026-09-21 19:39:03,348 [BombeRLeWorld] INFO: Agent <rule_based_agent_0> chose action DOWN in 0.00s.
2026-09-21 19:39:03,348 [BombeRLeWorld] INFO: Agent <rule_based_agent_0> stayed within acceptable think time.
2026-09-21 19:39:03,445 [BombeRLeWorld] INFO: STARTING STEP 170
2026-09-21 19:39:03,451 [BombeRLeWorld] INFO: Agent <rule_based_agent_0> chose action UP in 0.00s.
2026-09-21 19:39:03,451 [BombeRLeWorld] INFO: Agent <rule_based_agent_0> stayed within acceptable think time.
2026-09-21 19:39:03,451 [BombeRLeWorld] INFO: Agent <final_code> chose action LEFT in 0.01s.
2026-09-21 19:39:03,451 [BombeRLeWorld] INFO: Agent <final_code> stayed within acceptable think time.
2026-09-21 19:39:03,451 [BombeRLeWorld] INFO: Agent <rule_based_agent_1> chose action DOWN in 0.00s.
2026-09-21 19:39:03,451 [BombeRLeWorld] INFO: Agent <rule_based_agent_1> stayed within acceptable think time.
2026-09-21 19:39:03,545 [BombeRLeWorld] INFO: STARTING STEP 171
2026-09-21 19:39:03,549 [BombeRLeWorld] INFO: Agent <rule_based_agent_0> chose action DOWN in 0.00s.
2026-09-21 19:39:03,549 [BombeRLeWorld] INFO: Agent <rule_based_agent_0> stayed within acceptable think time.
2026-09-21 19:39:03,549 [BombeRLeWorld] INFO: Agent <rule_based_agent_1> chose action DOWN in 0.00s.
2026-09-21 19:39:03,549 [BombeRLeWorld] INFO: Agent <rule_based_agent_1> stayed within acceptable think time.
2026-09-21 19:39:03,549 [BombeRLeWorld] INFO: Agent <final_code> chose action LEFT in 0.00s.
2026-09-21 19:39:03,549 [BombeRLeWorld] INFO: Agent <final_code> stayed within acceptable think time.
2026-09-21 19:39:03,549 [BombeRLeWorld] INFO: Agent <final_code>'s bomb at (np.int64(3), np.int64(7)) explodes
2026-09-21 19:39:03,549 [BombeRLeWorld] INFO: Agent <rule_based_agent_0>'s bomb at (np.int64(4), np.int64(7)) explodes
2026-09-21 19:39:03,645 [BombeRLeWorld] INFO: STARTING STEP 172
2026-09-21 19:39:03,650 [BombeRLeWorld] INFO: Agent <rule_based_agent_1> chose action LEFT in 0.00s.
2026-09-21 19:39:03,650 [BombeRLeWorld] INFO: Agent <rule_based_agent_1> stayed within acceptable think time.
2026-09-21 19:39:03,650 [BombeRLeWorld] INFO: Agent <final_code> chose action UP in 0.00s.
2026-09-21 19:39:03,650 [BombeRLeWorld] INFO: Agent <final_code> stayed within acceptable think time.
2026-09-21 19:39:03,650 [BombeRLeWorld] INFO: Agent <rule_based_agent_0> chose action DOWN in 0.00s.
2026-09-21 19:39:03,650 [BombeRLeWorld] INFO: Agent <rule_based_agent_0> stayed within acceptable think time.
2026-09-21 19:39:03,745 [BombeRLeWorld] INFO: STARTING STEP 173
2026-09-21 19:39:03,750 [BombeRLeWorld] INFO: Agent <rule_based_agent_1> chose action BOMB in 0.00s.
2026-09-21 19:39:03,750 [BombeRLeWorld] INFO: Agent <rule_based_agent_1> stayed within acceptable think time.
2026-09-21 19:39:03,750 [BombeRLeWorld] INFO: Agent <rule_based_agent_1> drops bomb at (np.int64(6), np.int64(9))
2026-09-21 19:39:03,750 [BombeRLeWorld] INFO: Agent <final_code> chose action DOWN in 0.00s.
2026-09-21 19:39:03,750 [BombeRLeWorld] INFO: Agent <final_code> stayed within acceptable think time.
2026-09-21 19:39:03,750 [BombeRLeWorld] INFO: Agent <rule_based_agent_0> chose action DOWN in 0.00s.
2026-09-21 19:39:03,750 [BombeRLeWorld] INFO: Agent <rule_based_agent_0> stayed within acceptable think time.
2026-09-21 19:39:03,845 [BombeRLeWorld] INFO: STARTING STEP 174
2026-09-21 19:39:03,850 [BombeRLeWorld] INFO: Agent <final_code> chose action BOMB in 0.00s.
2026-09-21 19:39:03,850 [BombeRLeWorld] INFO: Agent <final_code> stayed within acceptable think time.
2026-09-21 19:39:03,850 [BombeRLeWorld] INFO: Agent <final_code> drops bomb at (np.int64(1), np.int64(5))
2026-09-21 19:39:03,850 [BombeRLeWorld] INFO: Agent <rule_based_agent_0> chose action UP in 0.00s.
2026-09-21 19:39:03,850 [BombeRLeWorld] INFO: Agent <rule_based_agent_0> stayed within acceptable think time.
2026-09-21 19:39:03,850 [BombeRLeWorld] INFO: Agent <rule_based_agent_1> chose action LEFT in 0.00s.
2026-09-21 19:39:03,850 [BombeRLeWorld] INFO: Agent <rule_based_agent_1> stayed within acceptable think time.
2026-09-21 19:39:03,945 [BombeRLeWorld] INFO: STARTING STEP 175
2026-09-21 19:39:03,950 [BombeRLeWorld] INFO: Agent <final_code> chose action UP in 0.00s.
2026-09-21 19:39:03,950 [BombeRLeWorld] INFO: Agent <final_code> stayed within acceptable think time.
2026-09-21 19:39:03,950 [BombeRLeWorld] INFO: Agent <rule_based_agent_0> chose action DOWN in 0.00s.
2026-09-21 19:39:03,950 [BombeRLeWorld] INFO: Agent <rule_based_agent_0> stayed within acceptable think time.
2026-09-21 19:39:03,950 [BombeRLeWorld] INFO: Agent <rule_based_agent_1> chose action RIGHT in 0.00s.
2026-09-21 19:39:03,950 [BombeRLeWorld] INFO: Agent <rule_based_agent_1> stayed within acceptable think time.
2026-09-21 19:39:04,045 [BombeRLeWorld] INFO: STARTING STEP 176
2026-09-21 19:39:04,049 [BombeRLeWorld] INFO: Agent <rule_based_agent_0> chose action UP in 0.00s.
2026-09-21 19:39:04,049 [BombeRLeWorld] INFO: Agent <rule_based_agent_0> stayed within acceptable think time.
2026-09-21 19:39:04,049 [BombeRLeWorld] INFO: Agent <rule_based_agent_1> chose action DOWN in 0.00s.
2026-09-21 19:39:04,049 [BombeRLeWorld] INFO: Agent <rule_based_agent_1> stayed within acceptable think time.
2026-09-21 19:39:04,049 [BombeRLeWorld] INFO: Agent <final_code> chose action UP in 0.00s.
2026-09-21 19:39:04,049 [BombeRLeWorld] INFO: Agent <final_code> stayed within acceptable think time.
2026-09-21 19:39:04,145 [BombeRLeWorld] INFO: STARTING STEP 177
2026-09-21 19:39:04,150 [BombeRLeWorld] INFO: Agent <final_code> chose action RIGHT in 0.00s.
2026-09-21 19:39:04,150 [BombeRLeWorld] INFO: Agent <final_code> stayed within acceptable think time.
2026-09-21 19:39:04,150 [BombeRLeWorld] INFO: Agent <rule_based_agent_0> chose action DOWN in 0.00s.
2026-09-21 19:39:04,150 [BombeRLeWorld] INFO: Agent <rule_based_agent_0> stayed within acceptable think time.
2026-09-21 19:39:04,150 [BombeRLeWorld] INFO: Agent <rule_based_agent_1> chose action DOWN in 0.00s.
2026-09-21 19:39:04,150 [BombeRLeWorld] INFO: Agent <rule_based_agent_1> stayed within acceptable think time.
2026-09-21 19:39:04,150 [BombeRLeWorld] INFO: Agent <rule_based_agent_1>'s bomb at (np.int64(6), np.int64(9)) explodes
2026-09-21 19:39:04,245 [BombeRLeWorld] INFO: STARTING STEP 178
2026-09-21 19:39:04,249 [BombeRLeWorld] INFO: Agent <rule_based_agent_1> chose action LEFT in 0.00s.
2026-09-21 19:39:04,249 [BombeRLeWorld] INFO: Agent <rule_based_agent_1> stayed within acceptable think time.
2026-09-21 19:39:04,249 [BombeRLeWorld] INFO: Agent <final_code> chose action RIGHT in 0.00s.
2026-09-21 19:39:04,249 [BombeRLeWorld] INFO: Agent <final_code> stayed within acceptable think time.
2026-09-21 19:39:04,249 [BombeRLeWorld] INFO: Agent <rule_based_agent_0> chose action DOWN in 0.00s.
2026-09-21 19:39:04,249 [BombeRLeWorld] INFO: Agent <rule_based_agent_0> stayed within acceptable think time.
2026-09-21 19:39:04,249 [BombeRLeWorld] INFO: Agent <final_code>'s bomb at (np.int64(1), np.int64(5)) explodes
2026-09-21 19:39:04,345 [BombeRLeWorld] INFO: STARTING STEP 179
2026-09-21 19:39:04,352 [BombeRLeWorld] INFO: Agent <final_code> chose action UP in 0.00s.
2026-09-21 19:39:04,352 [BombeRLeWorld] INFO: Agent <final_code> stayed within acceptable think time.
2026-09-21 19:39:04,352 [BombeRLeWorld] INFO: Agent <rule_based_agent_0> chose action BOMB in 0.00s.
2026-09-21 19:39:04,352 [BombeRLeWorld] INFO: Agent <rule_based_agent_0> stayed within acceptable think time.
2026-09-21 19:39:04,352 [BombeRLeWorld] INFO: Agent <rule_based_agent_0> drops bomb at (np.int64(5), np.int64(11))
2026-09-21 19:39:04,352 [BombeRLeWorld] INFO: Agent <rule_based_agent_1> chose action RIGHT in 0.00s.
2026-09-21 19:39:04,352 [BombeRLeWorld] INFO: Agent <rule_based_agent_1> stayed within acceptable think time.
2026-09-21 19:39:04,445 [BombeRLeWorld] INFO: STARTING STEP 180
2026-09-21 19:39:04,451 [BombeRLeWorld] INFO: Agent <final_code> chose action UP in 0.00s.
2026-09-21 19:39:04,451 [BombeRLeWorld] INFO: Agent <final_code> stayed within acceptable think time.
2026-09-21 19:39:04,451 [BombeRLeWorld] INFO: Agent <rule_based_agent_1> chose action DOWN in 0.00s.
2026-09-21 19:39:04,451 [BombeRLeWorld] INFO: Agent <rule_based_agent_1> stayed within acceptable think time.
2026-09-21 19:39:04,452 [BombeRLeWorld] INFO: Agent <rule_based_agent_0> chose action DOWN in 0.00s.
2026-09-21 19:39:04,452 [BombeRLeWorld] INFO: Agent <rule_based_agent_0> stayed within acceptable think time.
2026-09-21 19:39:04,546 [BombeRLeWorld] INFO: STARTING STEP 181
2026-09-21 19:39:04,552 [BombeRLeWorld] INFO: Agent <rule_based_agent_0> chose action DOWN in 0.00s.
2026-09-21 19:39:04,552 [BombeRLeWorld] INFO: Agent <rule_based_agent_0> stayed within acceptable think time.
2026-09-21 19:39:04,552 [BombeRLeWorld] INFO: Agent <rule_based_agent_1> chose action UP in 0.00s.
2026-09-21 19:39:04,552 [BombeRLeWorld] INFO: Agent <rule_based_agent_1> stayed within acceptable think time.
2026-09-21 19:39:04,552 [BombeRLeWorld] INFO: Agent <final_code> chose action BOMB in 0.00s.
2026-09-21 19:39:04,552 [BombeRLeWorld] INFO: Agent <final_code> stayed within acceptable think time.
2026-09-21 19:39:04,552 [BombeRLeWorld] INFO: Agent <final_code> drops bomb at (np.int64(3), np.int64(1))
2026-09-21 19:39:04,646 [BombeRLeWorld] INFO: STARTING STEP 182
2026-09-21 19:39:04,650 [BombeRLeWorld] INFO: Agent <rule_based_agent_0> chose action RIGHT in 0.00s.
2026-09-21 19:39:04,650 [BombeRLeWorld] INFO: Agent <rule_based_agent_0> stayed within acceptable think time.
2026-09-21 19:39:04,650 [BombeRLeWorld] INFO: Agent <rule_based_agent_1> chose action DOWN in 0.00s.
2026-09-21 19:39:04,650 [BombeRLeWorld] INFO: Agent <rule_based_agent_1> stayed within acceptable think time.
2026-09-21 19:39:04,650 [BombeRLeWorld] INFO: Agent <final_code> chose action RIGHT in 0.00s.
2026-09-21 19:39:04,650 [BombeRLeWorld] INFO: Agent <final_code> stayed within acceptable think time.
2026-09-21 19:39:04,745 [BombeRLeWorld] INFO: STARTING STEP 183
2026-09-21 19:39:04,749 [BombeRLeWorld] INFO: Agent <rule_based_agent_0> chose action RIGHT in 0.00s.
2026-09-21 19:39:04,749 [BombeRLeWorld] INFO: Agent <rule_based_agent_0> stayed within acceptable think time.
2026-09-21 19:39:04,749 [BombeRLeWorld] INFO: Agent <final_code> chose action RIGHT in 0.00s.
2026-09-21 19:39:04,749 [BombeRLeWorld] INFO: Agent <final_code> stayed within acceptable think time.
2026-09-21 19:39:04,749 [BombeRLeWorld] INFO: Agent <rule_based_agent_1> chose action DOWN in 0.00s.
2026-09-21 19:39:04,749 [BombeRLeWorld] INFO: Agent <rule_based_agent_1> stayed within acceptable think time.
2026-09-21 19:39:04,749 [BombeRLeWorld] INFO: Agent <rule_based_agent_0>'s bomb at (np.int64(5), np.int64(11)) explodes
2026-09-21 19:39:04,845 [BombeRLeWorld] INFO: STARTING STEP 184
2026-09-21 19:39:04,850 [BombeRLeWorld] INFO: Agent <rule_based_agent_1> chose action BOMB in 0.00s.
2026-09-21 19:39:04,850 [BombeRLeWorld] INFO: Agent <rule_based_agent_1> stayed within acceptable think time.
2026-09-21 19:39:04,850 [BombeRLeWorld] INFO: Agent <rule_based_agent_1> drops bomb at (np.int64(7), np.int64(12))
2026-09-21 19:39:04,850 [BombeRLeWorld] INFO: Agent <final_code> chose action DOWN in 0.00s.
2026-09-21 19:39:04,850 [BombeRLeWorld] INFO: Agent <final_code> stayed within acceptable think time.
2026-09-21 19:39:04,850 [BombeRLeWorld] INFO: Agent <rule_based_agent_0> chose action LEFT in 0.00s.
2026-09-21 19:39:04,850 [BombeRLeWorld] INFO: Agent <rule_based_agent_0> stayed within acceptable think time.
2026-09-21 19:39:04,946 [BombeRLeWorld] INFO: STARTING STEP 185
2026-09-21 19:39:04,951 [BombeRLeWorld] INFO: Agent <rule_based_agent_0> chose action LEFT in 0.00s.
2026-09-21 19:39:04,951 [BombeRLeWorld] INFO: Agent <rule_based_agent_0> stayed within acceptable think time.
2026-09-21 19:39:04,951 [BombeRLeWorld] INFO: Agent <final_code> chose action DOWN in 0.00s.
2026-09-21 19:39:04,951 [BombeRLeWorld] INFO: Agent <final_code> stayed within acceptable think time.
2026-09-21 19:39:04,951 [BombeRLeWorld] INFO: Agent <rule_based_agent_1> chose action DOWN in 0.00s.
2026-09-21 19:39:04,951 [BombeRLeWorld] INFO: Agent <rule_based_agent_1> stayed within acceptable think time.
2026-09-21 19:39:04,951 [BombeRLeWorld] INFO: Agent <final_code>'s bomb at (np.int64(3), np.int64(1)) explodes
2026-09-21 19:39:05,046 [BombeRLeWorld] INFO: STARTING STEP 186
2026-09-21 19:39:05,053 [BombeRLeWorld] INFO: Agent <rule_based_agent_0> chose action RIGHT in 0.00s.
2026-09-21 19:39:05,053 [BombeRLeWorld] INFO: Agent <rule_based_agent_0> stayed within acceptable think time.
2026-09-21 19:39:05,053 [BombeRLeWorld] INFO: Agent <rule_based_agent_1> chose action RIGHT in 0.00s.
2026-09-21 19:39:05,053 [BombeRLeWorld] INFO: Agent <rule_based_agent_1> stayed within acceptable think time.
2026-09-21 19:39:05,053 [BombeRLeWorld] INFO: Agent <final_code> chose action LEFT in 0.01s.
2026-09-21 19:39:05,053 [BombeRLeWorld] INFO: Agent <final_code> stayed within acceptable think time.
2026-09-21 19:39:05,146 [BombeRLeWorld] INFO: STARTING STEP 187
2026-09-21 19:39:05,151 [BombeRLeWorld] INFO: Agent <rule_based_agent_1> chose action LEFT in 0.00s.
2026-09-21 19:39:05,151 [BombeRLeWorld] INFO: Agent <rule_based_agent_1> stayed within acceptable think time.
2026-09-21 19:39:05,151 [BombeRLeWorld] INFO: Agent <rule_based_agent_0> chose action RIGHT in 0.00s.
2026-09-21 19:39:05,151 [BombeRLeWorld] INFO: Agent <rule_based_agent_0> stayed within acceptable think time.
2026-09-21 19:39:05,151 [BombeRLeWorld] INFO: Agent <final_code> chose action LEFT in 0.00s.
2026-09-21 19:39:05,151 [BombeRLeWorld] INFO: Agent <final_code> stayed within acceptable think time.
2026-09-21 19:39:05,246 [BombeRLeWorld] INFO: STARTING STEP 188
2026-09-21 19:39:05,253 [BombeRLeWorld] INFO: Agent <rule_based_agent_0> chose action BOMB in 0.00s.
2026-09-21 19:39:05,253 [BombeRLeWorld] INFO: Agent <rule_based_agent_0> stayed within acceptable think time.
2026-09-21 19:39:05,253 [BombeRLeWorld] INFO: Agent <rule_based_agent_0> drops bomb at (np.int64(6), np.int64(13))
2026-09-21 19:39:05,253 [BombeRLeWorld] INFO: Agent <rule_based_agent_1> chose action RIGHT in 0.00s.
2026-09-21 19:39:05,253 [BombeRLeWorld] INFO: Agent <rule_based_agent_1> stayed within acceptable think time.
2026-09-21 19:39:05,253 [BombeRLeWorld] INFO: Agent <final_code> chose action BOMB in 0.00s.
2026-09-21 19:39:05,253 [BombeRLeWorld] INFO: Agent <final_code> stayed within acceptable think time.
2026-09-21 19:39:05,253 [BombeRLeWorld] INFO: Agent <final_code> drops bomb at (np.int64(3), np.int64(3))
2026-09-21 19:39:05,253 [BombeRLeWorld] INFO: Agent <rule_based_agent_1>'s bomb at (np.int64(7), np.int64(12)) explodes
2026-09-21 19:39:05,346 [BombeRLeWorld] INFO: STARTING STEP 189
2026-09-21 19:39:05,351 [BombeRLeWorld] INFO: Agent <rule_based_agent_1> chose action RIGHT in 0.00s.
2026-09-21 19:39:05,351 [BombeRLeWorld] INFO: Agent <rule_based_agent_1> stayed within acceptable think time.
2026-09-21 19:39:05,351 [BombeRLeWorld] INFO: Agent <final_code> chose action UP in 0.00s.
2026-09-21 19:39:05,351 [BombeRLeWorld] INFO: Agent <final_code> stayed within acceptable think time.
2026-09-21 19:39:05,351 [BombeRLeWorld] INFO: Agent <rule_based_agent_0> chose action LEFT in 0.00s.
2026-09-21 19:39:05,351 [BombeRLeWorld] INFO: Agent <rule_based_agent_0> stayed within acceptable think time.
2026-09-21 19:39:05,446 [BombeRLeWorld] INFO: STARTING STEP 190
2026-09-21 19:39:05,451 [BombeRLeWorld] INFO: Agent <rule_based_agent_1> chose action DOWN in 0.00s.
2026-09-21 19:39:05,451 [BombeRLeWorld] INFO: Agent <rule_based_agent_1> stayed within acceptable think time.
2026-09-21 19:39:05,451 [BombeRLeWorld] INFO: Agent <rule_based_agent_0> chose action DOWN in 0.00s.
2026-09-21 19:39:05,451 [BombeRLeWorld] INFO: Agent <rule_based_agent_0> stayed within acceptable think time.
2026-09-21 19:39:05,451 [BombeRLeWorld] INFO: Agent <final_code> chose action UP in 0.00s.
2026-09-21 19:39:05,451 [BombeRLeWorld] INFO: Agent <final_code> stayed within acceptable think time.
2026-09-21 19:39:05,546 [BombeRLeWorld] INFO: STARTING STEP 191
2026-09-21 19:39:05,552 [BombeRLeWorld] INFO: Agent <rule_based_agent_0> chose action DOWN in 0.00s.
2026-09-21 19:39:05,552 [BombeRLeWorld] INFO: Agent <rule_based_agent_0> stayed within acceptable think time.
2026-09-21 19:39:05,552 [BombeRLeWorld] INFO: Agent <rule_based_agent_1> chose action DOWN in 0.00s.
2026-09-21 19:39:05,552 [BombeRLeWorld] INFO: Agent <rule_based_agent_1> stayed within acceptable think time.
2026-09-21 19:39:05,552 [BombeRLeWorld] INFO: Agent <final_code> chose action LEFT in 0.00s.
2026-09-21 19:39:05,552 [BombeRLeWorld] INFO: Agent <final_code> stayed within acceptable think time.
2026-09-21 19:39:05,646 [BombeRLeWorld] INFO: STARTING STEP 192
2026-09-21 19:39:05,651 [BombeRLeWorld] INFO: Agent <final_code> chose action LEFT in 0.00s.
2026-09-21 19:39:05,651 [BombeRLeWorld] INFO: Agent <final_code> stayed within acceptable think time.
2026-09-21 19:39:05,651 [BombeRLeWorld] INFO: Agent <rule_based_agent_1> chose action LEFT in 0.00s.
2026-09-21 19:39:05,651 [BombeRLeWorld] INFO: Agent <rule_based_agent_1> stayed within acceptable think time.
2026-09-21 19:39:05,651 [BombeRLeWorld] INFO: Agent <rule_based_agent_0> chose action LEFT in 0.00s.
2026-09-21 19:39:05,651 [BombeRLeWorld] INFO: Agent <rule_based_agent_0> stayed within acceptable think time.
2026-09-21 19:39:05,651 [BombeRLeWorld] INFO: Agent <rule_based_agent_0>'s bomb at (np.int64(6), np.int64(13)) explodes
2026-09-21 19:39:05,651 [BombeRLeWorld] INFO: Agent <final_code>'s bomb at (np.int64(3), np.int64(3)) explodes
2026-09-21 19:39:05,746 [BombeRLeWorld] INFO: STARTING STEP 193
2026-09-21 19:39:05,751 [BombeRLeWorld] INFO: Agent <rule_based_agent_0> chose action RIGHT in 0.00s.
2026-09-21 19:39:05,751 [BombeRLeWorld] INFO: Agent <rule_based_agent_0> stayed within acceptable think time.
2026-09-21 19:39:05,751 [BombeRLeWorld] INFO: Agent <final_code> chose action DOWN in 0.00s.
2026-09-21 19:39:05,751 [BombeRLeWorld] INFO: Agent <final_code> stayed within acceptable think time.
2026-09-21 19:39:05,751 [BombeRLeWorld] INFO: Agent <rule_based_agent_1> chose action LEFT in 0.00s.
2026-09-21 19:39:05,751 [BombeRLeWorld] INFO: Agent <rule_based_agent_1> stayed within acceptable think time.
2026-09-21 19:39:05,846 [BombeRLeWorld] INFO: STARTING STEP 194
2026-09-21 19:39:05,850 [BombeRLeWorld] INFO: Agent <final_code> chose action DOWN in 0.00s.
2026-09-21 19:39:05,851 [BombeRLeWorld] INFO: Agent <final_code> stayed within acceptable think time.
2026-09-21 19:39:05,851 [BombeRLeWorld] INFO: Agent <rule_based_agent_1> chose action LEFT in 0.00s.
2026-09-21 19:39:05,851 [BombeRLeWorld] INFO: Agent <rule_based_agent_1> stayed within acceptable think time.
2026-09-21 19:39:05,851 [BombeRLeWorld] INFO: Agent <rule_based_agent_0> chose action RIGHT in 0.00s.
2026-09-21 19:39:05,851 [BombeRLeWorld] INFO: Agent <rule_based_agent_0> stayed within acceptable think time.
2026-09-21 19:39:05,946 [BombeRLeWorld] INFO: STARTING STEP 195
2026-09-21 19:39:05,951 [BombeRLeWorld] INFO: Agent <rule_based_agent_0> chose action BOMB in 0.00s.
2026-09-21 19:39:05,951 [BombeRLeWorld] INFO: Agent <rule_based_agent_0> stayed within acceptable think time.
2026-09-21 19:39:05,951 [BombeRLeWorld] INFO: Agent <rule_based_agent_0> drops bomb at (np.int64(5), np.int64(15))
2026-09-21 19:39:05,951 [BombeRLeWorld] INFO: Agent <final_code> chose action BOMB in 0.00s.
2026-09-21 19:39:05,951 [BombeRLeWorld] INFO: Agent <final_code> stayed within acceptable think time.
2026-09-21 19:39:05,951 [BombeRLeWorld] INFO: Agent <final_code> drops bomb at (np.int64(1), np.int64(3))
2026-09-21 19:39:05,951 [BombeRLeWorld] INFO: Agent <rule_based_agent_1> chose action BOMB in 0.00s.
2026-09-21 19:39:05,951 [BombeRLeWorld] INFO: Agent <rule_based_agent_1> stayed within acceptable think time.
2026-09-21 19:39:05,951 [BombeRLeWorld] INFO: Agent <rule_based_agent_1> drops bomb at (np.int64(6), np.int64(15))
2026-09-21 19:39:06,046 [BombeRLeWorld] INFO: STARTING STEP 196
2026-09-21 19:39:06,050 [BombeRLeWorld] INFO: Agent <final_code> chose action DOWN in 0.00s.
2026-09-21 19:39:06,050 [BombeRLeWorld] INFO: Agent <final_code> stayed within acceptable think time.
2026-09-21 19:39:06,050 [BombeRLeWorld] INFO: Agent <rule_based_agent_1> chose action RIGHT in 0.00s.
2026-09-21 19:39:06,050 [BombeRLeWorld] INFO: Agent <rule_based_agent_1> stayed within acceptable think time.
2026-09-21 19:39:06,050 [BombeRLeWorld] INFO: Agent <rule_based_agent_0> chose action LEFT in 0.00s.
2026-09-21 19:39:06,050 [BombeRLeWorld] INFO: Agent <rule_based_agent_0> stayed within acceptable think time.
2026-09-21 19:39:06,146 [BombeRLeWorld] INFO: STARTING STEP 197
2026-09-21 19:39:06,151 [BombeRLeWorld] INFO: Agent <rule_based_agent_1> chose action UP in 0.00s.
2026-09-21 19:39:06,151 [BombeRLeWorld] INFO: Agent <rule_based_agent_1> stayed within acceptable think time.
2026-09-21 19:39:06,151 [BombeRLeWorld] INFO: Agent <final_code> chose action DOWN in 0.00s.
2026-09-21 19:39:06,151 [BombeRLeWorld] INFO: Agent <final_code> stayed within acceptable think time.
2026-09-21 19:39:06,151 [BombeRLeWorld] INFO: Agent <rule_based_agent_0> chose action LEFT in 0.00s.
2026-09-21 19:39:06,151 [BombeRLeWorld] INFO: Agent <rule_based_agent_0> stayed within acceptable think time.
2026-09-21 19:39:06,246 [BombeRLeWorld] INFO: STARTING STEP 198
2026-09-21 19:39:06,252 [BombeRLeWorld] INFO: Agent <final_code> chose action RIGHT in 0.00s.
2026-09-21 19:39:06,252 [BombeRLeWorld] INFO: Agent <final_code> stayed within acceptable think time.
2026-09-21 19:39:06,252 [BombeRLeWorld] INFO: Agent <rule_based_agent_1> chose action DOWN in 0.00s.
2026-09-21 19:39:06,252 [BombeRLeWorld] INFO: Agent <rule_based_agent_1> stayed within acceptable think time.
2026-09-21 19:39:06,252 [BombeRLeWorld] INFO: Agent <rule_based_agent_0> chose action UP in 0.00s.
2026-09-21 19:39:06,252 [BombeRLeWorld] INFO: Agent <rule_based_agent_0> stayed within acceptable think time.
2026-09-21 19:39:06,346 [BombeRLeWorld] INFO: STARTING STEP 199
2026-09-21 19:39:06,352 [BombeRLeWorld] INFO: Agent <rule_based_agent_1> chose action UP in 0.00s.
2026-09-21 19:39:06,352 [BombeRLeWorld] INFO: Agent <rule_based_agent_1> stayed within acceptable think time.
2026-09-21 19:39:06,352 [BombeRLeWorld] INFO: Agent <rule_based_agent_0> chose action UP in 0.00s.
2026-09-21 19:39:06,352 [BombeRLeWorld] INFO: Agent <rule_based_agent_0> stayed within acceptable think time.
2026-09-21 19:39:06,352 [BombeRLeWorld] INFO: Agent <final_code> chose action RIGHT in 0.00s.
2026-09-21 19:39:06,352 [BombeRLeWorld] INFO: Agent <final_code> stayed within acceptable think time.
2026-09-21 19:39:06,352 [BombeRLeWorld] INFO: Agent <rule_based_agent_0>'s bomb at (np.int64(5), np.int64(15)) explodes
2026-09-21 19:39:06,352 [BombeRLeWorld] INFO: Agent <final_code>'s bomb at (np.int64(1), np.int64(3)) explodes
2026-09-21 19:39:06,352 [BombeRLeWorld] INFO: Agent <rule_based_agent_1>'s bomb at (np.int64(6), np.int64(15)) explodes
2026-09-21 19:39:06,447 [BombeRLeWorld] INFO: STARTING STEP 200
2026-09-21 19:39:06,454 [BombeRLeWorld] INFO: Agent <final_code> chose action RIGHT in 0.00s.
2026-09-21 19:39:06,454 [BombeRLeWorld] INFO: Agent <final_code> stayed within acceptable think time.
2026-09-21 19:39:06,454 [BombeRLeWorld] INFO: Agent <rule_based_agent_0> chose action RIGHT in 0.00s.
2026-09-21 19:39:06,454 [BombeRLeWorld] INFO: Agent <rule_based_agent_0> stayed within acceptable think time.
2026-09-21 19:39:06,454 [BombeRLeWorld] INFO: Agent <rule_based_agent_1> chose action UP in 0.00s.
2026-09-21 19:39:06,454 [BombeRLeWorld] INFO: Agent <rule_based_agent_1> stayed within acceptable think time.
2026-09-21 19:39:06,547 [BombeRLeWorld] INFO: STARTING STEP 201
2026-09-21 19:39:06,551 [BombeRLeWorld] INFO: Agent <final_code> chose action RIGHT in 0.00s.
2026-09-21 19:39:06,551 [BombeRLeWorld] INFO: Agent <final_code> stayed within acceptable think time.
2026-09-21 19:39:06,551 [BombeRLeWorld] INFO: Agent <rule_based_agent_1> chose action LEFT in 0.00s.
2026-09-21 19:39:06,551 [BombeRLeWorld] INFO: Agent <rule_based_agent_1> stayed within acceptable think time.
2026-09-21 19:39:06,551 [BombeRLeWorld] INFO: Agent <rule_based_agent_0> chose action RIGHT in 0.00s.
2026-09-21 19:39:06,551 [BombeRLeWorld] INFO: Agent <rule_based_agent_0> stayed within acceptable think time.
2026-09-21 19:39:06,647 [BombeRLeWorld] INFO: STARTING STEP 202
2026-09-21 19:39:06,654 [BombeRLeWorld] INFO: Agent <final_code> chose action BOMB in 0.01s.
2026-09-21 19:39:06,654 [BombeRLeWorld] INFO: Agent <final_code> stayed within acceptable think time.
2026-09-21 19:39:06,654 [BombeRLeWorld] INFO: Agent <final_code> drops bomb at (np.int64(5), np.int64(5))
2026-09-21 19:39:06,654 [BombeRLeWorld] INFO: Agent <rule_based_agent_1> chose action BOMB in 0.00s.
2026-09-21 19:39:06,654 [BombeRLeWorld] INFO: Agent <rule_based_agent_1> stayed within acceptable think time.
2026-09-21 19:39:06,654 [BombeRLeWorld] INFO: Agent <rule_based_agent_1> drops bomb at (np.int64(6), np.int64(13))
2026-09-21 19:39:06,654 [BombeRLeWorld] INFO: Agent <rule_based_agent_0> chose action BOMB in 0.00s.
2026-09-21 19:39:06,654 [BombeRLeWorld] INFO: Agent <rule_based_agent_0> stayed within acceptable think time.
2026-09-21 19:39:06,654 [BombeRLeWorld] INFO: Agent <rule_based_agent_0> drops bomb at (np.int64(5), np.int64(13))
2026-09-21 19:39:06,747 [BombeRLeWorld] INFO: STARTING STEP 203
2026-09-21 19:39:06,751 [BombeRLeWorld] INFO: Agent <rule_based_agent_0> chose action UP in 0.00s.
2026-09-21 19:39:06,751 [BombeRLeWorld] INFO: Agent <rule_based_agent_0> stayed within acceptable think time.
2026-09-21 19:39:06,751 [BombeRLeWorld] INFO: Agent <rule_based_agent_1> chose action RIGHT in 0.00s.
2026-09-21 19:39:06,751 [BombeRLeWorld] INFO: Agent <rule_based_agent_1> stayed within acceptable think time.
2026-09-21 19:39:06,751 [BombeRLeWorld] INFO: Agent <final_code> chose action UP in 0.00s.
2026-09-21 19:39:06,751 [BombeRLeWorld] INFO: Agent <final_code> stayed within acceptable think time.
2026-09-21 19:39:06,847 [BombeRLeWorld] INFO: STARTING STEP 204
2026-09-21 19:39:06,852 [BombeRLeWorld] INFO: Agent <final_code> chose action UP in 0.00s.
2026-09-21 19:39:06,852 [BombeRLeWorld] INFO: Agent <final_code> stayed within acceptable think time.
2026-09-21 19:39:06,852 [BombeRLeWorld] INFO: Agent <rule_based_agent_0> chose action UP in 0.00s.
2026-09-21 19:39:06,852 [BombeRLeWorld] INFO: Agent <rule_based_agent_0> stayed within acceptable think time.
2026-09-21 19:39:06,852 [BombeRLeWorld] INFO: Agent <rule_based_agent_1> chose action DOWN in 0.00s.
2026-09-21 19:39:06,852 [BombeRLeWorld] INFO: Agent <rule_based_agent_1> stayed within acceptable think time.
2026-09-21 19:39:06,947 [BombeRLeWorld] INFO: STARTING STEP 205
2026-09-21 19:39:06,954 [BombeRLeWorld] INFO: Agent <rule_based_agent_1> chose action UP in 0.00s.
2026-09-21 19:39:06,954 [BombeRLeWorld] INFO: Agent <rule_based_agent_1> stayed within acceptable think time.
2026-09-21 19:39:06,954 [BombeRLeWorld] INFO: Agent <rule_based_agent_0> chose action RIGHT in 0.00s.
2026-09-21 19:39:06,954 [BombeRLeWorld] INFO: Agent <rule_based_agent_0> stayed within acceptable think time.
2026-09-21 19:39:06,954 [BombeRLeWorld] INFO: Agent <final_code> chose action LEFT in 0.00s.
2026-09-21 19:39:06,954 [BombeRLeWorld] INFO: Agent <final_code> stayed within acceptable think time.
2026-09-21 19:39:07,047 [BombeRLeWorld] INFO: STARTING STEP 206
2026-09-21 19:39:07,053 [BombeRLeWorld] INFO: Agent <rule_based_agent_1> chose action DOWN in 0.00s.
2026-09-21 19:39:07,053 [BombeRLeWorld] INFO: Agent <rule_based_agent_1> stayed within acceptable think time.
2026-09-21 19:39:07,053 [BombeRLeWorld] INFO: Agent <rule_based_agent_0> chose action RIGHT in 0.00s.
2026-09-21 19:39:07,053 [BombeRLeWorld] INFO: Agent <rule_based_agent_0> stayed within acceptable think time.
2026-09-21 19:39:07,053 [BombeRLeWorld] INFO: Agent <final_code> chose action LEFT in 0.00s.
2026-09-21 19:39:07,053 [BombeRLeWorld] INFO: Agent <final_code> stayed within acceptable think time.
2026-09-21 19:39:07,053 [BombeRLeWorld] INFO: Agent <final_code>'s bomb at (np.int64(5), np.int64(5)) explodes
2026-09-21 19:39:07,053 [BombeRLeWorld] INFO: Agent <rule_based_agent_1>'s bomb at (np.int64(6), np.int64(13)) explodes
2026-09-21 19:39:07,053 [BombeRLeWorld] INFO: Agent <rule_based_agent_0>'s bomb at (np.int64(5), np.int64(13)) explodes
2026-09-21 19:39:07,147 [BombeRLeWorld] INFO: STARTING STEP 207
2026-09-21 19:39:07,155 [BombeRLeWorld] INFO: Agent <rule_based_agent_1> chose action DOWN in 0.00s.
2026-09-21 19:39:07,155 [BombeRLeWorld] INFO: Agent <rule_based_agent_1> stayed within acceptable think time.
2026-09-21 19:39:07,155 [BombeRLeWorld] INFO: Agent <final_code> chose action LEFT in 0.01s.
2026-09-21 19:39:07,155 [BombeRLeWorld] INFO: Agent <final_code> stayed within acceptable think time.
2026-09-21 19:39:07,155 [BombeRLeWorld] INFO: Agent <rule_based_agent_0> chose action DOWN in 0.00s.
2026-09-21 19:39:07,155 [BombeRLeWorld] INFO: Agent <rule_based_agent_0> stayed within acceptable think time.
2026-09-21 19:39:07,247 [BombeRLeWorld] INFO: STARTING STEP 208
2026-09-21 19:39:07,253 [BombeRLeWorld] INFO: Agent <rule_based_agent_1> chose action UP in 0.00s.
2026-09-21 19:39:07,253 [BombeRLeWorld] INFO: Agent <rule_based_agent_1> stayed within acceptable think time.
2026-09-21 19:39:07,253 [BombeRLeWorld] INFO: Agent <final_code> chose action LEFT in 0.00s.
2026-09-21 19:39:07,253 [BombeRLeWorld] INFO: Agent <final_code> stayed within acceptable think time.
2026-09-21 19:39:07,253 [BombeRLeWorld] INFO: Agent <rule_based_agent_0> chose action DOWN in 0.00s.
2026-09-21 19:39:07,253 [BombeRLeWorld] INFO: Agent <rule_based_agent_0> stayed within acceptable think time.
2026-09-21 19:39:07,348 [BombeRLeWorld] INFO: STARTING STEP 209
2026-09-21 19:39:07,354 [BombeRLeWorld] INFO: Agent <rule_based_agent_0> chose action BOMB in 0.00s.
2026-09-21 19:39:07,354 [BombeRLeWorld] INFO: Agent <rule_based_agent_0> stayed within acceptable think time.
2026-09-21 19:39:07,354 [BombeRLeWorld] INFO: Agent <rule_based_agent_0> drops bomb at (np.int64(7), np.int64(13))
2026-09-21 19:39:07,354 [BombeRLeWorld] INFO: Agent <rule_based_agent_1> chose action BOMB in 0.00s.
2026-09-21 19:39:07,354 [BombeRLeWorld] INFO: Agent <rule_based_agent_1> stayed within acceptable think time.
2026-09-21 19:39:07,354 [BombeRLeWorld] INFO: Agent <rule_based_agent_1> drops bomb at (np.int64(7), np.int64(14))
2026-09-21 19:39:07,354 [BombeRLeWorld] INFO: Agent <final_code> chose action BOMB in 0.00s.
2026-09-21 19:39:07,354 [BombeRLeWorld] INFO: Agent <final_code> stayed within acceptable think time.
2026-09-21 19:39:07,354 [BombeRLeWorld] INFO: Agent <final_code> drops bomb at (np.int64(1), np.int64(3))
2026-09-21 19:39:07,448 [BombeRLeWorld] INFO: STARTING STEP 210
2026-09-21 19:39:07,452 [BombeRLeWorld] INFO: Agent <rule_based_agent_0> chose action LEFT in 0.00s.
2026-09-21 19:39:07,452 [BombeRLeWorld] INFO: Agent <rule_based_agent_0> stayed within acceptable think time.
2026-09-21 19:39:07,452 [BombeRLeWorld] INFO: Agent <final_code> chose action UP in 0.00s.
2026-09-21 19:39:07,452 [BombeRLeWorld] INFO: Agent <final_code> stayed within acceptable think time.
2026-09-21 19:39:07,452 [BombeRLeWorld] INFO: Agent <rule_based_agent_1> chose action DOWN in 0.00s.
2026-09-21 19:39:07,452 [BombeRLeWorld] INFO: Agent <rule_based_agent_1> stayed within acceptable think time.
2026-09-21 19:39:07,547 [BombeRLeWorld] INFO: STARTING STEP 211
2026-09-21 19:39:07,552 [BombeRLeWorld] INFO: Agent <rule_based_agent_1> chose action RIGHT in 0.00s.
2026-09-21 19:39:07,552 [BombeRLeWorld] INFO: Agent <rule_based_agent_1> stayed within acceptable think time.
2026-09-21 19:39:07,552 [BombeRLeWorld] INFO: Agent <rule_based_agent_0> chose action LEFT in 0.00s.
2026-09-21 19:39:07,552 [BombeRLeWorld] INFO: Agent <rule_based_agent_0> stayed within acceptable think time.
2026-09-21 19:39:07,552 [BombeRLeWorld] INFO: Agent <final_code> chose action UP in 0.00s.
2026-09-21 19:39:07,552 [BombeRLeWorld] INFO: Agent <final_code> stayed within acceptable think time.
2026-09-21 19:39:07,647 [BombeRLeWorld] INFO: STARTING STEP 212
2026-09-21 19:39:07,652 [BombeRLeWorld] INFO: Agent <rule_based_agent_0> chose action DOWN in 0.00s.
2026-09-21 19:39:07,652 [BombeRLeWorld] INFO: Agent <rule_based_agent_0> stayed within acceptable think time.
2026-09-21 19:39:07,652 [BombeRLeWorld] INFO: Agent <rule_based_agent_1> chose action LEFT in 0.00s.
2026-09-21 19:39:07,652 [BombeRLeWorld] INFO: Agent <rule_based_agent_1> stayed within acceptable think time.
2026-09-21 19:39:07,652 [BombeRLeWorld] INFO: Agent <final_code> chose action RIGHT in 0.00s.
2026-09-21 19:39:07,652 [BombeRLeWorld] INFO: Agent <final_code> stayed within acceptable think time.
2026-09-21 19:39:07,747 [BombeRLeWorld] INFO: STARTING STEP 213
2026-09-21 19:39:07,752 [BombeRLeWorld] INFO: Agent <rule_based_agent_0> chose action DOWN in 0.00s.
2026-09-21 19:39:07,752 [BombeRLeWorld] INFO: Agent <rule_based_agent_0> stayed within acceptable think time.
2026-09-21 19:39:07,752 [BombeRLeWorld] INFO: Agent <final_code> chose action RIGHT in 0.00s.
2026-09-21 19:39:07,752 [BombeRLeWorld] INFO: Agent <final_code> stayed within acceptable think time.
2026-09-21 19:39:07,752 [BombeRLeWorld] INFO: Agent <rule_based_agent_1> chose action RIGHT in 0.00s.
2026-09-21 19:39:07,752 [BombeRLeWorld] INFO: Agent <rule_based_agent_1> stayed within acceptable think time.
2026-09-21 19:39:07,752 [BombeRLeWorld] INFO: Agent <rule_based_agent_0>'s bomb at (np.int64(7), np.int64(13)) explodes
2026-09-21 19:39:07,752 [BombeRLeWorld] INFO: Agent <rule_based_agent_1>'s bomb at (np.int64(7), np.int64(14)) explodes
2026-09-21 19:39:07,753 [BombeRLeWorld] INFO: Agent <final_code>'s bomb at (np.int64(1), np.int64(3)) explodes
2026-09-21 19:39:07,848 [BombeRLeWorld] INFO: STARTING STEP 214
2026-09-21 19:39:07,855 [BombeRLeWorld] INFO: Agent <rule_based_agent_0> chose action RIGHT in 0.00s.
2026-09-21 19:39:07,855 [BombeRLeWorld] INFO: Agent <rule_based_agent_0> stayed within acceptable think time.
2026-09-21 19:39:07,855 [BombeRLeWorld] INFO: Agent <final_code> chose action RIGHT in 0.00s.
2026-09-21 19:39:07,855 [BombeRLeWorld] INFO: Agent <final_code> stayed within acceptable think time.
2026-09-21 19:39:07,855 [BombeRLeWorld] INFO: Agent <rule_based_agent_1> chose action RIGHT in 0.00s.
2026-09-21 19:39:07,856 [BombeRLeWorld] INFO: Agent <rule_based_agent_1> stayed within acceptable think time.
2026-09-21 19:39:07,948 [BombeRLeWorld] INFO: STARTING STEP 215
2026-09-21 19:39:07,961 [BombeRLeWorld] INFO: Agent <rule_based_agent_0> chose action RIGHT in 0.01s.
2026-09-21 19:39:07,961 [BombeRLeWorld] INFO: Agent <rule_based_agent_0> stayed within acceptable think time.
2026-09-21 19:39:07,961 [BombeRLeWorld] INFO: Agent <final_code> chose action RIGHT in 0.00s.
2026-09-21 19:39:07,961 [BombeRLeWorld] INFO: Agent <final_code> stayed within acceptable think time.
2026-09-21 19:39:07,961 [BombeRLeWorld] INFO: Agent <rule_based_agent_1> chose action LEFT in 0.00s.
2026-09-21 19:39:07,961 [BombeRLeWorld] INFO: Agent <rule_based_agent_1> stayed within acceptable think time.
2026-09-21 19:39:08,048 [BombeRLeWorld] INFO: STARTING STEP 216
2026-09-21 19:39:08,055 [BombeRLeWorld] INFO: Agent <rule_based_agent_1> chose action BOMB in 0.00s.
2026-09-21 19:39:08,055 [BombeRLeWorld] INFO: Agent <rule_based_agent_1> stayed within acceptable think time.
2026-09-21 19:39:08,055 [BombeRLeWorld] INFO: Agent <rule_based_agent_1> drops bomb at (np.int64(8), np.int64(15))
2026-09-21 19:39:08,055 [BombeRLeWorld] INFO: Agent <final_code> chose action BOMB in 0.00s.
2026-09-21 19:39:08,055 [BombeRLeWorld] INFO: Agent <final_code> stayed within acceptable think time.
2026-09-21 19:39:08,055 [BombeRLeWorld] INFO: Agent <final_code> drops bomb at (np.int64(5), np.int64(1))
2026-09-21 19:39:08,055 [BombeRLeWorld] INFO: Agent <rule_based_agent_0> chose action BOMB in 0.00s.
2026-09-21 19:39:08,055 [BombeRLeWorld] INFO: Agent <rule_based_agent_0> stayed within acceptable think time.
2026-09-21 19:39:08,055 [BombeRLeWorld] INFO: Agent <rule_based_agent_0> drops bomb at (np.int64(7), np.int64(15))
2026-09-21 19:39:08,148 [BombeRLeWorld] INFO: STARTING STEP 217
2026-09-21 19:39:08,152 [BombeRLeWorld] INFO: Agent <rule_based_agent_0> chose action UP in 0.00s.
2026-09-21 19:39:08,152 [BombeRLeWorld] INFO: Agent <rule_based_agent_0> stayed within acceptable think time.
2026-09-21 19:39:08,152 [BombeRLeWorld] INFO: Agent <rule_based_agent_1> chose action RIGHT in 0.00s.
2026-09-21 19:39:08,152 [BombeRLeWorld] INFO: Agent <rule_based_agent_1> stayed within acceptable think time.
2026-09-21 19:39:08,152 [BombeRLeWorld] INFO: Agent <final_code> chose action DOWN in 0.00s.
2026-09-21 19:39:08,152 [BombeRLeWorld] INFO: Agent <final_code> stayed within acceptable think time.
2026-09-21 19:39:08,248 [BombeRLeWorld] INFO: STARTING STEP 218
2026-09-21 19:39:08,253 [BombeRLeWorld] INFO: Agent <rule_based_agent_0> chose action UP in 0.00s.
2026-09-21 19:39:08,253 [BombeRLeWorld] INFO: Agent <rule_based_agent_0> stayed within acceptable think time.
2026-09-21 19:39:08,253 [BombeRLeWorld] INFO: Agent <rule_based_agent_1> chose action UP in 0.00s.
2026-09-21 19:39:08,253 [BombeRLeWorld] INFO: Agent <rule_based_agent_1> stayed within acceptable think time.
2026-09-21 19:39:08,253 [BombeRLeWorld] INFO: Agent <final_code> chose action DOWN in 0.00s.
2026-09-21 19:39:08,253 [BombeRLeWorld] INFO: Agent <final_code> stayed within acceptable think time.
2026-09-21 19:39:08,348 [BombeRLeWorld] INFO: STARTING STEP 219
2026-09-21 19:39:08,354 [BombeRLeWorld] INFO: Agent <rule_based_agent_0> chose action RIGHT in 0.00s.
2026-09-21 19:39:08,354 [BombeRLeWorld] INFO: Agent <rule_based_agent_0> stayed within acceptable think time.
2026-09-21 19:39:08,354 [BombeRLeWorld] INFO: Agent <rule_based_agent_1> chose action UP in 0.00s.
2026-09-21 19:39:08,354 [BombeRLeWorld] INFO: Agent <rule_based_agent_1> stayed within acceptable think time.
2026-09-21 19:39:08,354 [BombeRLeWorld] INFO: Agent <final_code> chose action RIGHT in 0.00s.
2026-09-21 19:39:08,354 [BombeRLeWorld] INFO: Agent <final_code> stayed within acceptable think time.
2026-09-21 19:39:08,448 [BombeRLeWorld] INFO: STARTING STEP 220
2026-09-21 19:39:08,452 [BombeRLeWorld] INFO: Agent <rule_based_agent_0> chose action None in 0.00s.
2026-09-21 19:39:08,452 [BombeRLeWorld] INFO: Agent <rule_based_agent_0> stayed within acceptable think time.
2026-09-21 19:39:08,452 [BombeRLeWorld] INFO: Agent <final_code> chose action RIGHT in 0.00s.
2026-09-21 19:39:08,452 [BombeRLeWorld] INFO: Agent <final_code> stayed within acceptable think time.
2026-09-21 19:39:08,452 [BombeRLeWorld] INFO: Agent <rule_based_agent_1> chose action DOWN in 0.00s.
2026-09-21 19:39:08,452 [BombeRLeWorld] INFO: Agent <rule_based_agent_1> stayed within acceptable think time.
2026-09-21 19:39:08,452 [BombeRLeWorld] INFO: Agent <rule_based_agent_1>'s bomb at (np.int64(8), np.int64(15)) explodes
2026-09-21 19:39:08,452 [BombeRLeWorld] INFO: Agent <final_code>'s bomb at (np.int64(5), np.int64(1)) explodes
2026-09-21 19:39:08,453 [BombeRLeWorld] INFO: Agent <rule_based_agent_0>'s bomb at (np.int64(7), np.int64(15)) explodes
2026-09-21 19:39:08,548 [BombeRLeWorld] INFO: STARTING STEP 221
2026-09-21 19:39:08,555 [BombeRLeWorld] INFO: Agent <rule_based_agent_1> chose action UP in 0.00s.
2026-09-21 19:39:08,555 [BombeRLeWorld] INFO: Agent <rule_based_agent_1> stayed within acceptable think time.
2026-09-21 19:39:08,555 [BombeRLeWorld] INFO: Agent <rule_based_agent_0> chose action RIGHT in 0.00s.
2026-09-21 19:39:08,555 [BombeRLeWorld] INFO: Agent <rule_based_agent_0> stayed within acceptable think time.
2026-09-21 19:39:08,555 [BombeRLeWorld] INFO: Agent <final_code> chose action RIGHT in 0.00s.
2026-09-21 19:39:08,555 [BombeRLeWorld] INFO: Agent <final_code> stayed within acceptable think time.
2026-09-21 19:39:08,648 [BombeRLeWorld] INFO: STARTING STEP 222
2026-09-21 19:39:08,652 [BombeRLeWorld] INFO: Agent <rule_based_agent_0> chose action LEFT in 0.00s.
2026-09-21 19:39:08,652 [BombeRLeWorld] INFO: Agent <rule_based_agent_0> stayed within acceptable think time.
2026-09-21 19:39:08,652 [BombeRLeWorld] INFO: Agent <final_code> chose action RIGHT in 0.00s.
2026-09-21 19:39:08,652 [BombeRLeWorld] INFO: Agent <final_code> stayed within acceptable think time.
2026-09-21 19:39:08,652 [BombeRLeWorld] INFO: Agent <rule_based_agent_1> chose action DOWN in 0.00s.
2026-09-21 19:39:08,652 [BombeRLeWorld] INFO: Agent <rule_based_agent_1> stayed within acceptable think time.
2026-09-21 19:39:08,748 [BombeRLeWorld] INFO: STARTING STEP 223
2026-09-21 19:39:08,755 [BombeRLeWorld] INFO: Agent <rule_based_agent_0> chose action RIGHT in 0.00s.
2026-09-21 19:39:08,755 [BombeRLeWorld] INFO: Agent <rule_based_agent_0> stayed within acceptable think time.
2026-09-21 19:39:08,755 [BombeRLeWorld] INFO: Agent <final_code> chose action BOMB in 0.00s.
2026-09-21 19:39:08,755 [BombeRLeWorld] INFO: Agent <final_code> stayed within acceptable think time.
2026-09-21 19:39:08,755 [BombeRLeWorld] INFO: Agent <final_code> drops bomb at (np.int64(9), np.int64(3))
2026-09-21 19:39:08,755 [BombeRLeWorld] INFO: Agent <rule_based_agent_1> chose action UP in 0.00s.
2026-09-21 19:39:08,755 [BombeRLeWorld] INFO: Agent <rule_based_agent_1> stayed within acceptable think time.
2026-09-21 19:39:08,848 [BombeRLeWorld] INFO: STARTING STEP 224
2026-09-21 19:39:08,853 [BombeRLeWorld] INFO: Agent <rule_based_agent_1> chose action BOMB in 0.00s.
2026-09-21 19:39:08,854 [BombeRLeWorld] INFO: Agent <rule_based_agent_1> stayed within acceptable think time.
2026-09-21 19:39:08,854 [BombeRLeWorld] INFO: Agent <rule_based_agent_1> drops bomb at (np.int64(9), np.int64(13))
2026-09-21 19:39:08,854 [BombeRLeWorld] INFO: Agent <rule_based_agent_0> chose action BOMB in 0.00s.
2026-09-21 19:39:08,854 [BombeRLeWorld] INFO: Agent <rule_based_agent_0> stayed within acceptable think time.
2026-09-21 19:39:08,854 [BombeRLeWorld] INFO: Agent <rule_based_agent_0> drops bomb at (np.int64(8), np.int64(13))
2026-09-21 19:39:08,854 [BombeRLeWorld] INFO: Agent <final_code> chose action UP in 0.00s.
2026-09-21 19:39:08,854 [BombeRLeWorld] INFO: Agent <final_code> stayed within acceptable think time.
2026-09-21 19:39:08,948 [BombeRLeWorld] INFO: STARTING STEP 225
2026-09-21 19:39:08,954 [BombeRLeWorld] INFO: Agent <rule_based_agent_1> chose action UP in 0.00s.
2026-09-21 19:39:08,954 [BombeRLeWorld] INFO: Agent <rule_based_agent_1> stayed within acceptable think time.
2026-09-21 19:39:08,954 [BombeRLeWorld] INFO: Agent <final_code> chose action UP in 0.00s.
2026-09-21 19:39:08,954 [BombeRLeWorld] INFO: Agent <final_code> stayed within acceptable think time.
2026-09-21 19:39:08,954 [BombeRLeWorld] INFO: Agent <rule_based_agent_0> chose action LEFT in 0.00s.
2026-09-21 19:39:08,954 [BombeRLeWorld] INFO: Agent <rule_based_agent_0> stayed within acceptable think time.
2026-09-21 19:39:09,048 [BombeRLeWorld] INFO: STARTING STEP 226
2026-09-21 19:39:09,055 [BombeRLeWorld] INFO: Agent <rule_based_agent_0> chose action DOWN in 0.00s.
2026-09-21 19:39:09,055 [BombeRLeWorld] INFO: Agent <rule_based_agent_0> stayed within acceptable think time.
2026-09-21 19:39:09,056 [BombeRLeWorld] INFO: Agent <final_code> chose action RIGHT in 0.00s.
2026-09-21 19:39:09,056 [BombeRLeWorld] INFO: Agent <final_code> stayed within acceptable think time.
2026-09-21 19:39:09,056 [BombeRLeWorld] INFO: Agent <rule_based_agent_1> chose action UP in 0.00s.
2026-09-21 19:39:09,056 [BombeRLeWorld] INFO: Agent <rule_based_agent_1> stayed within acceptable think time.
2026-09-21 19:39:09,148 [BombeRLeWorld] INFO: STARTING STEP 227
2026-09-21 19:39:09,154 [BombeRLeWorld] INFO: Agent <final_code> chose action RIGHT in 0.00s.
2026-09-21 19:39:09,154 [BombeRLeWorld] INFO: Agent <final_code> stayed within acceptable think time.
2026-09-21 19:39:09,154 [BombeRLeWorld] INFO: Agent <rule_based_agent_0> chose action UP in 0.00s.
2026-09-21 19:39:09,154 [BombeRLeWorld] INFO: Agent <rule_based_agent_0> stayed within acceptable think time.
2026-09-21 19:39:09,154 [BombeRLeWorld] INFO: Agent <rule_based_agent_1> chose action RIGHT in 0.00s.
2026-09-21 19:39:09,154 [BombeRLeWorld] INFO: Agent <rule_based_agent_1> stayed within acceptable think time.
2026-09-21 19:39:09,154 [BombeRLeWorld] INFO: Agent <final_code>'s bomb at (np.int64(9), np.int64(3)) explodes
2026-09-21 19:39:09,248 [BombeRLeWorld] INFO: STARTING STEP 228
2026-09-21 19:39:09,256 [BombeRLeWorld] INFO: Agent <final_code> chose action RIGHT in 0.00s.
2026-09-21 19:39:09,256 [BombeRLeWorld] INFO: Agent <final_code> stayed within acceptable think time.
2026-09-21 19:39:09,256 [BombeRLeWorld] INFO: Agent <rule_based_agent_1> chose action RIGHT in 0.00s.
2026-09-21 19:39:09,256 [BombeRLeWorld] INFO: Agent <rule_based_agent_1> stayed within acceptable think time.
2026-09-21 19:39:09,256 [BombeRLeWorld] INFO: Agent <rule_based_agent_0> chose action DOWN in 0.00s.
2026-09-21 19:39:09,256 [BombeRLeWorld] INFO: Agent <rule_based_agent_0> stayed within acceptable think time.
2026-09-21 19:39:09,256 [BombeRLeWorld] INFO: Agent <rule_based_agent_1>'s bomb at (np.int64(9), np.int64(13)) explodes
2026-09-21 19:39:09,256 [BombeRLeWorld] INFO: Agent <rule_based_agent_0>'s bomb at (np.int64(8), np.int64(13)) explodes
2026-09-21 19:39:09,349 [BombeRLeWorld] INFO: STARTING STEP 229
2026-09-21 19:39:09,355 [BombeRLeWorld] INFO: Agent <rule_based_agent_0> chose action DOWN in 0.00s.
2026-09-21 19:39:09,355 [BombeRLeWorld] INFO: Agent <rule_based_agent_0> stayed within acceptable think time.
2026-09-21 19:39:09,355 [BombeRLeWorld] INFO: Agent <final_code> chose action RIGHT in 0.00s.
2026-09-21 19:39:09,355 [BombeRLeWorld] INFO: Agent <final_code> stayed within acceptable think time.
2026-09-21 19:39:09,356 [BombeRLeWorld] INFO: Agent <rule_based_agent_1> chose action LEFT in 0.00s.
2026-09-21 19:39:09,356 [BombeRLeWorld] INFO: Agent <rule_based_agent_1> stayed within acceptable think time.
2026-09-21 19:39:09,449 [BombeRLeWorld] INFO: STARTING STEP 230
2026-09-21 19:39:09,456 [BombeRLeWorld] INFO: Agent <final_code> chose action BOMB in 0.00s.
2026-09-21 19:39:09,456 [BombeRLeWorld] INFO: Agent <final_code> stayed within acceptable think time.
2026-09-21 19:39:09,456 [BombeRLeWorld] INFO: Agent <final_code> drops bomb at (np.int64(13), np.int64(1))
2026-09-21 19:39:09,456 [BombeRLeWorld] INFO: Agent <rule_based_agent_0> chose action UP in 0.00s.
2026-09-21 19:39:09,456 [BombeRLeWorld] INFO: Agent <rule_based_agent_0> stayed within acceptable think time.
2026-09-21 19:39:09,456 [BombeRLeWorld] INFO: Agent <rule_based_agent_1> chose action LEFT in 0.00s.
2026-09-21 19:39:09,456 [BombeRLeWorld] INFO: Agent <rule_based_agent_1> stayed within acceptable think time.
2026-09-21 19:39:09,549 [BombeRLeWorld] INFO: STARTING STEP 231
2026-09-21 19:39:09,554 [BombeRLeWorld] INFO: Agent <final_code> chose action DOWN in 0.00s.
2026-09-21 19:39:09,554 [BombeRLeWorld] INFO: Agent <final_code> stayed within acceptable think time.
2026-09-21 19:39:09,554 [BombeRLeWorld] INFO: Agent <rule_based_agent_0> chose action UP in 0.00s.
2026-09-21 19:39:09,554 [BombeRLeWorld] INFO: Agent <rule_based_agent_0> stayed within acceptable think time.
2026-09-21 19:39:09,554 [BombeRLeWorld] INFO: Agent <rule_based_agent_1> chose action LEFT in 0.00s.
2026-09-21 19:39:09,554 [BombeRLeWorld] INFO: Agent <rule_based_agent_1> stayed within acceptable think time.
2026-09-21 19:39:09,649 [BombeRLeWorld] INFO: STARTING STEP 232
2026-09-21 19:39:09,653 [BombeRLeWorld] INFO: Agent <rule_based_agent_0> chose action UP in 0.00s.
2026-09-21 19:39:09,653 [BombeRLeWorld] INFO: Agent <rule_based_agent_0> stayed within acceptable think time.
2026-09-21 19:39:09,653 [BombeRLeWorld] INFO: Agent <rule_based_agent_1> chose action LEFT in 0.00s.
2026-09-21 19:39:09,653 [BombeRLeWorld] INFO: Agent <rule_based_agent_1> stayed within acceptable think time.
2026-09-21 19:39:09,653 [BombeRLeWorld] INFO: Agent <final_code> chose action DOWN in 0.00s.
2026-09-21 19:39:09,653 [BombeRLeWorld] INFO: Agent <final_code> stayed within acceptable think time.
2026-09-21 19:39:09,749 [BombeRLeWorld] INFO: STARTING STEP 233
2026-09-21 19:39:09,755 [BombeRLeWorld] INFO: Agent <rule_based_agent_0> chose action BOMB in 0.00s.
2026-09-21 19:39:09,755 [BombeRLeWorld] INFO: Agent <rule_based_agent_0> stayed within acceptable think time.
2026-09-21 19:39:09,755 [BombeRLeWorld] INFO: Agent <rule_based_agent_0> drops bomb at (np.int64(7), np.int64(12))
2026-09-21 19:39:09,755 [BombeRLeWorld] INFO: Agent <final_code> chose action RIGHT in 0.00s.
2026-09-21 19:39:09,755 [BombeRLeWorld] INFO: Agent <final_code> stayed within acceptable think time.
2026-09-21 19:39:09,755 [BombeRLeWorld] INFO: Agent <rule_based_agent_1> chose action BOMB in 0.00s.
2026-09-21 19:39:09,755 [BombeRLeWorld] INFO: Agent <rule_based_agent_1> stayed within acceptable think time.
2026-09-21 19:39:09,755 [BombeRLeWorld] INFO: Agent <rule_based_agent_1> drops bomb at (np.int64(7), np.int64(11))
2026-09-21 19:39:09,849 [BombeRLeWorld] INFO: STARTING STEP 234
2026-09-21 19:39:09,854 [BombeRLeWorld] INFO: Agent <final_code> chose action RIGHT in 0.00s.
2026-09-21 19:39:09,854 [BombeRLeWorld] INFO: Agent <final_code> stayed within acceptable think time.
2026-09-21 19:39:09,854 [BombeRLeWorld] INFO: Agent <rule_based_agent_1> chose action UP in 0.00s.
2026-09-21 19:39:09,854 [BombeRLeWorld] INFO: Agent <rule_based_agent_1> stayed within acceptable think time.
2026-09-21 19:39:09,854 [BombeRLeWorld] INFO: Agent <rule_based_agent_0> chose action DOWN in 0.00s.
2026-09-21 19:39:09,854 [BombeRLeWorld] INFO: Agent <rule_based_agent_0> stayed within acceptable think time.
2026-09-21 19:39:09,854 [BombeRLeWorld] INFO: Agent <final_code>'s bomb at (np.int64(13), np.int64(1)) explodes
2026-09-21 19:39:09,949 [BombeRLeWorld] INFO: STARTING STEP 235
2026-09-21 19:39:09,955 [BombeRLeWorld] INFO: Agent <rule_based_agent_0> chose action RIGHT in 0.00s.
2026-09-21 19:39:09,955 [BombeRLeWorld] INFO: Agent <rule_based_agent_0> stayed within acceptable think time.
2026-09-21 19:39:09,955 [BombeRLeWorld] INFO: Agent <final_code> chose action UP in 0.00s.
2026-09-21 19:39:09,955 [BombeRLeWorld] INFO: Agent <final_code> stayed within acceptable think time.
2026-09-21 19:39:09,955 [BombeRLeWorld] INFO: Agent <rule_based_agent_1> chose action UP in 0.00s.
2026-09-21 19:39:09,955 [BombeRLeWorld] INFO: Agent <rule_based_agent_1> stayed within acceptable think time.
2026-09-21 19:39:10,049 [BombeRLeWorld] INFO: STARTING STEP 236
2026-09-21 19:39:10,054 [BombeRLeWorld] INFO: Agent <rule_based_agent_0> chose action LEFT in 0.00s.
2026-09-21 19:39:10,054 [BombeRLeWorld] INFO: Agent <rule_based_agent_0> stayed within acceptable think time.
2026-09-21 19:39:10,054 [BombeRLeWorld] INFO: Agent <final_code> chose action UP in 0.00s.
2026-09-21 19:39:10,054 [BombeRLeWorld] INFO: Agent <final_code> stayed within acceptable think time.
2026-09-21 19:39:10,054 [BombeRLeWorld] INFO: Agent <rule_based_agent_1> chose action RIGHT in 0.00s.
2026-09-21 19:39:10,054 [BombeRLeWorld] INFO: Agent <rule_based_agent_1> stayed within acceptable think time.
2026-09-21 19:39:10,149 [BombeRLeWorld] INFO: STARTING STEP 237
2026-09-21 19:39:10,154 [BombeRLeWorld] INFO: Agent <rule_based_agent_0> chose action RIGHT in 0.00s.
2026-09-21 19:39:10,154 [BombeRLeWorld] INFO: Agent <rule_based_agent_0> stayed within acceptable think time.
2026-09-21 19:39:10,154 [BombeRLeWorld] INFO: Agent <rule_based_agent_1> chose action RIGHT in 0.00s.
2026-09-21 19:39:10,154 [BombeRLeWorld] INFO: Agent <rule_based_agent_1> stayed within acceptable think time.
2026-09-21 19:39:10,154 [BombeRLeWorld] INFO: Agent <final_code> chose action BOMB in 0.00s.
2026-09-21 19:39:10,154 [BombeRLeWorld] INFO: Agent <final_code> stayed within acceptable think time.
2026-09-21 19:39:10,154 [BombeRLeWorld] INFO: Agent <final_code> drops bomb at (np.int64(15), np.int64(1))
2026-09-21 19:39:10,154 [BombeRLeWorld] INFO: Agent <rule_based_agent_0>'s bomb at (np.int64(7), np.int64(12)) explodes
2026-09-21 19:39:10,154 [BombeRLeWorld] INFO: Agent <rule_based_agent_1>'s bomb at (np.int64(7), np.int64(11)) explodes
2026-09-21 19:39:10,249 [BombeRLeWorld] INFO: STARTING STEP 238
2026-09-21 19:39:10,254 [BombeRLeWorld] INFO: Agent <rule_based_agent_1> chose action DOWN in 0.00s.
2026-09-21 19:39:10,254 [BombeRLeWorld] INFO: Agent <rule_based_agent_1> stayed within acceptable think time.
2026-09-21 19:39:10,254 [BombeRLeWorld] INFO: Agent <rule_based_agent_0> chose action RIGHT in 0.00s.
2026-09-21 19:39:10,254 [BombeRLeWorld] INFO: Agent <rule_based_agent_0> stayed within acceptable think time.
2026-09-21 19:39:10,254 [BombeRLeWorld] INFO: Agent <final_code> chose action DOWN in 0.00s.
2026-09-21 19:39:10,254 [BombeRLeWorld] INFO: Agent <final_code> stayed within acceptable think time.
2026-09-21 19:39:10,349 [BombeRLeWorld] INFO: STARTING STEP 239
2026-09-21 19:39:10,354 [BombeRLeWorld] INFO: Agent <rule_based_agent_1> chose action DOWN in 0.00s.
2026-09-21 19:39:10,354 [BombeRLeWorld] INFO: Agent <rule_based_agent_1> stayed within acceptable think time.
2026-09-21 19:39:10,354 [BombeRLeWorld] INFO: Agent <final_code> chose action DOWN in 0.00s.
2026-09-21 19:39:10,354 [BombeRLeWorld] INFO: Agent <final_code> stayed within acceptable think time.
2026-09-21 19:39:10,354 [BombeRLeWorld] INFO: Agent <rule_based_agent_0> chose action UP in 0.00s.
2026-09-21 19:39:10,354 [BombeRLeWorld] INFO: Agent <rule_based_agent_0> stayed within acceptable think time.
2026-09-21 19:39:10,449 [BombeRLeWorld] INFO: STARTING STEP 240
2026-09-21 19:39:10,455 [BombeRLeWorld] INFO: Agent <final_code> chose action LEFT in 0.00s.
2026-09-21 19:39:10,455 [BombeRLeWorld] INFO: Agent <final_code> stayed within acceptable think time.
2026-09-21 19:39:10,455 [BombeRLeWorld] INFO: Agent <rule_based_agent_1> chose action BOMB in 0.00s.
2026-09-21 19:39:10,455 [BombeRLeWorld] INFO: Agent <rule_based_agent_1> stayed within acceptable think time.
2026-09-21 19:39:10,455 [BombeRLeWorld] INFO: Agent <rule_based_agent_1> drops bomb at (np.int64(9), np.int64(11))
2026-09-21 19:39:10,455 [BombeRLeWorld] INFO: Agent <rule_based_agent_0> chose action BOMB in 0.00s.
2026-09-21 19:39:10,455 [BombeRLeWorld] INFO: Agent <rule_based_agent_0> stayed within acceptable think time.
2026-09-21 19:39:10,455 [BombeRLeWorld] INFO: Agent <rule_based_agent_0> drops bomb at (np.int64(9), np.int64(12))
2026-09-21 19:39:10,550 [BombeRLeWorld] INFO: STARTING STEP 241
2026-09-21 19:39:10,555 [BombeRLeWorld] INFO: Agent <rule_based_agent_0> chose action DOWN in 0.00s.
2026-09-21 19:39:10,556 [BombeRLeWorld] INFO: Agent <rule_based_agent_0> stayed within acceptable think time.
2026-09-21 19:39:10,556 [BombeRLeWorld] INFO: Agent <rule_based_agent_1> chose action UP in 0.00s.
2026-09-21 19:39:10,556 [BombeRLeWorld] INFO: Agent <rule_based_agent_1> stayed within acceptable think time.
2026-09-21 19:39:10,556 [BombeRLeWorld] INFO: Agent <final_code> chose action LEFT in 0.00s.
2026-09-21 19:39:10,556 [BombeRLeWorld] INFO: Agent <final_code> stayed within acceptable think time.
2026-09-21 19:39:10,556 [BombeRLeWorld] INFO: Agent <final_code>'s bomb at (np.int64(15), np.int64(1)) explodes
2026-09-21 19:39:10,649 [BombeRLeWorld] INFO: STARTING STEP 242
2026-09-21 19:39:10,657 [BombeRLeWorld] INFO: Agent <final_code> chose action LEFT in 0.01s.
2026-09-21 19:39:10,657 [BombeRLeWorld] INFO: Agent <final_code> stayed within acceptable think time.
2026-09-21 19:39:10,657 [BombeRLeWorld] INFO: Agent <rule_based_agent_0> chose action RIGHT in 0.00s.
2026-09-21 19:39:10,657 [BombeRLeWorld] INFO: Agent <rule_based_agent_0> stayed within acceptable think time.
2026-09-21 19:39:10,657 [BombeRLeWorld] INFO: Agent <rule_based_agent_1> chose action UP in 0.00s.
2026-09-21 19:39:10,657 [BombeRLeWorld] INFO: Agent <rule_based_agent_1> stayed within acceptable think time.
2026-09-21 19:39:10,749 [BombeRLeWorld] INFO: STARTING STEP 243
2026-09-21 19:39:10,755 [BombeRLeWorld] INFO: Agent <rule_based_agent_1> chose action RIGHT in 0.00s.
2026-09-21 19:39:10,755 [BombeRLeWorld] INFO: Agent <rule_based_agent_1> stayed within acceptable think time.
2026-09-21 19:39:10,755 [BombeRLeWorld] INFO: Agent <rule_based_agent_0> chose action LEFT in 0.00s.
2026-09-21 19:39:10,755 [BombeRLeWorld] INFO: Agent <rule_based_agent_0> stayed within acceptable think time.
2026-09-21 19:39:10,755 [BombeRLeWorld] INFO: Agent <final_code> chose action LEFT in 0.00s.
2026-09-21 19:39:10,755 [BombeRLeWorld] INFO: Agent <final_code> stayed within acceptable think time.
2026-09-21 19:39:10,849 [BombeRLeWorld] INFO: STARTING STEP 244
2026-09-21 19:39:10,857 [BombeRLeWorld] INFO: Agent <rule_based_agent_0> chose action RIGHT in 0.00s.
2026-09-21 19:39:10,857 [BombeRLeWorld] INFO: Agent <rule_based_agent_0> stayed within acceptable think time.
2026-09-21 19:39:10,857 [BombeRLeWorld] INFO: Agent <final_code> chose action BOMB in 0.01s.
2026-09-21 19:39:10,857 [BombeRLeWorld] INFO: Agent <final_code> stayed within acceptable think time.
2026-09-21 19:39:10,857 [BombeRLeWorld] INFO: Agent <final_code> drops bomb at (np.int64(11), np.int64(3))
2026-09-21 19:39:10,857 [BombeRLeWorld] INFO: Agent <rule_based_agent_1> chose action RIGHT in 0.00s.
2026-09-21 19:39:10,857 [BombeRLeWorld] INFO: Agent <rule_based_agent_1> stayed within acceptable think time.
2026-09-21 19:39:10,857 [BombeRLeWorld] INFO: Agent <rule_based_agent_1>'s bomb at (np.int64(9), np.int64(11)) explodes
2026-09-21 19:39:10,857 [BombeRLeWorld] INFO: Agent <rule_based_agent_0>'s bomb at (np.int64(9), np.int64(12)) explodes
2026-09-21 19:39:10,950 [BombeRLeWorld] INFO: STARTING STEP 245
2026-09-21 19:39:10,955 [BombeRLeWorld] INFO: Agent <rule_based_agent_1> chose action DOWN in 0.00s.
2026-09-21 19:39:10,955 [BombeRLeWorld] INFO: Agent <rule_based_agent_1> stayed within acceptable think time.
2026-09-21 19:39:10,955 [BombeRLeWorld] INFO: Agent <final_code> chose action UP in 0.00s.
2026-09-21 19:39:10,955 [BombeRLeWorld] INFO: Agent <final_code> stayed within acceptable think time.
2026-09-21 19:39:10,955 [BombeRLeWorld] INFO: Agent <rule_based_agent_0> chose action RIGHT in 0.00s.
2026-09-21 19:39:10,955 [BombeRLeWorld] INFO: Agent <rule_based_agent_0> stayed within acceptable think time.
2026-09-21 19:39:11,050 [BombeRLeWorld] INFO: STARTING STEP 246
2026-09-21 19:39:11,053 [BombeRLeWorld] INFO: Agent <rule_based_agent_0> chose action UP in 0.00s.
2026-09-21 19:39:11,053 [BombeRLeWorld] INFO: Agent <rule_based_agent_0> stayed within acceptable think time.
2026-09-21 19:39:11,053 [BombeRLeWorld] INFO: Agent <final_code> chose action UP in 0.00s.
2026-09-21 19:39:11,053 [BombeRLeWorld] INFO: Agent <final_code> stayed within acceptable think time.
2026-09-21 19:39:11,053 [BombeRLeWorld] INFO: Agent <rule_based_agent_1> chose action DOWN in 0.00s.
2026-09-21 19:39:11,053 [BombeRLeWorld] INFO: Agent <rule_based_agent_1> stayed within acceptable think time.
2026-09-21 19:39:11,150 [BombeRLeWorld] INFO: STARTING STEP 247
2026-09-21 19:39:11,154 [BombeRLeWorld] INFO: Agent <rule_based_agent_1> chose action BOMB in 0.00s.
2026-09-21 19:39:11,154 [BombeRLeWorld] INFO: Agent <rule_based_agent_1> stayed within acceptable think time.
2026-09-21 19:39:11,154 [BombeRLeWorld] INFO: Agent <rule_based_agent_1> drops bomb at (np.int64(11), np.int64(11))
2026-09-21 19:39:11,154 [BombeRLeWorld] INFO: Agent <final_code> chose action LEFT in 0.00s.
2026-09-21 19:39:11,154 [BombeRLeWorld] INFO: Agent <final_code> stayed within acceptable think time.
2026-09-21 19:39:11,154 [BombeRLeWorld] INFO: Agent <rule_based_agent_0> chose action BOMB in 0.00s.
2026-09-21 19:39:11,154 [BombeRLeWorld] INFO: Agent <rule_based_agent_0> stayed within acceptable think time.
2026-09-21 19:39:11,154 [BombeRLeWorld] INFO: Agent <rule_based_agent_0> drops bomb at (np.int64(11), np.int64(12))
2026-09-21 19:39:11,250 [BombeRLeWorld] INFO: STARTING STEP 248
2026-09-21 19:39:11,255 [BombeRLeWorld] INFO: Agent <rule_based_agent_0> chose action DOWN in 0.00s.
2026-09-21 19:39:11,255 [BombeRLeWorld] INFO: Agent <rule_based_agent_0> stayed within acceptable think time.
2026-09-21 19:39:11,255 [BombeRLeWorld] INFO: Agent <final_code> chose action LEFT in 0.00s.
2026-09-21 19:39:11,255 [BombeRLeWorld] INFO: Agent <final_code> stayed within acceptable think time.
2026-09-21 19:39:11,256 [BombeRLeWorld] INFO: Agent <rule_based_agent_1> chose action LEFT in 0.00s.
2026-09-21 19:39:11,256 [BombeRLeWorld] INFO: Agent <rule_based_agent_1> stayed within acceptable think time.
2026-09-21 19:39:11,256 [BombeRLeWorld] INFO: Agent <final_code>'s bomb at (np.int64(11), np.int64(3)) explodes
2026-09-21 19:39:11,350 [BombeRLeWorld] INFO: STARTING STEP 249
2026-09-21 19:39:11,355 [BombeRLeWorld] INFO: Agent <rule_based_agent_1> chose action LEFT in 0.00s.
2026-09-21 19:39:11,355 [BombeRLeWorld] INFO: Agent <rule_based_agent_1> stayed within acceptable think time.
2026-09-21 19:39:11,356 [BombeRLeWorld] INFO: Agent <final_code> chose action LEFT in 0.00s.
2026-09-21 19:39:11,356 [BombeRLeWorld] INFO: Agent <final_code> stayed within acceptable think time.
2026-09-21 19:39:11,356 [BombeRLeWorld] INFO: Agent <rule_based_agent_0> chose action RIGHT in 0.00s.
2026-09-21 19:39:11,356 [BombeRLeWorld] INFO: Agent <rule_based_agent_0> stayed within acceptable think time.
2026-09-21 19:39:11,450 [BombeRLeWorld] INFO: STARTING STEP 250
2026-09-21 19:39:11,456 [BombeRLeWorld] INFO: Agent <final_code> chose action LEFT in 0.00s.
2026-09-21 19:39:11,456 [BombeRLeWorld] INFO: Agent <final_code> stayed within acceptable think time.
2026-09-21 19:39:11,456 [BombeRLeWorld] INFO: Agent <rule_based_agent_0> chose action LEFT in 0.00s.
2026-09-21 19:39:11,456 [BombeRLeWorld] INFO: Agent <rule_based_agent_0> stayed within acceptable think time.
2026-09-21 19:39:11,456 [BombeRLeWorld] INFO: Agent <rule_based_agent_1> chose action DOWN in 0.00s.
2026-09-21 19:39:11,456 [BombeRLeWorld] INFO: Agent <rule_based_agent_1> stayed within acceptable think time.
2026-09-21 19:39:11,550 [BombeRLeWorld] INFO: STARTING STEP 251
2026-09-21 19:39:11,557 [BombeRLeWorld] INFO: Agent <final_code> chose action BOMB in 0.00s.
2026-09-21 19:39:11,557 [BombeRLeWorld] INFO: Agent <final_code> stayed within acceptable think time.
2026-09-21 19:39:11,557 [BombeRLeWorld] INFO: Agent <final_code> drops bomb at (np.int64(7), np.int64(1))
2026-09-21 19:39:11,557 [BombeRLeWorld] INFO: Agent <rule_based_agent_1> chose action DOWN in 0.00s.
2026-09-21 19:39:11,557 [BombeRLeWorld] INFO: Agent <rule_based_agent_1> stayed within acceptable think time.
2026-09-21 19:39:11,557 [BombeRLeWorld] INFO: Agent <rule_based_agent_0> chose action RIGHT in 0.00s.
2026-09-21 19:39:11,557 [BombeRLeWorld] INFO: Agent <rule_based_agent_0> stayed within acceptable think time.
2026-09-21 19:39:11,557 [BombeRLeWorld] INFO: Agent <rule_based_agent_1>'s bomb at (np.int64(11), np.int64(11)) explodes
2026-09-21 19:39:11,557 [BombeRLeWorld] INFO: Agent <rule_based_agent_0>'s bomb at (np.int64(11), np.int64(12)) explodes
2026-09-21 19:39:11,651 [BombeRLeWorld] INFO: STARTING STEP 252
2026-09-21 19:39:11,656 [BombeRLeWorld] INFO: Agent <final_code> chose action LEFT in 0.00s.
2026-09-21 19:39:11,656 [BombeRLeWorld] INFO: Agent <final_code> stayed within acceptable think time.
2026-09-21 19:39:11,656 [BombeRLeWorld] INFO: Agent <rule_based_agent_0> chose action RIGHT in 0.00s.
2026-09-21 19:39:11,656 [BombeRLeWorld] INFO: Agent <rule_based_agent_0> stayed within acceptable think time.
2026-09-21 19:39:11,656 [BombeRLeWorld] INFO: Agent <rule_based_agent_1> chose action RIGHT in 0.00s.
2026-09-21 19:39:11,656 [BombeRLeWorld] INFO: Agent <rule_based_agent_1> stayed within acceptable think time.
2026-09-21 19:39:11,750 [BombeRLeWorld] INFO: STARTING STEP 253
2026-09-21 19:39:11,755 [BombeRLeWorld] INFO: Agent <rule_based_agent_0> chose action LEFT in 0.00s.
2026-09-21 19:39:11,755 [BombeRLeWorld] INFO: Agent <rule_based_agent_0> stayed within acceptable think time.
2026-09-21 19:39:11,755 [BombeRLeWorld] INFO: Agent <final_code> chose action LEFT in 0.00s.
2026-09-21 19:39:11,755 [BombeRLeWorld] INFO: Agent <final_code> stayed within acceptable think time.
2026-09-21 19:39:11,755 [BombeRLeWorld] INFO: Agent <rule_based_agent_1> chose action RIGHT in 0.00s.
2026-09-21 19:39:11,755 [BombeRLeWorld] INFO: Agent <rule_based_agent_1> stayed within acceptable think time.
2026-09-21 19:39:11,850 [BombeRLeWorld] INFO: STARTING STEP 254
2026-09-21 19:39:11,856 [BombeRLeWorld] INFO: Agent <final_code> chose action DOWN in 0.00s.
2026-09-21 19:39:11,856 [BombeRLeWorld] INFO: Agent <final_code> stayed within acceptable think time.
2026-09-21 19:39:11,856 [BombeRLeWorld] INFO: Agent <rule_based_agent_1> chose action BOMB in 0.00s.
2026-09-21 19:39:11,856 [BombeRLeWorld] INFO: Agent <rule_based_agent_1> stayed within acceptable think time.
2026-09-21 19:39:11,856 [BombeRLeWorld] INFO: Agent <rule_based_agent_1> drops bomb at (np.int64(11), np.int64(13))
2026-09-21 19:39:11,856 [BombeRLeWorld] INFO: Agent <rule_based_agent_0> chose action BOMB in 0.00s.
2026-09-21 19:39:11,856 [BombeRLeWorld] INFO: Agent <rule_based_agent_0> stayed within acceptable think time.
2026-09-21 19:39:11,856 [BombeRLeWorld] INFO: Agent <rule_based_agent_0> drops bomb at (np.int64(12), np.int64(13))
2026-09-21 19:39:11,951 [BombeRLeWorld] INFO: STARTING STEP 255
2026-09-21 19:39:11,957 [BombeRLeWorld] INFO: Agent <final_code> chose action DOWN in 0.00s.
2026-09-21 19:39:11,957 [BombeRLeWorld] INFO: Agent <final_code> stayed within acceptable think time.
2026-09-21 19:39:11,957 [BombeRLeWorld] INFO: Agent <rule_based_agent_0> chose action RIGHT in 0.00s.
2026-09-21 19:39:11,957 [BombeRLeWorld] INFO: Agent <rule_based_agent_0> stayed within acceptable think time.
2026-09-21 19:39:11,957 [BombeRLeWorld] INFO: Agent <rule_based_agent_1> chose action LEFT in 0.00s.
2026-09-21 19:39:11,957 [BombeRLeWorld] INFO: Agent <rule_based_agent_1> stayed within acceptable think time.
2026-09-21 19:39:11,957 [BombeRLeWorld] INFO: Agent <final_code>'s bomb at (np.int64(7), np.int64(1)) explodes
2026-09-21 19:39:12,051 [BombeRLeWorld] INFO: STARTING STEP 256
2026-09-21 19:39:12,058 [BombeRLeWorld] INFO: Agent <final_code> chose action LEFT in 0.01s.
2026-09-21 19:39:12,058 [BombeRLeWorld] INFO: Agent <final_code> stayed within acceptable think time.
2026-09-21 19:39:12,058 [BombeRLeWorld] INFO: Agent <rule_based_agent_1> chose action LEFT in 0.00s.
2026-09-21 19:39:12,058 [BombeRLeWorld] INFO: Agent <rule_based_agent_1> stayed within acceptable think time.
2026-09-21 19:39:12,058 [BombeRLeWorld] INFO: Agent <rule_based_agent_0> chose action DOWN in 0.00s.
2026-09-21 19:39:12,058 [BombeRLeWorld] INFO: Agent <rule_based_agent_0> stayed within acceptable think time.
2026-09-21 19:39:12,151 [BombeRLeWorld] INFO: STARTING STEP 257
2026-09-21 19:39:12,157 [BombeRLeWorld] INFO: Agent <final_code> chose action LEFT in 0.00s.
2026-09-21 19:39:12,157 [BombeRLeWorld] INFO: Agent <final_code> stayed within acceptable think time.
2026-09-21 19:39:12,157 [BombeRLeWorld] INFO: Agent <rule_based_agent_1> chose action DOWN in 0.00s.
2026-09-21 19:39:12,157 [BombeRLeWorld] INFO: Agent <rule_based_agent_1> stayed within acceptable think time.
2026-09-21 19:39:12,157 [BombeRLeWorld] INFO: Agent <rule_based_agent_0> chose action UP in 0.00s.
2026-09-21 19:39:12,157 [BombeRLeWorld] INFO: Agent <rule_based_agent_0> stayed within acceptable think time.
2026-09-21 19:39:12,251 [BombeRLeWorld] INFO: STARTING STEP 258
2026-09-21 19:39:12,258 [BombeRLeWorld] INFO: Agent <rule_based_agent_1> chose action DOWN in 0.00s.
2026-09-21 19:39:12,258 [BombeRLeWorld] INFO: Agent <rule_based_agent_1> stayed within acceptable think time.
2026-09-21 19:39:12,258 [BombeRLeWorld] INFO: Agent <final_code> chose action BOMB in 0.01s.
2026-09-21 19:39:12,258 [BombeRLeWorld] INFO: Agent <final_code> stayed within acceptable think time.
2026-09-21 19:39:12,258 [BombeRLeWorld] INFO: Agent <final_code> drops bomb at (np.int64(3), np.int64(3))
2026-09-21 19:39:12,258 [BombeRLeWorld] INFO: Agent <rule_based_agent_0> chose action DOWN in 0.00s.
2026-09-21 19:39:12,258 [BombeRLeWorld] INFO: Agent <rule_based_agent_0> stayed within acceptable think time.
2026-09-21 19:39:12,258 [BombeRLeWorld] INFO: Agent <rule_based_agent_1>'s bomb at (np.int64(11), np.int64(13)) explodes
2026-09-21 19:39:12,258 [BombeRLeWorld] INFO: Agent <rule_based_agent_0>'s bomb at (np.int64(12), np.int64(13)) explodes
2026-09-21 19:39:12,351 [BombeRLeWorld] INFO: STARTING STEP 259
2026-09-21 19:39:12,357 [BombeRLeWorld] INFO: Agent <rule_based_agent_0> chose action DOWN in 0.00s.
2026-09-21 19:39:12,357 [BombeRLeWorld] INFO: Agent <rule_based_agent_0> stayed within acceptable think time.
2026-09-21 19:39:12,357 [BombeRLeWorld] INFO: Agent <rule_based_agent_1> chose action RIGHT in 0.00s.
2026-09-21 19:39:12,357 [BombeRLeWorld] INFO: Agent <rule_based_agent_1> stayed within acceptable think time.
2026-09-21 19:39:12,357 [BombeRLeWorld] INFO: Agent <final_code> chose action UP in 0.00s.
2026-09-21 19:39:12,357 [BombeRLeWorld] INFO: Agent <final_code> stayed within acceptable think time.
2026-09-21 19:39:12,451 [BombeRLeWorld] INFO: STARTING STEP 260
2026-09-21 19:39:12,455 [BombeRLeWorld] INFO: Agent <rule_based_agent_1> chose action RIGHT in 0.00s.
2026-09-21 19:39:12,455 [BombeRLeWorld] INFO: Agent <rule_based_agent_1> stayed within acceptable think time.
2026-09-21 19:39:12,455 [BombeRLeWorld] INFO: Agent <rule_based_agent_0> chose action LEFT in 0.00s.
2026-09-21 19:39:12,455 [BombeRLeWorld] INFO: Agent <rule_based_agent_0> stayed within acceptable think time.
2026-09-21 19:39:12,455 [BombeRLeWorld] INFO: Agent <final_code> chose action UP in 0.00s.
2026-09-21 19:39:12,455 [BombeRLeWorld] INFO: Agent <final_code> stayed within acceptable think time.
2026-09-21 19:39:12,551 [BombeRLeWorld] INFO: STARTING STEP 261
2026-09-21 19:39:12,556 [BombeRLeWorld] INFO: Agent <final_code> chose action LEFT in 0.00s.
2026-09-21 19:39:12,556 [BombeRLeWorld] INFO: Agent <final_code> stayed within acceptable think time.
2026-09-21 19:39:12,556 [BombeRLeWorld] INFO: Agent <rule_based_agent_0> chose action BOMB in 0.00s.
2026-09-21 19:39:12,556 [BombeRLeWorld] INFO: Agent <rule_based_agent_0> stayed within acceptable think time.
2026-09-21 19:39:12,556 [BombeRLeWorld] INFO: Agent <rule_based_agent_0> drops bomb at (np.int64(12), np.int64(15))
2026-09-21 19:39:12,556 [BombeRLeWorld] INFO: Agent <rule_based_agent_1> chose action BOMB in 0.00s.
2026-09-21 19:39:12,556 [BombeRLeWorld] INFO: Agent <rule_based_agent_1> stayed within acceptable think time.
2026-09-21 19:39:12,556 [BombeRLeWorld] INFO: Agent <rule_based_agent_1> drops bomb at (np.int64(11), np.int64(15))
2026-09-21 19:39:12,651 [BombeRLeWorld] INFO: STARTING STEP 262
2026-09-21 19:39:12,657 [BombeRLeWorld] INFO: Agent <final_code> chose action LEFT in 0.00s.
2026-09-21 19:39:12,657 [BombeRLeWorld] INFO: Agent <final_code> stayed within acceptable think time.
2026-09-21 19:39:12,657 [BombeRLeWorld] INFO: Agent <rule_based_agent_1> chose action LEFT in 0.00s.
2026-09-21 19:39:12,657 [BombeRLeWorld] INFO: Agent <rule_based_agent_1> stayed within acceptable think time.
2026-09-21 19:39:12,657 [BombeRLeWorld] INFO: Agent <rule_based_agent_0> chose action RIGHT in 0.00s.
2026-09-21 19:39:12,657 [BombeRLeWorld] INFO: Agent <rule_based_agent_0> stayed within acceptable think time.
2026-09-21 19:39:12,657 [BombeRLeWorld] INFO: Agent <final_code>'s bomb at (np.int64(3), np.int64(3)) explodes
2026-09-21 19:39:12,751 [BombeRLeWorld] INFO: STARTING STEP 263
2026-09-21 19:39:12,756 [BombeRLeWorld] INFO: Agent <rule_based_agent_1> chose action LEFT in 0.00s.
2026-09-21 19:39:12,756 [BombeRLeWorld] INFO: Agent <rule_based_agent_1> stayed within acceptable think time.
2026-09-21 19:39:12,756 [BombeRLeWorld] INFO: Agent <final_code> chose action DOWN in 0.00s.
2026-09-21 19:39:12,756 [BombeRLeWorld] INFO: Agent <final_code> stayed within acceptable think time.
2026-09-21 19:39:12,756 [BombeRLeWorld] INFO: Agent <rule_based_agent_0> chose action UP in 0.00s.
2026-09-21 19:39:12,756 [BombeRLeWorld] INFO: Agent <rule_based_agent_0> stayed within acceptable think time.
2026-09-21 19:39:12,851 [BombeRLeWorld] INFO: STARTING STEP 264
2026-09-21 19:39:12,856 [BombeRLeWorld] INFO: Agent <rule_based_agent_1> chose action UP in 0.00s.
2026-09-21 19:39:12,856 [BombeRLeWorld] INFO: Agent <rule_based_agent_1> stayed within acceptable think time.
2026-09-21 19:39:12,856 [BombeRLeWorld] INFO: Agent <rule_based_agent_0> chose action DOWN in 0.00s.
2026-09-21 19:39:12,856 [BombeRLeWorld] INFO: Agent <rule_based_agent_0> stayed within acceptable think time.
2026-09-21 19:39:12,856 [BombeRLeWorld] INFO: Agent <final_code> chose action DOWN in 0.00s.
2026-09-21 19:39:12,856 [BombeRLeWorld] INFO: Agent <final_code> stayed within acceptable think time.
2026-09-21 19:39:12,951 [BombeRLeWorld] INFO: STARTING STEP 265
2026-09-21 19:39:12,962 [BombeRLeWorld] INFO: Agent <rule_based_agent_0> chose action UP in 0.01s.
2026-09-21 19:39:12,962 [BombeRLeWorld] INFO: Agent <rule_based_agent_0> stayed within acceptable think time.
2026-09-21 19:39:12,962 [BombeRLeWorld] INFO: Agent <rule_based_agent_1> chose action UP in 0.00s.
2026-09-21 19:39:12,962 [BombeRLeWorld] INFO: Agent <rule_based_agent_1> stayed within acceptable think time.
2026-09-21 19:39:12,962 [BombeRLeWorld] INFO: Agent <final_code> chose action BOMB in 0.00s.
2026-09-21 19:39:12,962 [BombeRLeWorld] INFO: Agent <final_code> stayed within acceptable think time.
2026-09-21 19:39:12,962 [BombeRLeWorld] INFO: Agent <final_code> drops bomb at (np.int64(1), np.int64(3))
2026-09-21 19:39:12,962 [BombeRLeWorld] INFO: Agent <rule_based_agent_0>'s bomb at (np.int64(12), np.int64(15)) explodes
2026-09-21 19:39:12,962 [BombeRLeWorld] INFO: Agent <rule_based_agent_1>'s bomb at (np.int64(11), np.int64(15)) explodes
2026-09-21 19:39:13,052 [BombeRLeWorld] INFO: STARTING STEP 266
2026-09-21 19:39:13,057 [BombeRLeWorld] INFO: Agent <rule_based_agent_1> chose action RIGHT in 0.00s.
2026-09-21 19:39:13,057 [BombeRLeWorld] INFO: Agent <rule_based_agent_1> stayed within acceptable think time.
2026-09-21 19:39:13,057 [BombeRLeWorld] INFO: Agent <rule_based_agent_0> chose action UP in 0.00s.
2026-09-21 19:39:13,057 [BombeRLeWorld] INFO: Agent <rule_based_agent_0> stayed within acceptable think time.
2026-09-21 19:39:13,057 [BombeRLeWorld] INFO: Agent <final_code> chose action DOWN in 0.00s.
2026-09-21 19:39:13,057 [BombeRLeWorld] INFO: Agent <final_code> stayed within acceptable think time.
2026-09-21 19:39:13,152 [BombeRLeWorld] INFO: STARTING STEP 267
2026-09-21 19:39:13,157 [BombeRLeWorld] INFO: Agent <final_code> chose action DOWN in 0.00s.
2026-09-21 19:39:13,157 [BombeRLeWorld] INFO: Agent <final_code> stayed within acceptable think time.
2026-09-21 19:39:13,157 [BombeRLeWorld] INFO: Agent <rule_based_agent_0> chose action LEFT in 0.00s.
2026-09-21 19:39:13,157 [BombeRLeWorld] INFO: Agent <rule_based_agent_0> stayed within acceptable think time.
2026-09-21 19:39:13,157 [BombeRLeWorld] INFO: Agent <rule_based_agent_1> chose action RIGHT in 0.00s.
2026-09-21 19:39:13,157 [BombeRLeWorld] INFO: Agent <rule_based_agent_1> stayed within acceptable think time.
2026-09-21 19:39:13,252 [BombeRLeWorld] INFO: STARTING STEP 268
2026-09-21 19:39:13,257 [BombeRLeWorld] INFO: Agent <rule_based_agent_1> chose action LEFT in 0.00s.
2026-09-21 19:39:13,257 [BombeRLeWorld] INFO: Agent <rule_based_agent_1> stayed within acceptable think time.
2026-09-21 19:39:13,258 [BombeRLeWorld] INFO: Agent <rule_based_agent_0> chose action RIGHT in 0.00s.
2026-09-21 19:39:13,258 [BombeRLeWorld] INFO: Agent <rule_based_agent_0> stayed within acceptable think time.
2026-09-21 19:39:13,258 [BombeRLeWorld] INFO: Agent <final_code> chose action RIGHT in 0.00s.
2026-09-21 19:39:13,258 [BombeRLeWorld] INFO: Agent <final_code> stayed within acceptable think time.
2026-09-21 19:39:13,352 [BombeRLeWorld] INFO: STARTING STEP 269
2026-09-21 19:39:13,358 [BombeRLeWorld] INFO: Agent <final_code> chose action RIGHT in 0.00s.
2026-09-21 19:39:13,358 [BombeRLeWorld] INFO: Agent <final_code> stayed within acceptable think time.
2026-09-21 19:39:13,358 [BombeRLeWorld] INFO: Agent <rule_based_agent_1> chose action RIGHT in 0.00s.
2026-09-21 19:39:13,358 [BombeRLeWorld] INFO: Agent <rule_based_agent_1> stayed within acceptable think time.
2026-09-21 19:39:13,358 [BombeRLeWorld] INFO: Agent <rule_based_agent_0> chose action LEFT in 0.00s.
2026-09-21 19:39:13,358 [BombeRLeWorld] INFO: Agent <rule_based_agent_0> stayed within acceptable think time.
2026-09-21 19:39:13,358 [BombeRLeWorld] INFO: Agent <final_code>'s bomb at (np.int64(1), np.int64(3)) explodes
2026-09-21 19:39:13,452 [BombeRLeWorld] INFO: STARTING STEP 270
2026-09-21 19:39:13,459 [BombeRLeWorld] INFO: Agent <rule_based_agent_1> chose action DOWN in 0.00s.
2026-09-21 19:39:13,459 [BombeRLeWorld] INFO: Agent <rule_based_agent_1> stayed within acceptable think time.
2026-09-21 19:39:13,459 [BombeRLeWorld] INFO: Agent <final_code> chose action RIGHT in 0.01s.
2026-09-21 19:39:13,459 [BombeRLeWorld] INFO: Agent <final_code> stayed within acceptable think time.
2026-09-21 19:39:13,459 [BombeRLeWorld] INFO: Agent <rule_based_agent_0> chose action RIGHT in 0.00s.
2026-09-21 19:39:13,459 [BombeRLeWorld] INFO: Agent <rule_based_agent_0> stayed within acceptable think time.
2026-09-21 19:39:13,552 [BombeRLeWorld] INFO: STARTING STEP 271
2026-09-21 19:39:13,558 [BombeRLeWorld] INFO: Agent <rule_based_agent_1> chose action UP in 0.00s.
2026-09-21 19:39:13,558 [BombeRLeWorld] INFO: Agent <rule_based_agent_1> stayed within acceptable think time.
2026-09-21 19:39:13,558 [BombeRLeWorld] INFO: Agent <final_code> chose action RIGHT in 0.00s.
2026-09-21 19:39:13,558 [BombeRLeWorld] INFO: Agent <final_code> stayed within acceptable think time.
2026-09-21 19:39:13,558 [BombeRLeWorld] INFO: Agent <rule_based_agent_0> chose action LEFT in 0.00s.
2026-09-21 19:39:13,558 [BombeRLeWorld] INFO: Agent <rule_based_agent_0> stayed within acceptable think time.
2026-09-21 19:39:13,652 [BombeRLeWorld] INFO: STARTING STEP 272
2026-09-21 19:39:13,660 [BombeRLeWorld] INFO: Agent <rule_based_agent_0> chose action RIGHT in 0.00s.
2026-09-21 19:39:13,660 [BombeRLeWorld] INFO: Agent <rule_based_agent_0> stayed within acceptable think time.
2026-09-21 19:39:13,660 [BombeRLeWorld] INFO: Agent <rule_based_agent_1> chose action DOWN in 0.00s.
2026-09-21 19:39:13,660 [BombeRLeWorld] INFO: Agent <rule_based_agent_1> stayed within acceptable think time.
2026-09-21 19:39:13,660 [BombeRLeWorld] INFO: Agent <final_code> chose action BOMB in 0.01s.
2026-09-21 19:39:13,660 [BombeRLeWorld] INFO: Agent <final_code> stayed within acceptable think time.
2026-09-21 19:39:13,660 [BombeRLeWorld] INFO: Agent <final_code> drops bomb at (np.int64(5), np.int64(5))
2026-09-21 19:39:13,752 [BombeRLeWorld] INFO: STARTING STEP 273
2026-09-21 19:39:13,759 [BombeRLeWorld] INFO: Agent <final_code> chose action UP in 0.00s.
2026-09-21 19:39:13,759 [BombeRLeWorld] INFO: Agent <final_code> stayed within acceptable think time.
2026-09-21 19:39:13,759 [BombeRLeWorld] INFO: Agent <rule_based_agent_1> chose action UP in 0.00s.
2026-09-21 19:39:13,759 [BombeRLeWorld] INFO: Agent <rule_based_agent_1> stayed within acceptable think time.
2026-09-21 19:39:13,759 [BombeRLeWorld] INFO: Agent <rule_based_agent_0> chose action LEFT in 0.00s.
2026-09-21 19:39:13,759 [BombeRLeWorld] INFO: Agent <rule_based_agent_0> stayed within acceptable think time.
2026-09-21 19:39:13,852 [BombeRLeWorld] INFO: STARTING STEP 274
2026-09-21 19:39:13,858 [BombeRLeWorld] INFO: Agent <rule_based_agent_1> chose action LEFT in 0.00s.
2026-09-21 19:39:13,858 [BombeRLeWorld] INFO: Agent <rule_based_agent_1> stayed within acceptable think time.
2026-09-21 19:39:13,858 [BombeRLeWorld] INFO: Agent <final_code> chose action UP in 0.00s.
2026-09-21 19:39:13,858 [BombeRLeWorld] INFO: Agent <final_code> stayed within acceptable think time.
2026-09-21 19:39:13,858 [BombeRLeWorld] INFO: Agent <rule_based_agent_0> chose action RIGHT in 0.00s.
2026-09-21 19:39:13,858 [BombeRLeWorld] INFO: Agent <rule_based_agent_0> stayed within acceptable think time.
2026-09-21 19:39:13,952 [BombeRLeWorld] INFO: STARTING STEP 275
2026-09-21 19:39:13,959 [BombeRLeWorld] INFO: Agent <rule_based_agent_0> chose action LEFT in 0.00s.
2026-09-21 19:39:13,959 [BombeRLeWorld] INFO: Agent <rule_based_agent_0> stayed within acceptable think time.
2026-09-21 19:39:13,959 [BombeRLeWorld] INFO: Agent <rule_based_agent_1> chose action RIGHT in 0.00s.
2026-09-21 19:39:13,959 [BombeRLeWorld] INFO: Agent <rule_based_agent_1> stayed within acceptable think time.
2026-09-21 19:39:13,959 [BombeRLeWorld] INFO: Agent <final_code> chose action LEFT in 0.00s.
2026-09-21 19:39:13,960 [BombeRLeWorld] INFO: Agent <final_code> stayed within acceptable think time.
2026-09-21 19:39:14,052 [BombeRLeWorld] INFO: STARTING STEP 276
2026-09-21 19:39:14,058 [BombeRLeWorld] INFO: Agent <final_code> chose action LEFT in 0.00s.
2026-09-21 19:39:14,058 [BombeRLeWorld] INFO: Agent <final_code> stayed within acceptable think time.
2026-09-21 19:39:14,058 [BombeRLeWorld] INFO: Agent <rule_based_agent_0> chose action RIGHT in 0.00s.
2026-09-21 19:39:14,058 [BombeRLeWorld] INFO: Agent <rule_based_agent_0> stayed within acceptable think time.
2026-09-21 19:39:14,058 [BombeRLeWorld] INFO: Agent <rule_based_agent_1> chose action UP in 0.00s.
2026-09-21 19:39:14,058 [BombeRLeWorld] INFO: Agent <rule_based_agent_1> stayed within acceptable think time.
2026-09-21 19:39:14,058 [BombeRLeWorld] INFO: Agent <final_code>'s bomb at (np.int64(5), np.int64(5)) explodes
2026-09-21 19:39:14,152 [BombeRLeWorld] INFO: STARTING STEP 277
2026-09-21 19:39:14,160 [BombeRLeWorld] INFO: Agent <rule_based_agent_1> chose action DOWN in 0.00s.
2026-09-21 19:39:14,160 [BombeRLeWorld] INFO: Agent <rule_based_agent_1> stayed within acceptable think time.
2026-09-21 19:39:14,160 [BombeRLeWorld] INFO: Agent <rule_based_agent_0> chose action LEFT in 0.00s.
2026-09-21 19:39:14,160 [BombeRLeWorld] INFO: Agent <rule_based_agent_0> stayed within acceptable think time.
2026-09-21 19:39:14,161 [BombeRLeWorld] INFO: Agent <final_code> chose action LEFT in 0.01s.
2026-09-21 19:39:14,161 [BombeRLeWorld] INFO: Agent <final_code> stayed within acceptable think time.
2026-09-21 19:39:14,253 [BombeRLeWorld] INFO: STARTING STEP 278
2026-09-21 19:39:14,259 [BombeRLeWorld] INFO: Agent <rule_based_agent_1> chose action UP in 0.00s.
2026-09-21 19:39:14,259 [BombeRLeWorld] INFO: Agent <rule_based_agent_1> stayed within acceptable think time.
2026-09-21 19:39:14,259 [BombeRLeWorld] INFO: Agent <rule_based_agent_0> chose action RIGHT in 0.00s.
2026-09-21 19:39:14,259 [BombeRLeWorld] INFO: Agent <rule_based_agent_0> stayed within acceptable think time.
2026-09-21 19:39:14,259 [BombeRLeWorld] INFO: Agent <final_code> chose action LEFT in 0.00s.
2026-09-21 19:39:14,259 [BombeRLeWorld] INFO: Agent <final_code> stayed within acceptable think time.
2026-09-21 19:39:14,353 [BombeRLeWorld] INFO: STARTING STEP 279
2026-09-21 19:39:14,360 [BombeRLeWorld] INFO: Agent <final_code> chose action BOMB in 0.00s.
2026-09-21 19:39:14,360 [BombeRLeWorld] INFO: Agent <final_code> stayed within acceptable think time.
2026-09-21 19:39:14,360 [BombeRLeWorld] INFO: Agent <final_code> drops bomb at (np.int64(1), np.int64(3))
2026-09-21 19:39:14,360 [BombeRLeWorld] INFO: Agent <rule_based_agent_1> chose action DOWN in 0.00s.
2026-09-21 19:39:14,360 [BombeRLeWorld] INFO: Agent <rule_based_agent_1> stayed within acceptable think time.
2026-09-21 19:39:14,360 [BombeRLeWorld] INFO: Agent <rule_based_agent_0> chose action LEFT in 0.00s.
2026-09-21 19:39:14,360 [BombeRLeWorld] INFO: Agent <rule_based_agent_0> stayed within acceptable think time.
2026-09-21 19:39:14,452 [BombeRLeWorld] INFO: STARTING STEP 280
2026-09-21 19:39:14,459 [BombeRLeWorld] INFO: Agent <rule_based_agent_1> chose action UP in 0.00s.
2026-09-21 19:39:14,459 [BombeRLeWorld] INFO: Agent <rule_based_agent_1> stayed within acceptable think time.
2026-09-21 19:39:14,459 [BombeRLeWorld] INFO: Agent <rule_based_agent_0> chose action RIGHT in 0.00s.
2026-09-21 19:39:14,459 [BombeRLeWorld] INFO: Agent <rule_based_agent_0> stayed within acceptable think time.
2026-09-21 19:39:14,459 [BombeRLeWorld] INFO: Agent <final_code> chose action UP in 0.00s.
2026-09-21 19:39:14,459 [BombeRLeWorld] INFO: Agent <final_code> stayed within acceptable think time.
2026-09-21 19:39:14,552 [BombeRLeWorld] INFO: STARTING STEP 281
2026-09-21 19:39:14,559 [BombeRLeWorld] INFO: Agent <final_code> chose action UP in 0.00s.
2026-09-21 19:39:14,559 [BombeRLeWorld] INFO: Agent <final_code> stayed within acceptable think time.
2026-09-21 19:39:14,559 [BombeRLeWorld] INFO: Agent <rule_based_agent_1> chose action DOWN in 0.00s.
2026-09-21 19:39:14,559 [BombeRLeWorld] INFO: Agent <rule_based_agent_1> stayed within acceptable think time.
2026-09-21 19:39:14,559 [BombeRLeWorld] INFO: Agent <rule_based_agent_0> chose action LEFT in 0.00s.
2026-09-21 19:39:14,559 [BombeRLeWorld] INFO: Agent <rule_based_agent_0> stayed within acceptable think time.
2026-09-21 19:39:14,652 [BombeRLeWorld] INFO: STARTING STEP 282
2026-09-21 19:39:14,658 [BombeRLeWorld] INFO: Agent <rule_based_agent_1> chose action LEFT in 0.00s.
2026-09-21 19:39:14,658 [BombeRLeWorld] INFO: Agent <rule_based_agent_1> stayed within acceptable think time.
2026-09-21 19:39:14,658 [BombeRLeWorld] INFO: Agent <rule_based_agent_0> chose action RIGHT in 0.00s.
2026-09-21 19:39:14,658 [BombeRLeWorld] INFO: Agent <rule_based_agent_0> stayed within acceptable think time.
2026-09-21 19:39:14,658 [BombeRLeWorld] INFO: Agent <final_code> chose action RIGHT in 0.00s.
2026-09-21 19:39:14,658 [BombeRLeWorld] INFO: Agent <final_code> stayed within acceptable think time.
2026-09-21 19:39:14,753 [BombeRLeWorld] INFO: STARTING STEP 283
2026-09-21 19:39:14,758 [BombeRLeWorld] INFO: Agent <rule_based_agent_1> chose action RIGHT in 0.00s.
2026-09-21 19:39:14,758 [BombeRLeWorld] INFO: Agent <rule_based_agent_1> stayed within acceptable think time.
2026-09-21 19:39:14,758 [BombeRLeWorld] INFO: Agent <rule_based_agent_0> chose action LEFT in 0.00s.
2026-09-21 19:39:14,758 [BombeRLeWorld] INFO: Agent <rule_based_agent_0> stayed within acceptable think time.
2026-09-21 19:39:14,759 [BombeRLeWorld] INFO: Agent <final_code> chose action RIGHT in 0.00s.
2026-09-21 19:39:14,759 [BombeRLeWorld] INFO: Agent <final_code> stayed within acceptable think time.
2026-09-21 19:39:14,759 [BombeRLeWorld] INFO: Agent <final_code>'s bomb at (np.int64(1), np.int64(3)) explodes
2026-09-21 19:39:14,853 [BombeRLeWorld] INFO: STARTING STEP 284
2026-09-21 19:39:14,860 [BombeRLeWorld] INFO: Agent <final_code> chose action RIGHT in 0.00s.
2026-09-21 19:39:14,860 [BombeRLeWorld] INFO: Agent <final_code> stayed within acceptable think time.
2026-09-21 19:39:14,860 [BombeRLeWorld] INFO: Agent <rule_based_agent_0> chose action RIGHT in 0.00s.
2026-09-21 19:39:14,860 [BombeRLeWorld] INFO: Agent <rule_based_agent_0> stayed within acceptable think time.
2026-09-21 19:39:14,860 [BombeRLeWorld] INFO: Agent <rule_based_agent_1> chose action UP in 0.00s.
2026-09-21 19:39:14,860 [BombeRLeWorld] INFO: Agent <rule_based_agent_1> stayed within acceptable think time.
2026-09-21 19:39:14,953 [BombeRLeWorld] INFO: STARTING STEP 285
2026-09-21 19:39:14,959 [BombeRLeWorld] INFO: Agent <rule_based_agent_0> chose action LEFT in 0.00s.
2026-09-21 19:39:14,959 [BombeRLeWorld] INFO: Agent <rule_based_agent_0> stayed within acceptable think time.
2026-09-21 19:39:14,959 [BombeRLeWorld] INFO: Agent <rule_based_agent_1> chose action DOWN in 0.00s.
2026-09-21 19:39:14,959 [BombeRLeWorld] INFO: Agent <rule_based_agent_1> stayed within acceptable think time.
2026-09-21 19:39:14,959 [BombeRLeWorld] INFO: Agent <final_code> chose action RIGHT in 0.00s.
2026-09-21 19:39:14,959 [BombeRLeWorld] INFO: Agent <final_code> stayed within acceptable think time.
2026-09-21 19:39:15,053 [BombeRLeWorld] INFO: STARTING STEP 286
2026-09-21 19:39:15,060 [BombeRLeWorld] INFO: Agent <rule_based_agent_1> chose action LEFT in 0.00s.
2026-09-21 19:39:15,060 [BombeRLeWorld] INFO: Agent <rule_based_agent_1> stayed within acceptable think time.
2026-09-21 19:39:15,060 [BombeRLeWorld] INFO: Agent <rule_based_agent_0> chose action RIGHT in 0.00s.
2026-09-21 19:39:15,060 [BombeRLeWorld] INFO: Agent <rule_based_agent_0> stayed within acceptable think time.
2026-09-21 19:39:15,060 [BombeRLeWorld] INFO: Agent <final_code> chose action BOMB in 0.00s.
2026-09-21 19:39:15,060 [BombeRLeWorld] INFO: Agent <final_code> stayed within acceptable think time.
2026-09-21 19:39:15,060 [BombeRLeWorld] INFO: Agent <final_code> drops bomb at (np.int64(5), np.int64(1))
2026-09-21 19:39:15,153 [BombeRLeWorld] INFO: STARTING STEP 287
2026-09-21 19:39:15,159 [BombeRLeWorld] INFO: Agent <rule_based_agent_1> chose action RIGHT in 0.00s.
2026-09-21 19:39:15,159 [BombeRLeWorld] INFO: Agent <rule_based_agent_1> stayed within acceptable think time.
2026-09-21 19:39:15,159 [BombeRLeWorld] INFO: Agent <rule_based_agent_0> chose action LEFT in 0.00s.
2026-09-21 19:39:15,159 [BombeRLeWorld] INFO: Agent <rule_based_agent_0> stayed within acceptable think time.
2026-09-21 19:39:15,159 [BombeRLeWorld] INFO: Agent <final_code> chose action DOWN in 0.00s.
2026-09-21 19:39:15,159 [BombeRLeWorld] INFO: Agent <final_code> stayed within acceptable think time.
2026-09-21 19:39:15,253 [BombeRLeWorld] INFO: STARTING STEP 288
2026-09-21 19:39:15,258 [BombeRLeWorld] INFO: Agent <rule_based_agent_1> chose action DOWN in 0.00s.
2026-09-21 19:39:15,258 [BombeRLeWorld] INFO: Agent <rule_based_agent_1> stayed within acceptable think time.
2026-09-21 19:39:15,258 [BombeRLeWorld] INFO: Agent <rule_based_agent_0> chose action RIGHT in 0.00s.
2026-09-21 19:39:15,258 [BombeRLeWorld] INFO: Agent <rule_based_agent_0> stayed within acceptable think time.
2026-09-21 19:39:15,259 [BombeRLeWorld] INFO: Agent <final_code> chose action DOWN in 0.00s.
2026-09-21 19:39:15,259 [BombeRLeWorld] INFO: Agent <final_code> stayed within acceptable think time.
2026-09-21 19:39:15,353 [BombeRLeWorld] INFO: STARTING STEP 289
2026-09-21 19:39:15,360 [BombeRLeWorld] INFO: Agent <rule_based_agent_0> chose action LEFT in 0.00s.
2026-09-21 19:39:15,360 [BombeRLeWorld] INFO: Agent <rule_based_agent_0> stayed within acceptable think time.
2026-09-21 19:39:15,360 [BombeRLeWorld] INFO: Agent <final_code> chose action RIGHT in 0.00s.
2026-09-21 19:39:15,360 [BombeRLeWorld] INFO: Agent <final_code> stayed within acceptable think time.
2026-09-21 19:39:15,360 [BombeRLeWorld] INFO: Agent <rule_based_agent_1> chose action UP in 0.00s.
2026-09-21 19:39:15,360 [BombeRLeWorld] INFO: Agent <rule_based_agent_1> stayed within acceptable think time.
2026-09-21 19:39:15,453 [BombeRLeWorld] INFO: STARTING STEP 290
2026-09-21 19:39:15,459 [BombeRLeWorld] INFO: Agent <final_code> chose action RIGHT in 0.00s.
2026-09-21 19:39:15,459 [BombeRLeWorld] INFO: Agent <final_code> stayed within acceptable think time.
2026-09-21 19:39:15,459 [BombeRLeWorld] INFO: Agent <rule_based_agent_0> chose action RIGHT in 0.00s.
2026-09-21 19:39:15,459 [BombeRLeWorld] INFO: Agent <rule_based_agent_0> stayed within acceptable think time.
2026-09-21 19:39:15,459 [BombeRLeWorld] INFO: Agent <rule_based_agent_1> chose action UP in 0.00s.
2026-09-21 19:39:15,459 [BombeRLeWorld] INFO: Agent <rule_based_agent_1> stayed within acceptable think time.
2026-09-21 19:39:15,459 [BombeRLeWorld] INFO: Agent <final_code>'s bomb at (np.int64(5), np.int64(1)) explodes
2026-09-21 19:39:15,553 [BombeRLeWorld] INFO: STARTING STEP 291
2026-09-21 19:39:15,561 [BombeRLeWorld] INFO: Agent <rule_based_agent_0> chose action LEFT in 0.00s.
2026-09-21 19:39:15,561 [BombeRLeWorld] INFO: Agent <rule_based_agent_0> stayed within acceptable think time.
2026-09-21 19:39:15,561 [BombeRLeWorld] INFO: Agent <rule_based_agent_1> chose action DOWN in 0.00s.
2026-09-21 19:39:15,561 [BombeRLeWorld] INFO: Agent <rule_based_agent_1> stayed within acceptable think time.
2026-09-21 19:39:15,561 [BombeRLeWorld] INFO: Agent <final_code> chose action RIGHT in 0.01s.
2026-09-21 19:39:15,561 [BombeRLeWorld] INFO: Agent <final_code> stayed within acceptable think time.
2026-09-21 19:39:15,653 [BombeRLeWorld] INFO: STARTING STEP 292
2026-09-21 19:39:15,659 [BombeRLeWorld] INFO: Agent <final_code> chose action RIGHT in 0.00s.
2026-09-21 19:39:15,659 [BombeRLeWorld] INFO: Agent <final_code> stayed within acceptable think time.
2026-09-21 19:39:15,659 [BombeRLeWorld] INFO: Agent <rule_based_agent_1> chose action DOWN in 0.00s.
2026-09-21 19:39:15,659 [BombeRLeWorld] INFO: Agent <rule_based_agent_1> stayed within acceptable think time.
2026-09-21 19:39:15,659 [BombeRLeWorld] INFO: Agent <rule_based_agent_0> chose action RIGHT in 0.00s.
2026-09-21 19:39:15,659 [BombeRLeWorld] INFO: Agent <rule_based_agent_0> stayed within acceptable think time.
2026-09-21 19:39:15,753 [BombeRLeWorld] INFO: STARTING STEP 293
2026-09-21 19:39:15,761 [BombeRLeWorld] INFO: Agent <rule_based_agent_1> chose action UP in 0.00s.
2026-09-21 19:39:15,761 [BombeRLeWorld] INFO: Agent <rule_based_agent_1> stayed within acceptable think time.
2026-09-21 19:39:15,761 [BombeRLeWorld] INFO: Agent <rule_based_agent_0> chose action LEFT in 0.00s.
2026-09-21 19:39:15,761 [BombeRLeWorld] INFO: Agent <rule_based_agent_0> stayed within acceptable think time.
2026-09-21 19:39:15,761 [BombeRLeWorld] INFO: Agent <final_code> chose action BOMB in 0.00s.
2026-09-21 19:39:15,761 [BombeRLeWorld] INFO: Agent <final_code> stayed within acceptable think time.
2026-09-21 19:39:15,761 [BombeRLeWorld] INFO: Agent <final_code> drops bomb at (np.int64(9), np.int64(3))
2026-09-21 19:39:15,854 [BombeRLeWorld] INFO: STARTING STEP 294
2026-09-21 19:39:15,860 [BombeRLeWorld] INFO: Agent <final_code> chose action UP in 0.00s.
2026-09-21 19:39:15,860 [BombeRLeWorld] INFO: Agent <final_code> stayed within acceptable think time.
2026-09-21 19:39:15,860 [BombeRLeWorld] INFO: Agent <rule_based_agent_0> chose action RIGHT in 0.00s.
2026-09-21 19:39:15,860 [BombeRLeWorld] INFO: Agent <rule_based_agent_0> stayed within acceptable think time.
2026-09-21 19:39:15,860 [BombeRLeWorld] INFO: Agent <rule_based_agent_1> chose action UP in 0.00s.
2026-09-21 19:39:15,860 [BombeRLeWorld] INFO: Agent <rule_based_agent_1> stayed within acceptable think time.
2026-09-21 19:39:15,953 [BombeRLeWorld] INFO: STARTING STEP 295
2026-09-21 19:39:15,959 [BombeRLeWorld] INFO: Agent <rule_based_agent_0> chose action LEFT in 0.00s.
2026-09-21 19:39:15,959 [BombeRLeWorld] INFO: Agent <rule_based_agent_0> stayed within acceptable think time.
2026-09-21 19:39:15,959 [BombeRLeWorld] INFO: Agent <final_code> chose action UP in 0.00s.
2026-09-21 19:39:15,959 [BombeRLeWorld] INFO: Agent <final_code> stayed within acceptable think time.
2026-09-21 19:39:15,959 [BombeRLeWorld] INFO: Agent <rule_based_agent_1> chose action DOWN in 0.00s.
2026-09-21 19:39:15,959 [BombeRLeWorld] INFO: Agent <rule_based_agent_1> stayed within acceptable think time.
2026-09-21 19:39:16,054 [BombeRLeWorld] INFO: STARTING STEP 296
2026-09-21 19:39:16,061 [BombeRLeWorld] INFO: Agent <final_code> chose action LEFT in 0.00s.
2026-09-21 19:39:16,061 [BombeRLeWorld] INFO: Agent <final_code> stayed within acceptable think time.
2026-09-21 19:39:16,061 [BombeRLeWorld] INFO: Agent <rule_based_agent_0> chose action RIGHT in 0.00s.
2026-09-21 19:39:16,061 [BombeRLeWorld] INFO: Agent <rule_based_agent_0> stayed within acceptable think time.
2026-09-21 19:39:16,061 [BombeRLeWorld] INFO: Agent <rule_based_agent_1> chose action LEFT in 0.00s.
2026-09-21 19:39:16,061 [BombeRLeWorld] INFO: Agent <rule_based_agent_1> stayed within acceptable think time.
2026-09-21 19:39:16,154 [BombeRLeWorld] INFO: STARTING STEP 297
2026-09-21 19:39:16,159 [BombeRLeWorld] INFO: Agent <final_code> chose action LEFT in 0.00s.
2026-09-21 19:39:16,159 [BombeRLeWorld] INFO: Agent <final_code> stayed within acceptable think time.
2026-09-21 19:39:16,159 [BombeRLeWorld] INFO: Agent <rule_based_agent_0> chose action LEFT in 0.00s.
2026-09-21 19:39:16,159 [BombeRLeWorld] INFO: Agent <rule_based_agent_0> stayed within acceptable think time.
2026-09-21 19:39:16,159 [BombeRLeWorld] INFO: Agent <rule_based_agent_1> chose action RIGHT in 0.00s.
2026-09-21 19:39:16,159 [BombeRLeWorld] INFO: Agent <rule_based_agent_1> stayed within acceptable think time.
2026-09-21 19:39:16,159 [BombeRLeWorld] INFO: Agent <final_code>'s bomb at (np.int64(9), np.int64(3)) explodes
2026-09-21 19:39:16,254 [BombeRLeWorld] INFO: STARTING STEP 298
2026-09-21 19:39:16,261 [BombeRLeWorld] INFO: Agent <rule_based_agent_1> chose action DOWN in 0.00s.
2026-09-21 19:39:16,261 [BombeRLeWorld] INFO: Agent <rule_based_agent_1> stayed within acceptable think time.
2026-09-21 19:39:16,261 [BombeRLeWorld] INFO: Agent <rule_based_agent_0> chose action RIGHT in 0.00s.
2026-09-21 19:39:16,261 [BombeRLeWorld] INFO: Agent <rule_based_agent_0> stayed within acceptable think time.
2026-09-21 19:39:16,261 [BombeRLeWorld] INFO: Agent <final_code> chose action LEFT in 0.00s.
2026-09-21 19:39:16,261 [BombeRLeWorld] INFO: Agent <final_code> stayed within acceptable think time.
2026-09-21 19:39:16,354 [BombeRLeWorld] INFO: STARTING STEP 299
2026-09-21 19:39:16,360 [BombeRLeWorld] INFO: Agent <rule_based_agent_1> chose action UP in 0.00s.
2026-09-21 19:39:16,360 [BombeRLeWorld] INFO: Agent <rule_based_agent_1> stayed within acceptable think time.
2026-09-21 19:39:16,360 [BombeRLeWorld] INFO: Agent <rule_based_agent_0> chose action LEFT in 0.00s.
2026-09-21 19:39:16,360 [BombeRLeWorld] INFO: Agent <rule_based_agent_0> stayed within acceptable think time.
2026-09-21 19:39:16,360 [BombeRLeWorld] INFO: Agent <final_code> chose action LEFT in 0.00s.
2026-09-21 19:39:16,360 [BombeRLeWorld] INFO: Agent <final_code> stayed within acceptable think time.
2026-09-21 19:39:16,454 [BombeRLeWorld] INFO: STARTING STEP 300
2026-09-21 19:39:16,461 [BombeRLeWorld] INFO: Agent <final_code> chose action BOMB in 0.00s.
2026-09-21 19:39:16,461 [BombeRLeWorld] INFO: Agent <final_code> stayed within acceptable think time.
2026-09-21 19:39:16,461 [BombeRLeWorld] INFO: Agent <final_code> drops bomb at (np.int64(5), np.int64(1))
2026-09-21 19:39:16,461 [BombeRLeWorld] INFO: Agent <rule_based_agent_1> chose action UP in 0.00s.
2026-09-21 19:39:16,461 [BombeRLeWorld] INFO: Agent <rule_based_agent_1> stayed within acceptable think time.
2026-09-21 19:39:16,461 [BombeRLeWorld] INFO: Agent <rule_based_agent_0> chose action RIGHT in 0.00s.
2026-09-21 19:39:16,461 [BombeRLeWorld] INFO: Agent <rule_based_agent_0> stayed within acceptable think time.
2026-09-21 19:39:16,554 [BombeRLeWorld] INFO: STARTING STEP 301
2026-09-21 19:39:16,560 [BombeRLeWorld] INFO: Agent <rule_based_agent_1> chose action DOWN in 0.00s.
2026-09-21 19:39:16,560 [BombeRLeWorld] INFO: Agent <rule_based_agent_1> stayed within acceptable think time.
2026-09-21 19:39:16,560 [BombeRLeWorld] INFO: Agent <rule_based_agent_0> chose action LEFT in 0.00s.
2026-09-21 19:39:16,560 [BombeRLeWorld] INFO: Agent <rule_based_agent_0> stayed within acceptable think time.
2026-09-21 19:39:16,560 [BombeRLeWorld] INFO: Agent <final_code> chose action LEFT in 0.00s.
2026-09-21 19:39:16,560 [BombeRLeWorld] INFO: Agent <final_code> stayed within acceptable think time.
2026-09-21 19:39:16,654 [BombeRLeWorld] INFO: STARTING STEP 302
2026-09-21 19:39:16,659 [BombeRLeWorld] INFO: Agent <rule_based_agent_1> chose action DOWN in 0.00s.
2026-09-21 19:39:16,659 [BombeRLeWorld] INFO: Agent <rule_based_agent_1> stayed within acceptable think time.
2026-09-21 19:39:16,659 [BombeRLeWorld] INFO: Agent <final_code> chose action LEFT in 0.00s.
2026-09-21 19:39:16,659 [BombeRLeWorld] INFO: Agent <final_code> stayed within acceptable think time.
2026-09-21 19:39:16,659 [BombeRLeWorld] INFO: Agent <rule_based_agent_0> chose action RIGHT in 0.00s.
2026-09-21 19:39:16,659 [BombeRLeWorld] INFO: Agent <rule_based_agent_0> stayed within acceptable think time.
2026-09-21 19:39:16,754 [BombeRLeWorld] INFO: STARTING STEP 303
2026-09-21 19:39:16,760 [BombeRLeWorld] INFO: Agent <rule_based_agent_0> chose action LEFT in 0.00s.
2026-09-21 19:39:16,760 [BombeRLeWorld] INFO: Agent <rule_based_agent_0> stayed within acceptable think time.
2026-09-21 19:39:16,760 [BombeRLeWorld] INFO: Agent <rule_based_agent_1> chose action UP in 0.00s.
2026-09-21 19:39:16,760 [BombeRLeWorld] INFO: Agent <rule_based_agent_1> stayed within acceptable think time.
2026-09-21 19:39:16,760 [BombeRLeWorld] INFO: Agent <final_code> chose action DOWN in 0.00s.
2026-09-21 19:39:16,760 [BombeRLeWorld] INFO: Agent <final_code> stayed within acceptable think time.
2026-09-21 19:39:16,854 [BombeRLeWorld] INFO: STARTING STEP 304
2026-09-21 19:39:16,859 [BombeRLeWorld] INFO: Agent <final_code> chose action DOWN in 0.00s.
2026-09-21 19:39:16,859 [BombeRLeWorld] INFO: Agent <final_code> stayed within acceptable think time.
2026-09-21 19:39:16,859 [BombeRLeWorld] INFO: Agent <rule_based_agent_0> chose action RIGHT in 0.00s.
2026-09-21 19:39:16,859 [BombeRLeWorld] INFO: Agent <rule_based_agent_0> stayed within acceptable think time.
2026-09-21 19:39:16,859 [BombeRLeWorld] INFO: Agent <rule_based_agent_1> chose action UP in 0.00s.
2026-09-21 19:39:16,859 [BombeRLeWorld] INFO: Agent <rule_based_agent_1> stayed within acceptable think time.
2026-09-21 19:39:16,859 [BombeRLeWorld] INFO: Agent <final_code>'s bomb at (np.int64(5), np.int64(1)) explodes
2026-09-21 19:39:16,954 [BombeRLeWorld] INFO: STARTING STEP 305
2026-09-21 19:39:16,962 [BombeRLeWorld] INFO: Agent <rule_based_agent_1> chose action DOWN in 0.00s.
2026-09-21 19:39:16,962 [BombeRLeWorld] INFO: Agent <rule_based_agent_1> stayed within acceptable think time.
2026-09-21 19:39:16,962 [BombeRLeWorld] INFO: Agent <rule_based_agent_0> chose action LEFT in 0.00s.
2026-09-21 19:39:16,962 [BombeRLeWorld] INFO: Agent <rule_based_agent_0> stayed within acceptable think time.
2026-09-21 19:39:16,962 [BombeRLeWorld] INFO: Agent <final_code> chose action LEFT in 0.01s.
2026-09-21 19:39:16,962 [BombeRLeWorld] INFO: Agent <final_code> stayed within acceptable think time.
2026-09-21 19:39:17,054 [BombeRLeWorld] INFO: STARTING STEP 306
2026-09-21 19:39:17,061 [BombeRLeWorld] INFO: Agent <final_code> chose action LEFT in 0.00s.
2026-09-21 19:39:17,061 [BombeRLeWorld] INFO: Agent <final_code> stayed within acceptable think time.
2026-09-21 19:39:17,061 [BombeRLeWorld] INFO: Agent <rule_based_agent_1> chose action UP in 0.00s.
2026-09-21 19:39:17,061 [BombeRLeWorld] INFO: Agent <rule_based_agent_1> stayed within acceptable think time.
2026-09-21 19:39:17,061 [BombeRLeWorld] INFO: Agent <rule_based_agent_0> chose action RIGHT in 0.00s.
2026-09-21 19:39:17,061 [BombeRLeWorld] INFO: Agent <rule_based_agent_0> stayed within acceptable think time.
2026-09-21 19:39:17,154 [BombeRLeWorld] INFO: STARTING STEP 307
2026-09-21 19:39:17,162 [BombeRLeWorld] INFO: Agent <rule_based_agent_0> chose action LEFT in 0.00s.
2026-09-21 19:39:17,162 [BombeRLeWorld] INFO: Agent <rule_based_agent_0> stayed within acceptable think time.
2026-09-21 19:39:17,162 [BombeRLeWorld] INFO: Agent <rule_based_agent_1> chose action DOWN in 0.00s.
2026-09-21 19:39:17,162 [BombeRLeWorld] INFO: Agent <rule_based_agent_1> stayed within acceptable think time.
2026-09-21 19:39:17,162 [BombeRLeWorld] INFO: Agent <final_code> chose action BOMB in 0.00s.
2026-09-21 19:39:17,162 [BombeRLeWorld] INFO: Agent <final_code> stayed within acceptable think time.
2026-09-21 19:39:17,162 [BombeRLeWorld] INFO: Agent <final_code> drops bomb at (np.int64(1), np.int64(3))
2026-09-21 19:39:17,255 [BombeRLeWorld] INFO: STARTING STEP 308
2026-09-21 19:39:17,261 [BombeRLeWorld] INFO: Agent <rule_based_agent_0> chose action RIGHT in 0.00s.
2026-09-21 19:39:17,261 [BombeRLeWorld] INFO: Agent <rule_based_agent_0> stayed within acceptable think time.
2026-09-21 19:39:17,261 [BombeRLeWorld] INFO: Agent <rule_based_agent_1> chose action DOWN in 0.00s.
2026-09-21 19:39:17,261 [BombeRLeWorld] INFO: Agent <rule_based_agent_1> stayed within acceptable think time.
2026-09-21 19:39:17,261 [BombeRLeWorld] INFO: Agent <final_code> chose action UP in 0.00s.
2026-09-21 19:39:17,261 [BombeRLeWorld] INFO: Agent <final_code> stayed within acceptable think time.
2026-09-21 19:39:17,354 [BombeRLeWorld] INFO: STARTING STEP 309
2026-09-21 19:39:17,360 [BombeRLeWorld] INFO: Agent <final_code> chose action UP in 0.00s.
2026-09-21 19:39:17,360 [BombeRLeWorld] INFO: Agent <final_code> stayed within acceptable think time.
2026-09-21 19:39:17,360 [BombeRLeWorld] INFO: Agent <rule_based_agent_0> chose action LEFT in 0.00s.
2026-09-21 19:39:17,360 [BombeRLeWorld] INFO: Agent <rule_based_agent_0> stayed within acceptable think time.
2026-09-21 19:39:17,360 [BombeRLeWorld] INFO: Agent <rule_based_agent_1> chose action UP in 0.00s.
2026-09-21 19:39:17,360 [BombeRLeWorld] INFO: Agent <rule_based_agent_1> stayed within acceptable think time.
2026-09-21 19:39:17,455 [BombeRLeWorld] INFO: STARTING STEP 310
2026-09-21 19:39:17,461 [BombeRLeWorld] INFO: Agent <final_code> chose action RIGHT in 0.00s.
2026-09-21 19:39:17,461 [BombeRLeWorld] INFO: Agent <final_code> stayed within acceptable think time.
2026-09-21 19:39:17,461 [BombeRLeWorld] INFO: Agent <rule_based_agent_1> chose action LEFT in 0.00s.
2026-09-21 19:39:17,461 [BombeRLeWorld] INFO: Agent <rule_based_agent_1> stayed within acceptable think time.
2026-09-21 19:39:17,461 [BombeRLeWorld] INFO: Agent <rule_based_agent_0> chose action RIGHT in 0.00s.
2026-09-21 19:39:17,461 [BombeRLeWorld] INFO: Agent <rule_based_agent_0> stayed within acceptable think time.
2026-09-21 19:39:17,554 [BombeRLeWorld] INFO: STARTING STEP 311
2026-09-21 19:39:17,560 [BombeRLeWorld] INFO: Agent <final_code> chose action RIGHT in 0.00s.
2026-09-21 19:39:17,560 [BombeRLeWorld] INFO: Agent <final_code> stayed within acceptable think time.
2026-09-21 19:39:17,560 [BombeRLeWorld] INFO: Agent <rule_based_agent_0> chose action LEFT in 0.00s.
2026-09-21 19:39:17,560 [BombeRLeWorld] INFO: Agent <rule_based_agent_0> stayed within acceptable think time.
2026-09-21 19:39:17,560 [BombeRLeWorld] INFO: Agent <rule_based_agent_1> chose action RIGHT in 0.00s.
2026-09-21 19:39:17,560 [BombeRLeWorld] INFO: Agent <rule_based_agent_1> stayed within acceptable think time.
2026-09-21 19:39:17,560 [BombeRLeWorld] INFO: Agent <final_code>'s bomb at (np.int64(1), np.int64(3)) explodes
2026-09-21 19:39:17,655 [BombeRLeWorld] INFO: STARTING STEP 312
2026-09-21 19:39:17,662 [BombeRLeWorld] INFO: Agent <rule_based_agent_1> chose action LEFT in 0.00s.
2026-09-21 19:39:17,662 [BombeRLeWorld] INFO: Agent <rule_based_agent_1> stayed within acceptable think time.
2026-09-21 19:39:17,662 [BombeRLeWorld] INFO: Agent <final_code> chose action RIGHT in 0.00s.
2026-09-21 19:39:17,662 [BombeRLeWorld] INFO: Agent <final_code> stayed within acceptable think time.
2026-09-21 19:39:17,662 [BombeRLeWorld] INFO: Agent <rule_based_agent_0> chose action RIGHT in 0.00s.
2026-09-21 19:39:17,662 [BombeRLeWorld] INFO: Agent <rule_based_agent_0> stayed within acceptable think time.
2026-09-21 19:39:17,755 [BombeRLeWorld] INFO: STARTING STEP 313
2026-09-21 19:39:17,761 [BombeRLeWorld] INFO: Agent <rule_based_agent_1> chose action RIGHT in 0.00s.
2026-09-21 19:39:17,761 [BombeRLeWorld] INFO: Agent <rule_based_agent_1> stayed within acceptable think time.
2026-09-21 19:39:17,761 [BombeRLeWorld] INFO: Agent <final_code> chose action RIGHT in 0.00s.
2026-09-21 19:39:17,761 [BombeRLeWorld] INFO: Agent <final_code> stayed within acceptable think time.
2026-09-21 19:39:17,761 [BombeRLeWorld] INFO: Agent <rule_based_agent_0> chose action LEFT in 0.00s.
2026-09-21 19:39:17,761 [BombeRLeWorld] INFO: Agent <rule_based_agent_0> stayed within acceptable think time.
2026-09-21 19:39:17,855 [BombeRLeWorld] INFO: STARTING STEP 314
2026-09-21 19:39:17,862 [BombeRLeWorld] INFO: Agent <rule_based_agent_1> chose action UP in 0.00s.
2026-09-21 19:39:17,862 [BombeRLeWorld] INFO: Agent <rule_based_agent_1> stayed within acceptable think time.
2026-09-21 19:39:17,862 [BombeRLeWorld] INFO: Agent <final_code> chose action BOMB in 0.00s.
2026-09-21 19:39:17,862 [BombeRLeWorld] INFO: Agent <final_code> stayed within acceptable think time.
2026-09-21 19:39:17,862 [BombeRLeWorld] INFO: Agent <final_code> drops bomb at (np.int64(5), np.int64(1))
2026-09-21 19:39:17,862 [BombeRLeWorld] INFO: Agent <rule_based_agent_0> chose action RIGHT in 0.00s.
2026-09-21 19:39:17,862 [BombeRLeWorld] INFO: Agent <rule_based_agent_0> stayed within acceptable think time.
2026-09-21 19:39:17,955 [BombeRLeWorld] INFO: STARTING STEP 315
2026-09-21 19:39:17,970 [BombeRLeWorld] INFO: Agent <rule_based_agent_1> chose action DOWN in 0.00s.
2026-09-21 19:39:17,970 [BombeRLeWorld] INFO: Agent <rule_based_agent_1> stayed within acceptable think time.
2026-09-21 19:39:17,970 [BombeRLeWorld] INFO: Agent <rule_based_agent_0> chose action LEFT in 0.01s.
2026-09-21 19:39:17,970 [BombeRLeWorld] INFO: Agent <rule_based_agent_0> stayed within acceptable think time.
2026-09-21 19:39:17,970 [BombeRLeWorld] INFO: Agent <final_code> chose action DOWN in 0.00s.
2026-09-21 19:39:17,970 [BombeRLeWorld] INFO: Agent <final_code> stayed within acceptable think time.
2026-09-21 19:39:18,055 [BombeRLeWorld] INFO: STARTING STEP 316
2026-09-21 19:39:18,061 [BombeRLeWorld] INFO: Agent <rule_based_agent_1> chose action UP in 0.00s.
2026-09-21 19:39:18,061 [BombeRLeWorld] INFO: Agent <rule_based_agent_1> stayed within acceptable think time.
2026-09-21 19:39:18,061 [BombeRLeWorld] INFO: Agent <final_code> chose action DOWN in 0.00s.
2026-09-21 19:39:18,061 [BombeRLeWorld] INFO: Agent <final_code> stayed within acceptable think time.
2026-09-21 19:39:18,061 [BombeRLeWorld] INFO: Agent <rule_based_agent_0> chose action RIGHT in 0.00s.
2026-09-21 19:39:18,061 [BombeRLeWorld] INFO: Agent <rule_based_agent_0> stayed within acceptable think time.
2026-09-21 19:39:18,155 [BombeRLeWorld] INFO: STARTING STEP 317
2026-09-21 19:39:18,162 [BombeRLeWorld] INFO: Agent <final_code> chose action RIGHT in 0.00s.
2026-09-21 19:39:18,162 [BombeRLeWorld] INFO: Agent <final_code> stayed within acceptable think time.
2026-09-21 19:39:18,162 [BombeRLeWorld] INFO: Agent <rule_based_agent_0> chose action LEFT in 0.00s.
2026-09-21 19:39:18,162 [BombeRLeWorld] INFO: Agent <rule_based_agent_0> stayed within acceptable think time.
2026-09-21 19:39:18,162 [BombeRLeWorld] INFO: Agent <rule_based_agent_1> chose action DOWN in 0.00s.
2026-09-21 19:39:18,162 [BombeRLeWorld] INFO: Agent <rule_based_agent_1> stayed within acceptable think time.
2026-09-21 19:39:18,255 [BombeRLeWorld] INFO: STARTING STEP 318
2026-09-21 19:39:18,260 [BombeRLeWorld] INFO: Agent <final_code> chose action RIGHT in 0.00s.
2026-09-21 19:39:18,260 [BombeRLeWorld] INFO: Agent <final_code> stayed within acceptable think time.
2026-09-21 19:39:18,260 [BombeRLeWorld] INFO: Agent <rule_based_agent_1> chose action LEFT in 0.00s.
2026-09-21 19:39:18,261 [BombeRLeWorld] INFO: Agent <rule_based_agent_1> stayed within acceptable think time.
2026-09-21 19:39:18,261 [BombeRLeWorld] INFO: Agent <rule_based_agent_0> chose action RIGHT in 0.00s.
2026-09-21 19:39:18,261 [BombeRLeWorld] INFO: Agent <rule_based_agent_0> stayed within acceptable think time.
2026-09-21 19:39:18,261 [BombeRLeWorld] INFO: Agent <final_code>'s bomb at (np.int64(5), np.int64(1)) explodes
2026-09-21 19:39:18,355 [BombeRLeWorld] INFO: STARTING STEP 319
2026-09-21 19:39:18,363 [BombeRLeWorld] INFO: Agent <final_code> chose action RIGHT in 0.01s.
2026-09-21 19:39:18,363 [BombeRLeWorld] INFO: Agent <final_code> stayed within acceptable think time.
2026-09-21 19:39:18,363 [BombeRLeWorld] INFO: Agent <rule_based_agent_0> chose action LEFT in 0.00s.
2026-09-21 19:39:18,363 [BombeRLeWorld] INFO: Agent <rule_based_agent_0> stayed within acceptable think time.
2026-09-21 19:39:18,363 [BombeRLeWorld] INFO: Agent <rule_based_agent_1> chose action RIGHT in 0.00s.
2026-09-21 19:39:18,363 [BombeRLeWorld] INFO: Agent <rule_based_agent_1> stayed within acceptable think time.
2026-09-21 19:39:18,455 [BombeRLeWorld] INFO: STARTING STEP 320
2026-09-21 19:39:18,461 [BombeRLeWorld] INFO: Agent <final_code> chose action RIGHT in 0.00s.
2026-09-21 19:39:18,461 [BombeRLeWorld] INFO: Agent <final_code> stayed within acceptable think time.
2026-09-21 19:39:18,461 [BombeRLeWorld] INFO: Agent <rule_based_agent_0> chose action RIGHT in 0.00s.
2026-09-21 19:39:18,461 [BombeRLeWorld] INFO: Agent <rule_based_agent_0> stayed within acceptable think time.
2026-09-21 19:39:18,461 [BombeRLeWorld] INFO: Agent <rule_based_agent_1> chose action DOWN in 0.00s.
2026-09-21 19:39:18,461 [BombeRLeWorld] INFO: Agent <rule_based_agent_1> stayed within acceptable think time.
2026-09-21 19:39:18,555 [BombeRLeWorld] INFO: STARTING STEP 321
2026-09-21 19:39:18,563 [BombeRLeWorld] INFO: Agent <final_code> chose action BOMB in 0.00s.
2026-09-21 19:39:18,563 [BombeRLeWorld] INFO: Agent <final_code> stayed within acceptable think time.
2026-09-21 19:39:18,563 [BombeRLeWorld] INFO: Agent <final_code> drops bomb at (np.int64(9), np.int64(3))
2026-09-21 19:39:18,563 [BombeRLeWorld] INFO: Agent <rule_based_agent_0> chose action LEFT in 0.00s.
2026-09-21 19:39:18,563 [BombeRLeWorld] INFO: Agent <rule_based_agent_0> stayed within acceptable think time.
2026-09-21 19:39:18,563 [BombeRLeWorld] INFO: Agent <rule_based_agent_1> chose action UP in 0.00s.
2026-09-21 19:39:18,563 [BombeRLeWorld] INFO: Agent <rule_based_agent_1> stayed within acceptable think time.
2026-09-21 19:39:18,655 [BombeRLeWorld] INFO: STARTING STEP 322
2026-09-21 19:39:18,662 [BombeRLeWorld] INFO: Agent <rule_based_agent_0> chose action RIGHT in 0.00s.
2026-09-21 19:39:18,662 [BombeRLeWorld] INFO: Agent <rule_based_agent_0> stayed within acceptable think time.
2026-09-21 19:39:18,662 [BombeRLeWorld] INFO: Agent <rule_based_agent_1> chose action LEFT in 0.00s.
2026-09-21 19:39:18,662 [BombeRLeWorld] INFO: Agent <rule_based_agent_1> stayed within acceptable think time.
2026-09-21 19:39:18,662 [BombeRLeWorld] INFO: Agent <final_code> chose action UP in 0.00s.
2026-09-21 19:39:18,662 [BombeRLeWorld] INFO: Agent <final_code> stayed within acceptable think time.
2026-09-21 19:39:18,755 [BombeRLeWorld] INFO: STARTING STEP 323
2026-09-21 19:39:18,761 [BombeRLeWorld] INFO: Agent <final_code> chose action UP in 0.00s.
2026-09-21 19:39:18,761 [BombeRLeWorld] INFO: Agent <final_code> stayed within acceptable think time.
2026-09-21 19:39:18,761 [BombeRLeWorld] INFO: Agent <rule_based_agent_0> chose action LEFT in 0.00s.
2026-09-21 19:39:18,761 [BombeRLeWorld] INFO: Agent <rule_based_agent_0> stayed within acceptable think time.
2026-09-21 19:39:18,761 [BombeRLeWorld] INFO: Agent <rule_based_agent_1> chose action RIGHT in 0.00s.
2026-09-21 19:39:18,761 [BombeRLeWorld] INFO: Agent <rule_based_agent_1> stayed within acceptable think time.
2026-09-21 19:39:18,856 [BombeRLeWorld] INFO: STARTING STEP 324
2026-09-21 19:39:18,862 [BombeRLeWorld] INFO: Agent <rule_based_agent_1> chose action LEFT in 0.00s.
2026-09-21 19:39:18,862 [BombeRLeWorld] INFO: Agent <rule_based_agent_1> stayed within acceptable think time.
2026-09-21 19:39:18,862 [BombeRLeWorld] INFO: Agent <final_code> chose action LEFT in 0.00s.
2026-09-21 19:39:18,862 [BombeRLeWorld] INFO: Agent <final_code> stayed within acceptable think time.
2026-09-21 19:39:18,862 [BombeRLeWorld] INFO: Agent <rule_based_agent_0> chose action RIGHT in 0.00s.
2026-09-21 19:39:18,862 [BombeRLeWorld] INFO: Agent <rule_based_agent_0> stayed within acceptable think time.
2026-09-21 19:39:18,955 [BombeRLeWorld] INFO: STARTING STEP 325
2026-09-21 19:39:18,961 [BombeRLeWorld] INFO: Agent <final_code> chose action LEFT in 0.00s.
2026-09-21 19:39:18,961 [BombeRLeWorld] INFO: Agent <final_code> stayed within acceptable think time.
2026-09-21 19:39:18,961 [BombeRLeWorld] INFO: Agent <rule_based_agent_0> chose action LEFT in 0.00s.
2026-09-21 19:39:18,961 [BombeRLeWorld] INFO: Agent <rule_based_agent_0> stayed within acceptable think time.
2026-09-21 19:39:18,961 [BombeRLeWorld] INFO: Agent <rule_based_agent_1> chose action RIGHT in 0.00s.
2026-09-21 19:39:18,961 [BombeRLeWorld] INFO: Agent <rule_based_agent_1> stayed within acceptable think time.
2026-09-21 19:39:18,961 [BombeRLeWorld] INFO: Agent <final_code>'s bomb at (np.int64(9), np.int64(3)) explodes
2026-09-21 19:39:19,056 [BombeRLeWorld] INFO: STARTING STEP 326
2026-09-21 19:39:19,063 [BombeRLeWorld] INFO: Agent <rule_based_agent_0> chose action RIGHT in 0.00s.
2026-09-21 19:39:19,063 [BombeRLeWorld] INFO: Agent <rule_based_agent_0> stayed within acceptable think time.
2026-09-21 19:39:19,063 [BombeRLeWorld] INFO: Agent <rule_based_agent_1> chose action DOWN in 0.00s.
2026-09-21 19:39:19,063 [BombeRLeWorld] INFO: Agent <rule_based_agent_1> stayed within acceptable think time.
2026-09-21 19:39:19,063 [BombeRLeWorld] INFO: Agent <final_code> chose action LEFT in 0.00s.
2026-09-21 19:39:19,063 [BombeRLeWorld] INFO: Agent <final_code> stayed within acceptable think time.
2026-09-21 19:39:19,156 [BombeRLeWorld] INFO: STARTING STEP 327
2026-09-21 19:39:19,162 [BombeRLeWorld] INFO: Agent <rule_based_agent_0> chose action LEFT in 0.00s.
2026-09-21 19:39:19,162 [BombeRLeWorld] INFO: Agent <rule_based_agent_0> stayed within acceptable think time.
2026-09-21 19:39:19,162 [BombeRLeWorld] INFO: Agent <rule_based_agent_1> chose action UP in 0.00s.
2026-09-21 19:39:19,162 [BombeRLeWorld] INFO: Agent <rule_based_agent_1> stayed within acceptable think time.
2026-09-21 19:39:19,162 [BombeRLeWorld] INFO: Agent <final_code> chose action LEFT in 0.00s.
2026-09-21 19:39:19,162 [BombeRLeWorld] INFO: Agent <final_code> stayed within acceptable think time.
2026-09-21 19:39:19,256 [BombeRLeWorld] INFO: STARTING STEP 328
2026-09-21 19:39:19,263 [BombeRLeWorld] INFO: Agent <rule_based_agent_1> chose action DOWN in 0.00s.
2026-09-21 19:39:19,263 [BombeRLeWorld] INFO: Agent <rule_based_agent_1> stayed within acceptable think time.
2026-09-21 19:39:19,263 [BombeRLeWorld] INFO: Agent <final_code> chose action BOMB in 0.00s.
2026-09-21 19:39:19,263 [BombeRLeWorld] INFO: Agent <final_code> stayed within acceptable think time.
2026-09-21 19:39:19,263 [BombeRLeWorld] INFO: Agent <final_code> drops bomb at (np.int64(5), np.int64(1))
2026-09-21 19:39:19,263 [BombeRLeWorld] INFO: Agent <rule_based_agent_0> chose action RIGHT in 0.00s.
2026-09-21 19:39:19,263 [BombeRLeWorld] INFO: Agent <rule_based_agent_0> stayed within acceptable think time.
